customer_id,recency_days,purchase_frequency,avg_order_value,email_open_rate,session_frequency,support_tickets,customer_tier,vip_flag,ltv,churn_label
CUST_00000,103,30,107.49,0.76,66,7,Bronze,0,3224.7,0
CUST_00001,349,16,374.32,0.45,25,0,Silver,0,5989.12,1
CUST_00002,271,33,443.69,0.39,3,6,Gold,0,14641.77,0
CUST_00003,107,2,293.94,0.69,34,2,Silver,0,587.88,0
CUST_00004,72,14,130.96,0.27,71,1,Bronze,1,1833.44,0
CUST_00005,189,46,161.53,0.02,28,4,Bronze,0,7430.38,0
CUST_00006,21,1,444.02,0.21,9,3,Bronze,0,444.02,0
CUST_00007,103,26,156.15,0.18,11,8,Bronze,0,4059.9,0
CUST_00008,122,25,375.63,0.03,93,0,Bronze,0,9390.75,0
CUST_00009,215,16,495.18,0.32,80,2,Bronze,0,7922.88,0
CUST_00010,331,15,499.91,0.47,39,2,Silver,0,7498.65,1
CUST_00011,88,26,271.41,0.74,93,3,Silver,0,7056.66,0
CUST_00012,100,47,415.01,0.33,13,6,Bronze,0,19505.47,0
CUST_00013,360,44,495.22,0.19,99,4,Gold,0,21789.68,1
CUST_00014,152,16,193.59,0.23,11,9,Silver,0,3097.44,1
CUST_00015,131,14,133.68,0.89,35,5,Bronze,0,1871.52,0
CUST_00016,150,29,65.97,0.2,8,2,Silver,0,1913.13,0
CUST_00017,309,24,79.04,0.88,7,4,Bronze,1,1896.96,0
CUST_00018,258,47,428.24,0.45,69,1,Bronze,0,20127.28,0
CUST_00019,344,15,298.47,0.93,70,3,Gold,0,4477.05,0
CUST_00020,294,19,438.12,0.41,57,2,Gold,1,8324.28,0
CUST_00021,192,8,396.83,0.18,35,2,Silver,1,3174.64,0
CUST_00022,277,34,340.13,0.55,94,3,Bronze,0,11564.42,0
CUST_00023,161,2,308.56,0.59,11,7,Bronze,0,617.12,0
CUST_00024,314,27,33.69,0.64,38,7,Bronze,1,909.63,0
CUST_00025,22,10,437.41,0.41,91,0,Bronze,0,4374.1,0
CUST_00026,253,35,214.74,0.05,85,4,Bronze,0,7515.9,1
CUST_00027,236,23,284.3,0.63,78,1,Bronze,0,6538.9,0
CUST_00028,345,49,20.76,0.93,49,9,Bronze,0,1017.24,0
CUST_00029,49,8,468.68,0.96,35,5,Gold,0,3749.44,0
CUST_00030,59,28,452.34,0.6,29,2,Bronze,0,12665.52,0
CUST_00031,170,23,276.21,0.02,88,9,Bronze,0,6352.83,1
CUST_00032,188,4,292.88,0.11,41,9,Bronze,0,1171.52,1
CUST_00033,271,14,355.46,0.83,96,8,Silver,0,4976.44,0
CUST_00034,190,42,139.7,0.83,6,8,Bronze,1,5867.4,0
CUST_00035,175,29,118.74,0.95,10,7,Bronze,0,3443.46,0
CUST_00036,51,1,340.27,0.56,84,1,Bronze,0,340.27,0
CUST_00037,364,4,61.17,0.86,84,1,Bronze,0,244.68,1
CUST_00038,55,32,232.49,0.82,90,1,Bronze,0,7439.68,0
CUST_00039,244,33,251.45,0.59,85,4,Bronze,0,8297.85,0
CUST_00040,320,49,196.86,0.78,23,9,Bronze,0,9646.14,0
CUST_00041,131,26,100.78,0.13,46,8,Silver,0,2620.28,0
CUST_00042,307,17,184.1,0.64,12,6,Bronze,0,3129.7,1
CUST_00043,135,39,175.4,0.95,55,6,Bronze,0,6840.6,0
CUST_00044,21,23,254.64,0.16,13,2,Bronze,0,5856.72,0
CUST_00045,329,32,340.59,0.74,74,2,Bronze,1,10898.88,0
CUST_00046,167,15,484.44,0.32,7,9,Silver,0,7266.6,1
CUST_00047,274,13,80.64,0.82,12,2,Bronze,0,1048.32,0
CUST_00048,89,2,437.78,0.7,61,0,Bronze,0,875.56,0
CUST_00049,316,19,149.25,0.93,25,7,Bronze,0,2835.75,0
CUST_00050,14,24,299.77,0.71,2,1,Bronze,0,7194.48,0
CUST_00051,242,45,277.9,0.41,26,6,Silver,0,12505.5,0
CUST_00052,265,24,282.9,0.01,51,8,Silver,0,6789.6,1
CUST_00053,346,11,364.45,0.79,69,1,Bronze,0,4008.95,1
CUST_00054,53,22,197.03,0.41,62,0,Gold,0,4334.66,0
CUST_00055,340,15,166.36,0.67,72,4,Bronze,0,2495.4,1
CUST_00056,92,10,427.89,0.11,73,9,Bronze,0,4278.9,1
CUST_00057,264,41,117.85,0.89,39,4,Bronze,0,4831.85,0
CUST_00058,35,27,98.32,0.44,84,0,Bronze,0,2654.64,0
CUST_00059,206,9,17.65,0.92,11,8,Bronze,0,158.85,0
CUST_00060,81,28,113.18,0.71,64,2,Bronze,1,3169.04,0
CUST_00061,50,1,264.08,0.12,86,1,Silver,0,264.08,0
CUST_00062,360,17,273.87,0.58,80,6,Bronze,0,4655.79,1
CUST_00063,2,31,134.67,0.91,42,4,Bronze,0,4174.77,0
CUST_00064,54,44,45.41,0.8,10,3,Silver,0,1998.04,0
CUST_00065,106,10,374.87,0.42,89,3,Silver,0,3748.7,0
CUST_00066,260,37,381.41,0.96,19,8,Bronze,0,14112.17,0
CUST_00067,310,29,498.94,0.27,4,8,Bronze,0,14469.26,1
CUST_00068,191,18,451.01,0.38,83,0,Bronze,0,8118.18,0
CUST_00069,218,47,463.77,0.75,3,9,Bronze,0,21797.19,0
CUST_00070,44,38,401.12,0.23,81,6,Bronze,0,15242.56,0
CUST_00071,162,39,311.6,0.52,14,7,Bronze,0,12152.4,0
CUST_00072,202,49,72.99,0.73,10,4,Bronze,0,3576.51,0
CUST_00073,270,6,314.93,0.64,6,6,Silver,0,1889.58,1
CUST_00074,351,40,37.42,0.16,31,7,Bronze,1,1496.8,0
CUST_00075,304,12,443.8,0.63,31,7,Bronze,0,5325.6,1
CUST_00076,271,14,246.09,0.57,48,8,Bronze,0,3445.26,1
CUST_00077,215,44,351.76,0.56,9,4,Bronze,0,15477.44,0
CUST_00078,252,10,35.6,0.83,76,1,Bronze,0,356.0,0
CUST_00079,190,20,271.78,0.18,26,5,Bronze,0,5435.6,1
CUST_00080,296,15,157.62,0.75,2,0,Bronze,0,2364.3,0
CUST_00081,213,31,149.63,0.76,4,9,Gold,0,4638.53,0
CUST_00082,208,7,200.93,0.72,96,5,Silver,0,1406.51,0
CUST_00083,237,41,10.31,0.51,92,2,Bronze,0,422.71,0
CUST_00084,338,10,238.66,0.4,6,2,Bronze,0,2386.6,1
CUST_00085,53,10,248.42,0.39,30,6,Bronze,0,2484.2,0
CUST_00086,280,48,432.93,0.73,55,3,Bronze,0,20780.64,0
CUST_00087,217,39,229.78,0.5,28,4,Bronze,1,8961.42,0
CUST_00088,252,28,188.14,0.34,61,5,Bronze,0,5267.92,0
CUST_00089,188,30,497.43,0.63,77,9,Bronze,0,14922.9,0
CUST_00090,41,37,289.89,0.84,55,5,Silver,0,10725.93,0
CUST_00091,157,3,241.58,0.06,36,1,Silver,0,724.74,1
CUST_00092,15,43,253.01,0.97,74,2,Silver,0,10879.43,0
CUST_00093,301,15,406.5,0.1,74,0,Bronze,0,6097.5,1
CUST_00094,65,21,176.93,0.51,5,2,Bronze,0,3715.53,0
CUST_00095,345,37,200.69,0.56,29,7,Gold,0,7425.53,1
CUST_00096,327,12,380.38,0.14,12,3,Silver,0,4564.56,1
CUST_00097,9,4,45.76,0.92,22,1,Bronze,0,183.04,0
CUST_00098,344,47,433.93,0.47,59,3,Silver,0,20394.71,0
CUST_00099,129,9,220.8,0.14,39,6,Silver,0,1987.2,1
CUST_00100,136,39,294.83,0.71,2,8,Bronze,0,11498.37,0
CUST_00101,63,42,381.16,0.66,14,4,Bronze,0,16008.72,0
CUST_00102,139,28,140.37,0.96,10,4,Bronze,1,3930.36,0
CUST_00103,81,23,446.25,0.44,48,4,Silver,0,10263.75,0
CUST_00104,163,45,489.82,0.27,64,9,Bronze,0,22041.9,0
CUST_00105,289,40,252.19,0.06,3,8,Bronze,0,10087.6,1
CUST_00106,261,44,469.1,0.73,72,6,Gold,1,20640.4,0
CUST_00107,231,22,10.55,0.62,60,2,Silver,0,232.1,0
CUST_00108,41,24,448.18,0.97,81,1,Bronze,0,10756.32,0
CUST_00109,28,26,162.41,0.71,68,8,Bronze,0,4222.66,0
CUST_00110,135,30,162.63,0.93,21,2,Bronze,0,4878.9,0
CUST_00111,201,33,121.76,0.99,94,7,Silver,0,4018.08,0
CUST_00112,328,16,165.34,0.43,19,3,Silver,0,2645.44,1
CUST_00113,268,22,114.61,0.15,79,4,Silver,0,2521.42,1
CUST_00114,33,49,453.88,0.2,20,7,Bronze,0,22240.12,0
CUST_00115,48,43,450.52,0.32,58,4,Bronze,0,19372.36,0
CUST_00116,62,18,60.08,0.51,42,9,Silver,0,1081.44,0
CUST_00117,216,7,80.0,0.12,94,1,Silver,0,560.0,1
CUST_00118,293,26,432.39,0.3,10,5,Bronze,0,11242.14,1
CUST_00119,99,8,205.48,0.31,23,6,Silver,0,1643.84,0
CUST_00120,172,6,92.94,0.0,88,0,Bronze,0,557.64,1
CUST_00121,360,30,260.23,0.35,12,9,Bronze,1,7806.9,0
CUST_00122,214,39,214.17,0.12,9,8,Bronze,1,8352.63,0
CUST_00123,35,23,117.39,0.43,79,5,Gold,0,2699.97,0
CUST_00124,227,32,363.17,0.2,29,3,Silver,0,11621.44,0
CUST_00125,101,22,319.33,0.82,82,1,Bronze,1,7025.26,0
CUST_00126,131,42,58.83,0.08,20,8,Bronze,0,2470.86,0
CUST_00127,257,43,463.44,0.87,65,5,Bronze,0,19927.92,0
CUST_00128,5,45,283.65,0.58,3,8,Bronze,0,12764.25,0
CUST_00129,218,9,132.6,0.46,8,1,Bronze,0,1193.4,0
CUST_00130,255,31,111.08,0.55,39,4,Gold,1,3443.48,0
CUST_00131,359,7,76.61,0.38,64,5,Gold,0,536.27,1
CUST_00132,283,9,218.07,0.13,31,4,Bronze,0,1962.63,1
CUST_00133,207,13,76.42,0.77,72,5,Bronze,0,993.46,0
CUST_00134,15,3,213.75,0.93,79,2,Silver,0,641.25,0
CUST_00135,346,35,82.9,0.95,22,8,Bronze,0,2901.5,0
CUST_00136,42,33,331.84,0.67,96,1,Silver,0,10950.72,0
CUST_00137,179,21,394.77,0.41,5,1,Silver,0,8290.17,0
CUST_00138,63,31,279.27,0.48,58,4,Bronze,1,8657.37,0
CUST_00139,352,34,343.23,0.66,73,9,Gold,0,11669.82,1
CUST_00140,231,32,469.81,0.82,79,2,Bronze,0,15033.92,0
CUST_00141,241,35,322.8,0.37,63,1,Bronze,0,11298.0,0
CUST_00142,52,15,188.44,0.92,61,5,Bronze,0,2826.6,0
CUST_00143,96,32,230.25,0.32,52,5,Gold,0,7368.0,0
CUST_00144,222,6,431.66,0.53,33,6,Bronze,0,2589.96,1
CUST_00145,231,45,74.05,0.96,22,3,Gold,1,3332.25,0
CUST_00146,237,21,169.61,0.94,51,7,Gold,0,3561.81,0
CUST_00147,143,33,292.87,0.7,11,2,Silver,0,9664.71,0
CUST_00148,171,32,341.43,0.32,58,9,Bronze,0,10925.76,0
CUST_00149,29,19,384.11,0.22,50,0,Bronze,0,7298.09,0
CUST_00150,36,33,165.92,0.08,70,4,Gold,0,5475.36,0
CUST_00151,13,28,81.47,0.71,17,5,Gold,0,2281.16,0
CUST_00152,160,31,477.87,0.5,46,2,Silver,0,14813.97,0
CUST_00153,327,21,47.43,0.57,44,1,Bronze,0,996.03,0
CUST_00154,187,34,56.94,0.47,57,2,Bronze,0,1935.96,0
CUST_00155,243,15,252.52,0.48,5,2,Silver,1,3787.8,0
CUST_00156,86,14,411.44,0.57,39,6,Silver,0,5760.16,0
CUST_00157,284,19,389.51,0.91,58,0,Bronze,1,7400.69,0
CUST_00158,66,43,469.47,0.03,9,3,Bronze,1,20187.21,0
CUST_00159,170,15,79.39,0.8,93,2,Bronze,0,1190.85,0
CUST_00160,45,6,194.11,0.39,23,9,Silver,0,1164.66,0
CUST_00161,62,9,148.25,0.74,47,6,Silver,0,1334.25,0
CUST_00162,134,37,431.83,0.95,36,0,Bronze,0,15977.71,0
CUST_00163,284,20,249.29,0.31,31,7,Silver,0,4985.8,1
CUST_00164,28,34,23.16,0.09,84,9,Gold,0,787.44,0
CUST_00165,108,38,356.9,0.23,23,6,Bronze,0,13562.2,0
CUST_00166,44,26,200.46,0.22,56,7,Bronze,1,5211.96,0
CUST_00167,340,18,270.26,0.74,71,7,Bronze,0,4864.68,1
CUST_00168,286,28,447.96,0.06,46,8,Silver,0,12542.88,1
CUST_00169,331,9,135.8,0.05,58,0,Gold,0,1222.2,1
CUST_00170,128,32,127.73,0.69,36,8,Bronze,1,4087.36,0
CUST_00171,348,6,138.96,0.56,68,0,Bronze,0,833.76,1
CUST_00172,231,14,175.67,0.42,88,2,Bronze,0,2459.38,0
CUST_00173,190,28,62.6,0.58,60,6,Silver,1,1752.8,0
CUST_00174,225,24,351.64,0.74,14,7,Silver,1,8439.36,0
CUST_00175,283,13,111.63,0.1,25,4,Bronze,0,1451.19,1
CUST_00176,121,43,463.81,0.55,71,0,Silver,1,19943.83,0
CUST_00177,116,12,115.69,0.82,79,2,Gold,0,1388.28,0
CUST_00178,233,19,135.26,0.36,44,6,Bronze,0,2569.94,1
CUST_00179,259,21,155.54,0.76,46,1,Bronze,0,3266.34,0
CUST_00180,359,27,386.58,0.85,13,1,Bronze,0,10437.66,0
CUST_00181,198,19,219.53,0.82,62,8,Bronze,0,4171.07,0
CUST_00182,137,24,411.47,0.65,19,5,Bronze,0,9875.28,0
CUST_00183,318,26,394.58,0.72,12,3,Bronze,1,10259.08,0
CUST_00184,165,45,465.45,0.79,90,9,Bronze,0,20945.25,0
CUST_00185,225,28,380.74,0.73,48,8,Bronze,0,10660.72,0
CUST_00186,307,46,35.44,0.45,33,6,Bronze,0,1630.24,0
CUST_00187,234,18,420.27,0.16,79,6,Bronze,0,7564.86,1
CUST_00188,172,44,469.66,0.31,37,7,Silver,0,20665.04,0
CUST_00189,152,36,496.91,0.21,6,2,Bronze,0,17888.76,0
CUST_00190,315,42,71.38,0.36,89,1,Bronze,1,2997.96,0
CUST_00191,160,29,310.5,0.49,81,0,Bronze,0,9004.5,0
CUST_00192,96,17,107.73,0.96,43,1,Bronze,0,1831.41,0
CUST_00193,233,4,138.63,0.96,50,2,Bronze,0,554.52,0
CUST_00194,180,44,375.34,0.77,46,4,Bronze,0,16514.96,0
CUST_00195,113,45,489.06,0.98,73,7,Bronze,0,22007.7,0
CUST_00196,318,29,301.48,1.0,28,2,Bronze,0,8742.92,0
CUST_00197,52,4,426.79,0.89,99,6,Silver,1,1707.16,0
CUST_00198,268,10,14.35,0.08,67,4,Bronze,0,143.5,1
CUST_00199,295,25,27.95,0.43,11,4,Bronze,0,698.75,1
CUST_00200,113,31,302.39,0.53,20,7,Bronze,0,9374.09,0
CUST_00201,101,3,200.6,0.12,87,9,Silver,0,601.8,1
CUST_00202,113,47,445.98,0.81,30,4,Bronze,1,20961.06,0
CUST_00203,81,2,157.97,0.15,36,9,Silver,0,315.94,1
CUST_00204,187,25,221.71,0.38,76,6,Bronze,0,5542.75,0
CUST_00205,113,49,268.68,0.07,99,9,Silver,0,13165.32,0
CUST_00206,2,6,143.79,0.52,98,7,Bronze,0,862.74,0
CUST_00207,130,26,455.16,0.6,68,7,Bronze,0,11834.16,0
CUST_00208,220,8,237.62,0.74,88,2,Silver,1,1900.96,0
CUST_00209,54,35,217.84,0.34,36,3,Bronze,0,7624.4,0
CUST_00210,343,27,426.38,0.59,58,7,Bronze,0,11512.26,1
CUST_00211,224,25,162.87,0.73,28,4,Bronze,1,4071.75,0
CUST_00212,225,18,410.56,0.76,39,0,Gold,0,7390.08,0
CUST_00213,126,1,69.91,0.3,66,6,Bronze,1,69.91,0
CUST_00214,130,48,99.57,0.07,43,2,Bronze,0,4779.36,0
CUST_00215,53,39,475.91,0.04,5,1,Bronze,0,18560.49,0
CUST_00216,172,3,422.8,0.77,92,9,Silver,0,1268.4,0
CUST_00217,218,4,200.07,0.39,13,4,Silver,0,800.28,1
CUST_00218,160,41,322.84,0.13,9,0,Bronze,0,13236.44,0
CUST_00219,198,37,472.06,0.18,94,8,Bronze,0,17466.22,0
CUST_00220,247,15,113.81,0.77,57,9,Bronze,0,1707.15,0
CUST_00221,324,8,38.92,0.6,27,4,Silver,0,311.36,1
CUST_00222,203,38,273.36,0.5,61,5,Bronze,0,10387.68,0
CUST_00223,184,19,79.87,0.62,77,6,Bronze,0,1517.53,0
CUST_00224,123,47,101.79,0.14,50,8,Bronze,0,4784.13,0
CUST_00225,255,26,446.85,0.32,92,4,Bronze,0,11618.1,1
CUST_00226,294,39,13.63,0.37,82,3,Bronze,0,531.57,0
CUST_00227,280,10,410.24,0.31,34,2,Bronze,1,4102.4,0
CUST_00228,325,38,263.31,0.86,85,4,Bronze,1,10005.78,0
CUST_00229,98,14,284.05,0.58,65,9,Silver,0,3976.7,0
CUST_00230,198,49,339.17,0.73,45,9,Bronze,0,16619.33,0
CUST_00231,240,41,221.41,0.24,87,2,Bronze,0,9077.81,0
CUST_00232,144,19,66.65,0.26,34,4,Bronze,0,1266.35,0
CUST_00233,97,30,60.38,0.23,73,7,Bronze,0,1811.4,0
CUST_00234,201,5,379.64,0.69,8,1,Bronze,0,1898.2,0
CUST_00235,124,31,118.31,0.35,94,3,Gold,0,3667.61,0
CUST_00236,187,7,23.77,0.41,48,7,Bronze,0,166.39,1
CUST_00237,326,19,490.01,0.71,36,4,Bronze,0,9310.19,0
CUST_00238,349,31,490.39,0.97,82,7,Silver,1,15202.09,0
CUST_00239,259,39,195.29,0.16,66,5,Bronze,1,7616.31,0
CUST_00240,148,24,22.51,0.06,11,0,Silver,0,540.24,0
CUST_00241,252,34,366.36,0.19,52,4,Silver,0,12456.24,0
CUST_00242,346,23,417.2,0.73,36,9,Silver,0,9595.6,1
CUST_00243,147,48,71.26,0.19,95,1,Bronze,0,3420.48,0
CUST_00244,148,45,76.37,0.58,31,6,Gold,0,3436.65,0
CUST_00245,352,40,412.89,0.59,24,9,Bronze,0,16515.6,1
CUST_00246,199,6,461.73,0.29,21,3,Silver,0,2770.38,1
CUST_00247,308,38,397.47,0.07,96,1,Bronze,0,15103.86,1
CUST_00248,128,41,108.37,0.4,30,0,Gold,0,4443.17,0
CUST_00249,39,36,211.65,0.19,72,4,Bronze,0,7619.4,0
CUST_00250,338,27,304.41,0.18,97,9,Bronze,1,8219.07,1
CUST_00251,360,11,88.54,0.52,64,7,Silver,0,973.94,1
CUST_00252,129,5,113.2,0.67,39,7,Bronze,1,566.0,0
CUST_00253,267,17,148.61,0.08,1,9,Bronze,0,2526.37,1
CUST_00254,151,7,259.66,0.58,97,1,Bronze,0,1817.62,0
CUST_00255,298,27,260.29,0.25,42,5,Bronze,0,7027.83,1
CUST_00256,99,47,409.0,0.67,77,6,Bronze,0,19223.0,0
CUST_00257,263,15,378.97,0.81,86,9,Bronze,1,5684.55,0
CUST_00258,252,46,457.73,0.81,5,0,Bronze,0,21055.58,0
CUST_00259,144,13,418.12,0.37,12,4,Bronze,1,5435.56,0
CUST_00260,346,11,134.4,0.57,29,5,Bronze,0,1478.4,1
CUST_00261,112,45,172.34,0.79,3,6,Silver,0,7755.3,0
CUST_00262,60,26,255.21,0.06,61,8,Silver,0,6635.46,0
CUST_00263,2,22,16.99,0.61,51,2,Silver,0,373.78,0
CUST_00264,304,28,452.91,0.84,36,7,Silver,0,12681.48,0
CUST_00265,254,24,31.73,0.37,75,9,Gold,0,761.52,1
CUST_00266,140,29,168.0,0.46,90,2,Bronze,0,4872.0,0
CUST_00267,37,9,288.9,0.7,2,8,Gold,1,2600.1,0
CUST_00268,160,42,263.74,0.07,29,7,Gold,0,11077.08,0
CUST_00269,9,4,330.69,0.39,41,8,Bronze,0,1322.76,0
CUST_00270,233,49,268.48,0.3,29,4,Bronze,0,13155.52,0
CUST_00271,99,46,122.21,0.02,64,8,Bronze,0,5621.66,0
CUST_00272,147,18,108.53,0.2,58,2,Bronze,1,1953.54,0
CUST_00273,304,43,454.55,0.4,83,6,Silver,0,19545.65,0
CUST_00274,208,16,139.34,0.2,10,2,Silver,1,2229.44,0
CUST_00275,131,33,147.68,0.6,11,5,Bronze,0,4873.44,0
CUST_00276,152,29,212.35,0.45,7,7,Bronze,1,6158.15,0
CUST_00277,54,39,78.32,0.04,77,1,Bronze,0,3054.48,0
CUST_00278,120,10,258.56,0.28,61,7,Bronze,1,2585.6,0
CUST_00279,161,9,335.87,0.02,66,0,Bronze,0,3022.83,1
CUST_00280,116,31,395.14,0.36,94,3,Silver,0,12249.34,0
CUST_00281,75,28,358.61,0.26,86,6,Silver,0,10041.08,0
CUST_00282,113,3,82.34,0.69,53,0,Silver,0,247.02,0
CUST_00283,104,14,233.47,0.31,65,5,Silver,0,3268.58,0
CUST_00284,340,25,28.91,0.38,27,9,Bronze,0,722.75,1
CUST_00285,254,15,18.72,0.73,7,5,Bronze,0,280.8,0
CUST_00286,227,2,225.66,0.48,65,6,Bronze,0,451.32,1
CUST_00287,112,24,133.95,0.56,58,8,Bronze,0,3214.8,0
CUST_00288,99,14,344.85,0.84,25,6,Bronze,1,4827.9,0
CUST_00289,153,48,364.88,0.21,48,2,Bronze,1,17514.24,0
CUST_00290,349,7,448.75,0.99,4,3,Bronze,1,3141.25,0
CUST_00291,338,36,382.73,0.9,94,0,Bronze,0,13778.28,0
CUST_00292,194,24,33.64,0.29,8,4,Bronze,1,807.36,0
CUST_00293,310,27,192.1,0.89,85,6,Bronze,0,5186.7,0
CUST_00294,163,37,143.78,0.75,68,2,Bronze,1,5319.86,0
CUST_00295,208,38,199.2,0.93,60,5,Bronze,0,7569.6,0
CUST_00296,169,30,88.44,0.69,4,2,Bronze,1,2653.2,0
CUST_00297,161,27,57.88,0.67,8,3,Gold,0,1562.76,0
CUST_00298,68,39,265.28,0.0,90,4,Bronze,0,10345.92,0
CUST_00299,289,15,362.99,0.47,93,5,Bronze,0,5444.85,1
CUST_00300,277,26,353.94,0.2,16,5,Silver,0,9202.44,1
CUST_00301,304,1,230.96,0.32,19,0,Bronze,0,230.96,1
CUST_00302,135,4,265.92,0.98,1,7,Bronze,0,1063.68,0
CUST_00303,195,29,263.0,0.09,34,2,Silver,0,7627.0,0
CUST_00304,128,1,348.87,0.72,93,3,Bronze,0,348.87,0
CUST_00305,33,43,33.48,0.17,91,7,Bronze,0,1439.64,0
CUST_00306,176,46,357.85,0.01,45,4,Bronze,0,16461.1,0
CUST_00307,22,22,295.28,0.5,63,5,Bronze,0,6496.16,0
CUST_00308,238,11,107.07,0.16,94,0,Bronze,0,1177.77,1
CUST_00309,158,10,34.04,0.97,6,7,Bronze,0,340.4,0
CUST_00310,38,17,63.18,0.2,36,4,Silver,0,1074.06,0
CUST_00311,230,36,267.1,0.19,66,0,Bronze,1,9615.6,0
CUST_00312,51,47,381.62,0.03,78,6,Bronze,0,17936.14,0
CUST_00313,264,26,173.98,0.33,8,1,Bronze,0,4523.48,0
CUST_00314,283,48,195.77,0.02,67,5,Bronze,0,9396.96,1
CUST_00315,27,21,467.73,0.5,99,2,Bronze,0,9822.33,0
CUST_00316,226,13,114.38,0.51,27,5,Bronze,0,1486.94,0
CUST_00317,277,9,60.84,0.05,34,8,Silver,1,547.56,1
CUST_00318,286,11,178.27,0.24,28,5,Bronze,0,1960.97,1
CUST_00319,97,11,375.5,0.83,31,0,Bronze,1,4130.5,0
CUST_00320,284,6,316.78,0.46,17,5,Bronze,0,1900.68,1
CUST_00321,317,1,213.74,0.43,83,2,Gold,0,213.74,1
CUST_00322,304,6,482.73,0.7,55,3,Bronze,1,2896.38,0
CUST_00323,147,13,370.15,0.71,75,3,Silver,0,4811.95,0
CUST_00324,4,22,40.31,0.76,9,8,Bronze,0,886.82,0
CUST_00325,35,31,374.87,0.83,94,7,Bronze,1,11620.97,0
CUST_00326,192,22,21.78,0.23,57,6,Bronze,1,479.16,0
CUST_00327,49,37,328.66,0.07,45,4,Bronze,0,12160.42,0
CUST_00328,17,47,113.14,0.38,6,9,Bronze,0,5317.58,0
CUST_00329,172,27,351.26,0.86,14,3,Bronze,0,9484.02,0
CUST_00330,220,14,161.79,0.08,31,2,Bronze,0,2265.06,1
CUST_00331,158,47,437.77,0.58,54,0,Bronze,0,20575.19,0
CUST_00332,46,5,175.09,0.7,11,8,Bronze,0,875.45,0
CUST_00333,6,36,313.65,0.48,69,7,Bronze,1,11291.4,0
CUST_00334,99,32,150.1,0.26,95,0,Bronze,0,4803.2,0
CUST_00335,233,34,459.44,0.33,2,1,Gold,0,15620.96,0
CUST_00336,37,7,392.69,0.07,17,0,Bronze,0,2748.83,0
CUST_00337,280,42,129.22,0.29,36,0,Silver,0,5427.24,0
CUST_00338,349,48,474.91,0.04,3,8,Bronze,0,22795.68,1
CUST_00339,302,10,185.01,0.73,63,4,Gold,0,1850.1,1
CUST_00340,181,17,329.41,0.9,43,2,Bronze,0,5599.97,0
CUST_00341,95,30,374.0,0.63,93,1,Bronze,0,11220.0,0
CUST_00342,99,21,21.22,0.66,33,7,Bronze,0,445.62,0
CUST_00343,188,13,479.89,0.47,78,7,Bronze,0,6238.57,0
CUST_00344,116,1,178.78,0.16,29,5,Silver,0,178.78,1
CUST_00345,191,1,102.99,0.01,23,1,Bronze,0,102.99,1
CUST_00346,253,47,426.85,0.34,59,0,Bronze,0,20061.95,0
CUST_00347,161,33,354.42,0.75,81,5,Bronze,1,11695.86,0
CUST_00348,256,38,52.5,0.96,49,0,Bronze,0,1995.0,0
CUST_00349,323,25,67.35,0.43,55,5,Bronze,1,1683.75,0
CUST_00350,128,26,360.44,0.37,75,9,Bronze,1,9371.44,0
CUST_00351,18,13,46.64,0.45,28,1,Bronze,0,606.32,0
CUST_00352,281,28,459.42,0.43,71,6,Bronze,0,12863.76,1
CUST_00353,223,33,373.35,0.63,72,9,Bronze,0,12320.55,0
CUST_00354,54,37,174.39,0.73,93,1,Silver,0,6452.43,0
CUST_00355,58,41,187.84,0.78,25,1,Bronze,0,7701.44,0
CUST_00356,323,30,258.18,0.65,7,5,Gold,0,7745.4,0
CUST_00357,360,49,186.88,0.44,86,3,Bronze,0,9157.12,0
CUST_00358,174,48,393.9,0.95,73,5,Bronze,1,18907.2,0
CUST_00359,280,8,487.62,0.71,75,7,Bronze,0,3900.96,1
CUST_00360,114,49,296.42,0.43,34,9,Bronze,0,14524.58,0
CUST_00361,288,47,228.56,0.45,91,2,Bronze,0,10742.32,0
CUST_00362,342,1,119.16,0.82,22,4,Silver,0,119.16,1
CUST_00363,151,12,330.18,0.44,67,4,Gold,0,3962.16,0
CUST_00364,127,5,345.93,0.52,50,9,Bronze,1,1729.65,0
CUST_00365,155,24,345.74,0.29,48,8,Gold,0,8297.76,0
CUST_00366,273,6,23.22,0.84,72,6,Bronze,0,139.32,0
CUST_00367,104,25,450.57,0.52,70,8,Bronze,0,11264.25,0
CUST_00368,299,1,175.67,0.55,57,7,Silver,0,175.67,1
CUST_00369,246,25,374.64,0.88,25,2,Bronze,0,9366.0,0
CUST_00370,176,1,382.31,0.92,66,1,Bronze,0,382.31,0
CUST_00371,39,32,328.77,0.82,16,2,Silver,1,10520.64,0
CUST_00372,170,42,203.48,0.07,58,5,Gold,0,8546.16,0
CUST_00373,247,42,308.11,0.44,41,9,Bronze,0,12940.62,0
CUST_00374,26,3,29.7,0.34,51,3,Bronze,0,89.1,0
CUST_00375,355,49,383.33,0.21,21,0,Gold,0,18783.17,0
CUST_00376,306,19,58.8,0.91,79,9,Silver,0,1117.2,0
CUST_00377,13,43,204.41,0.89,56,9,Silver,0,8789.63,0
CUST_00378,316,29,60.77,0.47,98,8,Silver,0,1762.33,1
CUST_00379,313,2,420.17,0.13,47,5,Silver,0,840.34,1
CUST_00380,36,9,279.65,0.01,43,0,Bronze,0,2516.85,0
CUST_00381,173,17,348.57,0.44,84,2,Silver,0,5925.69,0
CUST_00382,20,46,344.47,0.04,31,0,Bronze,0,15845.62,0
CUST_00383,321,36,422.39,0.61,15,8,Silver,0,15206.04,0
CUST_00384,264,17,74.96,0.61,48,3,Bronze,0,1274.32,0
CUST_00385,142,49,333.27,0.9,62,1,Gold,0,16330.23,0
CUST_00386,143,12,291.82,0.19,92,3,Gold,0,3501.84,0
CUST_00387,92,20,25.14,0.37,70,1,Bronze,0,502.8,0
CUST_00388,354,3,108.7,0.86,3,5,Silver,0,326.1,1
CUST_00389,322,43,141.11,0.47,38,5,Gold,0,6067.73,0
CUST_00390,288,4,45.55,0.06,87,6,Bronze,0,182.2,1
CUST_00391,215,17,183.81,0.11,58,8,Silver,0,3124.77,1
CUST_00392,342,37,23.33,0.81,67,8,Bronze,0,863.21,0
CUST_00393,51,46,281.06,0.74,45,3,Bronze,0,12928.76,0
CUST_00394,153,42,113.64,0.88,44,8,Silver,1,4772.88,0
CUST_00395,186,15,150.63,0.12,8,7,Silver,1,2259.45,0
CUST_00396,63,33,456.13,0.76,66,0,Bronze,0,15052.29,0
CUST_00397,190,16,256.38,0.66,71,6,Silver,0,4102.08,0
CUST_00398,125,11,141.82,0.23,61,6,Bronze,0,1560.02,0
CUST_00399,150,20,303.25,0.97,17,9,Bronze,0,6065.0,0
CUST_00400,314,38,108.82,0.57,71,3,Bronze,0,4135.16,0
CUST_00401,58,24,46.45,0.91,97,6,Bronze,0,1114.8,0
CUST_00402,342,16,20.24,0.86,36,9,Gold,0,323.84,1
CUST_00403,305,30,476.25,0.33,68,9,Silver,0,14287.5,1
CUST_00404,180,34,365.06,0.54,80,4,Silver,0,12412.04,0
CUST_00405,170,1,401.97,0.43,21,4,Bronze,1,401.97,0
CUST_00406,326,24,490.65,0.71,82,4,Bronze,0,11775.6,0
CUST_00407,271,24,466.5,0.59,46,5,Bronze,0,11196.0,0
CUST_00408,54,9,371.09,0.78,46,6,Silver,0,3339.81,0
CUST_00409,101,22,350.05,0.01,92,4,Bronze,0,7701.1,0
CUST_00410,264,12,175.06,0.69,16,8,Bronze,0,2100.72,1
CUST_00411,53,17,60.97,0.32,22,8,Silver,0,1036.49,0
CUST_00412,60,25,291.12,0.22,6,6,Bronze,0,7278.0,0
CUST_00413,108,28,292.36,0.8,94,9,Bronze,0,8186.08,0
CUST_00414,5,15,476.6,0.09,56,2,Bronze,1,7149.0,0
CUST_00415,103,30,226.86,0.23,45,3,Bronze,0,6805.8,0
CUST_00416,196,27,348.5,0.2,58,3,Bronze,0,9409.5,0
CUST_00417,262,22,291.74,0.42,28,6,Silver,0,6418.28,1
CUST_00418,350,10,96.61,0.32,17,1,Gold,0,966.1,1
CUST_00419,47,31,300.11,0.72,36,4,Bronze,0,9303.41,0
CUST_00420,355,27,274.66,0.7,12,3,Bronze,0,7415.82,0
CUST_00421,311,12,252.01,0.33,50,9,Bronze,0,3024.12,1
CUST_00422,308,46,261.58,0.44,59,8,Bronze,0,12032.68,0
CUST_00423,144,31,90.35,0.21,12,0,Bronze,0,2800.85,0
CUST_00424,269,32,237.1,0.67,62,9,Bronze,0,7587.2,0
CUST_00425,124,32,306.77,0.4,40,2,Bronze,0,9816.64,0
CUST_00426,106,41,249.83,0.13,93,5,Bronze,0,10243.03,0
CUST_00427,158,45,249.46,0.13,2,3,Bronze,0,11225.7,0
CUST_00428,147,35,47.98,0.32,93,2,Gold,1,1679.3,0
CUST_00429,145,46,103.48,0.75,94,5,Bronze,0,4760.08,0
CUST_00430,120,21,167.28,0.03,25,2,Bronze,0,3512.88,0
CUST_00431,319,10,215.48,0.26,85,6,Gold,0,2154.8,1
CUST_00432,275,16,301.03,0.16,86,0,Bronze,0,4816.48,1
CUST_00433,92,7,433.04,0.96,74,8,Silver,0,3031.28,0
CUST_00434,58,4,87.99,0.71,31,9,Bronze,0,351.96,0
CUST_00435,346,27,17.39,0.23,47,1,Bronze,0,469.53,1
CUST_00436,229,25,230.13,0.21,60,3,Bronze,0,5753.25,0
CUST_00437,117,31,221.73,0.86,73,5,Bronze,0,6873.63,0
CUST_00438,318,11,280.43,0.19,98,5,Bronze,0,3084.73,1
CUST_00439,279,48,418.28,1.0,41,7,Silver,0,20077.44,0
CUST_00440,127,20,403.16,0.28,50,7,Bronze,0,8063.2,0
CUST_00441,129,36,59.02,0.08,23,3,Bronze,0,2124.72,0
CUST_00442,58,17,467.66,0.69,12,5,Bronze,0,7950.22,0
CUST_00443,122,45,64.1,0.61,71,8,Silver,0,2884.5,0
CUST_00444,1,11,320.94,1.0,96,6,Silver,0,3530.34,0
CUST_00445,239,30,339.48,0.8,83,7,Silver,0,10184.4,0
CUST_00446,290,35,343.14,0.43,22,7,Bronze,0,12009.9,1
CUST_00447,96,41,140.02,0.68,56,1,Bronze,0,5740.82,0
CUST_00448,126,38,171.87,0.82,16,6,Silver,0,6531.06,0
CUST_00449,118,22,278.85,0.51,58,2,Silver,0,6134.7,0
CUST_00450,48,43,107.8,0.27,72,6,Bronze,0,4635.4,0
CUST_00451,89,48,19.95,0.21,94,1,Gold,0,957.6,0
CUST_00452,237,27,285.45,0.3,51,0,Bronze,0,7707.15,0
CUST_00453,272,37,237.99,0.85,6,8,Bronze,0,8805.63,0
CUST_00454,189,46,331.8,0.38,2,9,Gold,0,15262.8,0
CUST_00455,192,49,81.88,0.29,62,9,Silver,0,4012.12,0
CUST_00456,69,35,422.05,0.81,98,0,Bronze,0,14771.75,0
CUST_00457,278,4,81.65,0.03,93,0,Silver,1,326.6,0
CUST_00458,349,16,446.76,0.59,42,2,Bronze,1,7148.16,0
CUST_00459,247,16,230.27,0.87,43,0,Bronze,0,3684.32,0
CUST_00460,76,21,279.4,0.41,52,6,Bronze,0,5867.4,0
CUST_00461,154,26,449.32,0.27,58,6,Bronze,0,11682.32,0
CUST_00462,144,36,156.96,0.49,20,7,Bronze,0,5650.56,0
CUST_00463,86,19,99.1,0.72,56,1,Bronze,1,1882.9,0
CUST_00464,185,17,228.42,0.52,67,6,Silver,0,3883.14,0
CUST_00465,285,45,129.74,0.01,59,8,Bronze,0,5838.3,1
CUST_00466,220,26,268.64,0.08,48,9,Bronze,0,6984.64,1
CUST_00467,69,22,144.88,0.72,35,4,Silver,0,3187.36,0
CUST_00468,47,28,433.6,0.4,8,9,Silver,0,12140.8,0
CUST_00469,94,1,307.59,0.78,76,2,Bronze,0,307.59,0
CUST_00470,238,44,10.12,0.65,32,8,Gold,0,445.28,0
CUST_00471,204,36,404.68,0.58,93,0,Bronze,0,14568.48,0
CUST_00472,218,43,171.8,0.9,45,2,Bronze,1,7387.4,0
CUST_00473,341,37,166.9,0.02,85,1,Bronze,0,6175.3,1
CUST_00474,39,2,197.7,0.16,67,1,Bronze,0,395.4,0
CUST_00475,100,17,318.83,0.62,27,2,Silver,0,5420.11,0
CUST_00476,289,40,226.61,0.07,3,9,Bronze,0,9064.4,1
CUST_00477,254,38,318.03,0.64,57,6,Gold,0,12085.14,0
CUST_00478,222,21,81.92,0.98,65,5,Bronze,0,1720.32,0
CUST_00479,357,9,485.38,0.88,20,8,Bronze,0,4368.42,1
CUST_00480,23,13,367.51,0.59,71,9,Bronze,1,4777.63,0
CUST_00481,250,11,132.6,0.89,41,9,Silver,1,1458.6,0
CUST_00482,10,16,364.84,0.12,1,2,Bronze,0,5837.44,0
CUST_00483,246,16,291.76,0.45,74,4,Bronze,0,4668.16,0
CUST_00484,325,2,63.5,0.43,76,8,Bronze,1,127.0,1
CUST_00485,100,42,97.32,0.34,4,2,Bronze,0,4087.44,0
CUST_00486,290,44,30.24,0.0,71,7,Bronze,0,1330.56,1
CUST_00487,180,8,406.53,0.89,10,8,Bronze,0,3252.24,0
CUST_00488,223,43,280.34,0.78,86,6,Bronze,0,12054.62,0
CUST_00489,250,42,165.21,0.65,89,5,Silver,0,6938.82,0
CUST_00490,147,13,71.91,0.13,29,5,Bronze,0,934.83,1
CUST_00491,96,17,247.18,0.38,15,5,Bronze,0,4202.06,0
CUST_00492,257,39,267.38,0.92,19,4,Bronze,0,10427.82,0
CUST_00493,325,24,353.95,0.62,58,6,Bronze,0,8494.8,1
CUST_00494,4,3,485.27,0.6,53,6,Bronze,0,1455.81,0
CUST_00495,16,30,223.12,0.91,46,6,Bronze,0,6693.6,0
CUST_00496,280,13,208.96,0.56,18,2,Bronze,0,2716.48,0
CUST_00497,336,19,191.27,0.6,3,5,Bronze,0,3634.13,1
CUST_00498,247,7,415.19,0.35,70,8,Silver,0,2906.33,1
CUST_00499,258,9,86.6,0.37,22,8,Bronze,0,779.4,1
CUST_00500,160,19,178.47,0.69,55,3,Bronze,0,3390.93,0
CUST_00501,340,45,365.24,0.32,64,8,Bronze,1,16435.8,0
CUST_00502,152,40,17.69,0.56,41,1,Silver,0,707.6,0
CUST_00503,178,22,151.8,0.28,95,7,Bronze,0,3339.6,0
CUST_00504,163,18,324.31,0.17,85,1,Bronze,0,5837.58,0
CUST_00505,33,23,101.12,0.45,8,4,Silver,0,2325.76,0
CUST_00506,179,2,158.33,0.22,65,5,Bronze,0,316.66,1
CUST_00507,101,11,248.16,0.9,3,1,Silver,0,2729.76,0
CUST_00508,268,31,216.79,0.3,29,8,Silver,0,6720.49,1
CUST_00509,323,33,61.95,0.6,70,5,Gold,0,2044.35,0
CUST_00510,65,14,469.74,0.26,97,7,Bronze,0,6576.36,0
CUST_00511,168,16,31.7,0.26,18,3,Bronze,0,507.2,0
CUST_00512,330,11,377.37,0.35,58,2,Bronze,0,4151.07,1
CUST_00513,43,33,45.0,0.92,1,3,Bronze,0,1485.0,0
CUST_00514,44,7,238.97,0.39,22,0,Bronze,0,1672.79,0
CUST_00515,285,31,95.95,0.82,95,0,Bronze,0,2974.45,0
CUST_00516,12,48,79.14,0.2,23,7,Bronze,0,3798.72,0
CUST_00517,95,46,71.69,0.05,8,0,Bronze,0,3297.74,0
CUST_00518,302,47,231.87,0.78,29,4,Bronze,0,10897.89,0
CUST_00519,253,14,262.59,0.54,44,9,Silver,0,3676.26,1
CUST_00520,242,28,75.36,0.5,62,8,Silver,0,2110.08,0
CUST_00521,35,43,489.9,0.27,19,2,Bronze,0,21065.7,0
CUST_00522,215,16,136.31,0.07,59,9,Bronze,1,2180.96,0
CUST_00523,337,19,234.83,0.48,80,1,Silver,0,4461.77,1
CUST_00524,90,17,115.97,0.87,19,4,Bronze,0,1971.49,0
CUST_00525,264,26,252.02,0.12,22,1,Bronze,0,6552.52,1
CUST_00526,93,6,380.45,0.93,83,9,Bronze,1,2282.7,0
CUST_00527,90,43,265.34,0.27,68,0,Bronze,1,11409.62,0
CUST_00528,115,49,149.97,0.53,5,8,Bronze,0,7348.53,0
CUST_00529,105,9,131.71,0.07,5,9,Gold,0,1185.39,1
CUST_00530,196,17,381.88,0.43,25,8,Bronze,0,6491.96,0
CUST_00531,314,31,67.94,0.13,24,0,Gold,0,2106.14,1
CUST_00532,114,12,191.28,0.05,1,3,Bronze,0,2295.36,0
CUST_00533,75,23,84.23,0.97,28,4,Silver,0,1937.29,0
CUST_00534,217,5,136.41,0.73,47,1,Bronze,1,682.05,0
CUST_00535,277,43,84.81,0.72,85,8,Bronze,0,3646.83,0
CUST_00536,249,36,444.52,0.09,60,8,Bronze,0,16002.72,1
CUST_00537,164,36,368.63,0.93,19,8,Silver,0,13270.68,0
CUST_00538,357,3,284.85,0.47,87,7,Silver,0,854.55,1
CUST_00539,192,24,119.97,0.85,14,5,Bronze,0,2879.28,0
CUST_00540,227,17,260.01,0.01,70,0,Bronze,0,4420.17,1
CUST_00541,177,39,265.21,0.3,96,9,Silver,0,10343.19,0
CUST_00542,99,26,299.3,1.0,96,4,Gold,0,7781.8,0
CUST_00543,36,4,39.44,0.43,8,7,Bronze,0,157.76,0
CUST_00544,96,45,486.72,0.89,37,3,Bronze,0,21902.4,0
CUST_00545,152,12,238.07,0.33,86,7,Bronze,0,2856.84,0
CUST_00546,151,1,464.0,0.53,72,5,Bronze,0,464.0,0
CUST_00547,190,21,14.81,0.85,10,0,Bronze,0,311.01,0
CUST_00548,224,19,131.3,0.61,67,0,Bronze,0,2494.7,0
CUST_00549,37,21,60.96,0.73,13,2,Bronze,0,1280.16,0
CUST_00550,268,18,387.11,0.23,39,0,Bronze,0,6967.98,1
CUST_00551,183,43,166.86,0.16,64,3,Gold,0,7174.98,0
CUST_00552,13,3,421.84,0.23,30,2,Silver,0,1265.52,0
CUST_00553,279,49,417.87,0.49,4,6,Bronze,0,20475.63,0
CUST_00554,217,44,337.22,0.8,45,8,Bronze,0,14837.68,0
CUST_00555,355,32,336.23,0.35,6,6,Bronze,0,10759.36,1
CUST_00556,361,10,353.08,0.56,16,4,Silver,0,3530.8,1
CUST_00557,286,40,340.14,0.8,22,0,Bronze,0,13605.6,0
CUST_00558,273,15,199.59,0.24,91,4,Bronze,1,2993.85,0
CUST_00559,62,5,344.59,0.88,21,0,Bronze,1,1722.95,0
CUST_00560,84,4,449.73,0.95,93,5,Bronze,1,1798.92,0
CUST_00561,217,28,172.96,0.04,65,7,Bronze,0,4842.88,1
CUST_00562,342,4,473.0,0.06,30,6,Bronze,0,1892.0,1
CUST_00563,187,15,16.65,0.09,24,0,Bronze,0,249.75,0
CUST_00564,19,17,181.05,0.78,64,7,Bronze,0,3077.85,0
CUST_00565,177,44,74.73,0.19,13,8,Bronze,0,3288.12,0
CUST_00566,100,3,72.04,0.73,94,9,Bronze,0,216.12,0
CUST_00567,233,10,409.56,0.44,26,1,Bronze,0,4095.6,0
CUST_00568,76,47,460.0,0.84,98,0,Bronze,0,21620.0,0
CUST_00569,265,42,391.1,0.81,20,5,Bronze,0,16426.2,0
CUST_00570,284,23,488.54,0.96,61,3,Bronze,0,11236.42,0
CUST_00571,206,18,116.0,0.25,6,6,Silver,0,2088.0,1
CUST_00572,223,1,78.99,0.23,43,2,Bronze,0,78.99,1
CUST_00573,52,35,265.14,0.03,49,2,Bronze,0,9279.9,0
CUST_00574,339,31,416.23,0.41,9,7,Gold,0,12903.13,1
CUST_00575,144,44,29.52,0.46,37,6,Bronze,0,1298.88,0
CUST_00576,69,1,497.83,0.96,16,4,Gold,0,497.83,0
CUST_00577,99,3,305.1,0.83,4,2,Bronze,1,915.3,0
CUST_00578,25,3,489.68,0.17,32,0,Bronze,1,1469.04,0
CUST_00579,53,37,188.89,0.8,84,2,Bronze,1,6988.93,0
CUST_00580,151,19,234.43,0.18,93,8,Silver,0,4454.17,1
CUST_00581,144,29,378.66,0.08,95,0,Bronze,0,10981.14,0
CUST_00582,57,25,398.42,0.84,17,4,Bronze,0,9960.5,0
CUST_00583,39,33,124.19,0.98,41,3,Silver,1,4098.27,0
CUST_00584,109,36,465.6,0.09,89,5,Silver,0,16761.6,0
CUST_00585,181,29,435.04,0.81,45,1,Gold,0,12616.16,0
CUST_00586,42,26,18.92,0.86,16,3,Gold,0,491.92,0
CUST_00587,186,4,73.0,0.12,20,8,Bronze,0,292.0,1
CUST_00588,223,49,253.09,0.28,42,4,Bronze,1,12401.41,0
CUST_00589,122,14,235.87,0.73,10,7,Bronze,0,3302.18,0
CUST_00590,133,27,357.11,0.81,52,1,Bronze,0,9641.97,0
CUST_00591,163,33,53.96,0.35,60,8,Bronze,0,1780.68,0
CUST_00592,215,22,325.98,0.16,48,6,Bronze,0,7171.56,1
CUST_00593,221,48,312.02,0.65,23,6,Bronze,0,14976.96,0
CUST_00594,235,3,124.47,0.7,33,1,Bronze,1,373.41,0
CUST_00595,331,23,275.77,0.5,77,7,Gold,0,6342.71,1
CUST_00596,146,21,118.88,0.14,25,8,Silver,0,2496.48,1
CUST_00597,239,41,81.99,0.84,50,9,Bronze,0,3361.59,0
CUST_00598,76,23,290.84,0.65,88,4,Bronze,1,6689.32,0
CUST_00599,9,4,488.96,0.87,70,2,Silver,0,1955.84,0
CUST_00600,74,21,126.1,0.93,79,2,Bronze,0,2648.1,0
CUST_00601,253,37,184.11,0.81,55,5,Bronze,1,6812.07,0
CUST_00602,230,43,135.72,0.96,98,0,Gold,0,5835.96,0
CUST_00603,7,31,140.57,0.95,68,9,Bronze,0,4357.67,0
CUST_00604,174,21,208.05,0.62,78,8,Gold,0,4369.05,0
CUST_00605,141,26,353.91,0.73,4,5,Bronze,0,9201.66,0
CUST_00606,168,41,29.01,0.7,28,8,Gold,1,1189.41,0
CUST_00607,170,35,478.99,0.62,29,2,Bronze,0,16764.65,0
CUST_00608,283,38,32.68,0.02,82,9,Bronze,0,1241.84,1
CUST_00609,122,24,441.81,0.36,84,2,Bronze,0,10603.44,0
CUST_00610,194,11,448.25,0.1,48,9,Bronze,0,4930.75,1
CUST_00611,5,41,267.0,0.3,96,6,Bronze,0,10947.0,0
CUST_00612,29,29,77.13,0.07,72,6,Bronze,0,2236.77,0
CUST_00613,165,47,286.92,0.92,13,3,Bronze,0,13485.24,0
CUST_00614,339,3,318.03,0.45,43,7,Gold,0,954.09,1
CUST_00615,136,1,430.3,0.19,9,1,Bronze,0,430.3,0
CUST_00616,321,19,279.94,0.58,40,0,Bronze,0,5318.86,0
CUST_00617,342,46,211.25,0.2,46,0,Silver,0,9717.5,0
CUST_00618,145,49,420.76,0.8,58,1,Bronze,0,20617.24,0
CUST_00619,327,22,490.67,0.31,97,5,Bronze,0,10794.74,1
CUST_00620,217,14,326.1,0.31,56,7,Bronze,0,4565.4,1
CUST_00621,301,49,438.45,0.87,12,2,Bronze,0,21484.05,0
CUST_00622,132,14,303.38,0.56,25,5,Bronze,0,4247.32,0
CUST_00623,292,44,348.0,0.89,89,7,Bronze,0,15312.0,0
CUST_00624,70,16,347.2,0.41,16,8,Gold,0,5555.2,0
CUST_00625,252,33,355.35,0.34,51,7,Silver,0,11726.55,0
CUST_00626,275,13,167.3,0.51,80,6,Silver,0,2174.9,1
CUST_00627,364,38,292.07,0.06,99,3,Silver,0,11098.66,1
CUST_00628,182,49,301.13,0.15,87,2,Bronze,0,14755.37,0
CUST_00629,167,12,164.39,0.22,72,6,Bronze,0,1972.68,1
CUST_00630,91,38,181.43,0.82,53,0,Silver,0,6894.34,0
CUST_00631,202,39,383.5,0.73,52,6,Bronze,1,14956.5,0
CUST_00632,346,33,295.53,0.19,67,5,Silver,0,9752.49,1
CUST_00633,19,33,83.11,0.28,24,2,Gold,0,2742.63,0
CUST_00634,39,29,420.44,0.94,86,2,Bronze,0,12192.76,0
CUST_00635,126,5,442.73,0.09,14,1,Bronze,0,2213.65,0
CUST_00636,173,6,238.41,0.55,22,0,Bronze,0,1430.46,0
CUST_00637,141,31,112.36,0.52,98,4,Bronze,0,3483.16,0
CUST_00638,242,16,474.33,0.73,31,6,Bronze,1,7589.28,0
CUST_00639,220,31,442.31,0.26,85,6,Silver,0,13711.61,0
CUST_00640,126,25,129.75,0.93,58,5,Bronze,0,3243.75,0
CUST_00641,58,48,56.84,0.41,69,9,Bronze,1,2728.32,0
CUST_00642,148,46,225.92,0.29,19,5,Silver,0,10392.32,0
CUST_00643,317,33,341.43,0.34,53,6,Bronze,0,11267.19,1
CUST_00644,361,13,95.94,0.35,85,7,Silver,0,1247.22,1
CUST_00645,1,10,261.47,0.2,2,4,Silver,0,2614.7,0
CUST_00646,348,24,218.45,0.93,53,0,Bronze,0,5242.8,0
CUST_00647,190,10,446.37,0.17,67,6,Bronze,0,4463.7,1
CUST_00648,191,41,220.49,0.88,47,1,Bronze,1,9040.09,0
CUST_00649,312,31,271.55,0.4,53,4,Gold,0,8418.05,1
CUST_00650,117,13,478.09,0.27,57,6,Silver,0,6215.17,0
CUST_00651,134,3,156.85,0.2,94,6,Bronze,0,470.55,1
CUST_00652,58,34,151.61,0.5,98,8,Bronze,0,5154.74,0
CUST_00653,44,49,401.8,0.67,25,4,Silver,0,19688.2,0
CUST_00654,173,28,145.99,0.9,35,5,Bronze,0,4087.72,0
CUST_00655,160,19,417.61,0.65,29,9,Bronze,0,7934.59,0
CUST_00656,173,23,56.81,0.48,76,5,Bronze,1,1306.63,0
CUST_00657,317,45,64.52,0.03,87,0,Bronze,0,2903.4,1
CUST_00658,303,32,451.65,0.92,92,9,Bronze,0,14452.8,0
CUST_00659,149,13,275.0,0.9,17,6,Bronze,1,3575.0,0
CUST_00660,80,33,362.22,0.38,80,9,Silver,0,11953.26,0
CUST_00661,213,34,120.39,0.03,49,6,Bronze,0,4093.26,1
CUST_00662,203,33,91.47,0.73,56,3,Bronze,0,3018.51,0
CUST_00663,252,5,419.13,0.79,73,3,Bronze,1,2095.65,0
CUST_00664,229,3,185.73,0.54,3,5,Bronze,0,557.19,1
CUST_00665,164,7,232.97,0.4,22,2,Bronze,0,1630.79,0
CUST_00666,227,24,23.71,0.85,95,9,Bronze,0,569.04,0
CUST_00667,147,22,199.08,0.19,14,5,Gold,0,4379.76,0
CUST_00668,20,45,387.51,0.44,3,3,Gold,1,17437.95,0
CUST_00669,47,23,412.42,0.02,38,9,Silver,0,9485.66,0
CUST_00670,233,30,352.39,0.16,87,7,Bronze,0,10571.7,1
CUST_00671,305,18,349.17,0.94,21,4,Silver,0,6285.06,0
CUST_00672,14,32,258.06,0.58,51,7,Bronze,0,8257.92,0
CUST_00673,143,7,273.78,0.81,24,8,Bronze,0,1916.46,0
CUST_00674,1,33,373.89,0.49,96,3,Silver,1,12338.37,0
CUST_00675,54,5,131.18,0.83,45,0,Bronze,0,655.9,0
CUST_00676,259,49,123.44,0.54,69,9,Bronze,0,6048.56,0
CUST_00677,144,28,475.46,0.0,97,6,Silver,0,13312.88,0
CUST_00678,12,8,23.57,0.9,44,6,Bronze,1,188.56,0
CUST_00679,330,15,78.34,0.15,47,4,Bronze,0,1175.1,1
CUST_00680,224,4,289.46,0.45,57,4,Silver,0,1157.84,1
CUST_00681,272,34,371.54,0.48,19,0,Bronze,0,12632.36,0
CUST_00682,358,5,273.57,0.05,34,2,Bronze,1,1367.85,1
CUST_00683,156,33,183.98,0.05,3,0,Bronze,0,6071.34,0
CUST_00684,8,5,489.21,0.76,39,6,Bronze,0,2446.05,0
CUST_00685,122,38,354.89,0.3,92,4,Silver,0,13485.82,0
CUST_00686,348,34,417.38,0.41,75,3,Bronze,0,14190.92,1
CUST_00687,164,26,29.72,0.56,60,6,Bronze,1,772.72,0
CUST_00688,90,1,125.6,0.37,10,8,Bronze,0,125.6,0
CUST_00689,136,4,193.34,0.78,40,5,Bronze,0,773.36,0
CUST_00690,186,39,99.47,0.88,2,8,Bronze,0,3879.33,0
CUST_00691,316,26,45.72,0.06,45,5,Bronze,0,1188.72,1
CUST_00692,178,33,120.29,0.64,27,9,Bronze,0,3969.57,0
CUST_00693,28,33,271.48,0.32,53,8,Bronze,1,8958.84,0
CUST_00694,220,8,350.92,0.58,9,5,Silver,0,2807.36,0
CUST_00695,357,20,389.27,0.48,1,8,Silver,0,7785.4,1
CUST_00696,41,16,31.04,0.33,33,2,Bronze,0,496.64,0
CUST_00697,228,21,219.71,0.09,38,4,Bronze,0,4613.91,1
CUST_00698,192,45,69.88,0.56,57,4,Gold,1,3144.6,0
CUST_00699,145,26,221.29,0.11,33,9,Bronze,0,5753.54,0
CUST_00700,201,23,222.65,0.16,48,7,Bronze,0,5120.95,1
CUST_00701,212,18,254.12,0.98,3,6,Bronze,0,4574.16,0
CUST_00702,220,31,447.49,0.32,32,1,Gold,0,13872.19,0
CUST_00703,240,42,404.5,0.58,77,1,Bronze,0,16989.0,0
CUST_00704,46,12,321.99,0.27,21,6,Bronze,0,3863.88,0
CUST_00705,35,1,443.85,0.87,68,9,Silver,0,443.85,0
CUST_00706,253,42,342.45,0.28,17,9,Gold,0,14382.9,0
CUST_00707,82,9,411.24,0.37,42,3,Bronze,0,3701.16,0
CUST_00708,256,3,286.25,0.61,68,5,Bronze,0,858.75,1
CUST_00709,197,26,267.36,0.87,84,8,Gold,0,6951.36,0
CUST_00710,303,9,364.81,0.82,12,9,Bronze,0,3283.29,1
CUST_00711,10,42,19.65,0.26,90,3,Silver,0,825.3,0
CUST_00712,312,16,348.29,0.83,45,6,Bronze,0,5572.64,0
CUST_00713,286,24,467.91,0.7,36,8,Silver,0,11229.84,0
CUST_00714,242,14,359.83,0.99,80,0,Bronze,0,5037.62,0
CUST_00715,251,3,28.03,0.94,51,9,Bronze,0,84.09,0
CUST_00716,5,34,195.16,0.53,7,1,Bronze,0,6635.44,0
CUST_00717,119,33,406.69,0.75,33,8,Bronze,0,13420.77,0
CUST_00718,289,24,479.72,0.57,48,4,Bronze,0,11513.28,0
CUST_00719,65,9,191.38,0.59,66,3,Silver,0,1722.42,0
CUST_00720,146,13,422.19,0.1,33,6,Gold,0,5488.47,1
CUST_00721,224,2,433.27,0.0,78,4,Bronze,0,866.54,1
CUST_00722,239,7,70.41,0.05,84,0,Bronze,0,492.87,1
CUST_00723,177,48,424.44,0.97,27,8,Gold,1,20373.12,0
CUST_00724,267,21,168.88,0.13,47,7,Silver,0,3546.48,1
CUST_00725,341,19,300.69,0.04,85,2,Bronze,0,5713.11,1
CUST_00726,282,25,274.09,0.31,66,9,Bronze,0,6852.25,1
CUST_00727,63,47,334.9,0.59,43,2,Bronze,0,15740.3,0
CUST_00728,217,22,372.83,0.95,80,2,Bronze,0,8202.26,0
CUST_00729,342,11,226.03,0.7,19,6,Bronze,0,2486.33,1
CUST_00730,315,33,445.27,0.28,68,1,Bronze,0,14693.91,1
CUST_00731,283,32,406.65,0.94,10,8,Bronze,0,13012.8,0
CUST_00732,177,21,394.86,0.04,22,3,Bronze,0,8292.06,1
CUST_00733,98,39,234.54,0.98,76,6,Silver,0,9147.06,0
CUST_00734,105,20,28.41,0.06,66,7,Gold,0,568.2,0
CUST_00735,99,8,251.21,0.75,2,4,Silver,0,2009.68,0
CUST_00736,311,42,450.24,0.05,98,7,Bronze,0,18910.08,1
CUST_00737,6,37,103.32,0.93,18,3,Bronze,1,3822.84,0
CUST_00738,197,9,491.47,0.11,80,9,Silver,1,4423.23,0
CUST_00739,351,25,405.77,0.05,19,1,Bronze,0,10144.25,1
CUST_00740,133,25,357.82,0.89,89,2,Silver,0,8945.5,0
CUST_00741,358,33,341.81,0.1,30,5,Bronze,0,11279.73,1
CUST_00742,259,2,297.64,0.8,6,9,Silver,0,595.28,1
CUST_00743,23,19,363.13,0.75,27,5,Bronze,0,6899.47,0
CUST_00744,53,46,216.73,0.6,15,6,Bronze,0,9969.58,0
CUST_00745,165,20,424.19,0.38,31,3,Bronze,0,8483.8,0
CUST_00746,202,42,351.21,0.92,44,7,Bronze,0,14750.82,0
CUST_00747,83,41,387.91,0.87,86,7,Bronze,0,15904.31,0
CUST_00748,145,42,398.32,0.43,76,6,Bronze,0,16729.44,0
CUST_00749,85,29,55.11,0.23,10,2,Silver,0,1598.19,0
CUST_00750,78,6,37.26,0.27,21,2,Bronze,0,223.56,0
CUST_00751,1,17,402.48,0.22,47,1,Gold,0,6842.16,0
CUST_00752,51,25,137.1,0.54,55,6,Gold,0,3427.5,0
CUST_00753,173,38,295.17,0.87,95,5,Bronze,0,11216.46,0
CUST_00754,205,4,227.42,0.77,36,6,Bronze,0,909.68,0
CUST_00755,260,30,20.8,0.8,74,1,Bronze,0,624.0,0
CUST_00756,288,20,29.74,0.45,58,3,Bronze,0,594.8,1
CUST_00757,34,3,415.29,0.32,19,0,Silver,0,1245.87,0
CUST_00758,348,23,307.76,0.76,87,1,Bronze,0,7078.48,0
CUST_00759,95,18,266.68,0.79,64,6,Bronze,0,4800.24,0
CUST_00760,72,26,472.73,0.7,10,4,Bronze,0,12290.98,0
CUST_00761,39,36,94.83,0.03,49,9,Bronze,0,3413.88,0
CUST_00762,154,8,136.41,0.59,54,2,Bronze,0,1091.28,0
CUST_00763,250,17,380.8,0.35,61,1,Gold,0,6473.6,0
CUST_00764,162,31,389.87,0.2,59,2,Bronze,0,12085.97,0
CUST_00765,118,37,208.4,0.69,91,3,Silver,0,7710.8,0
CUST_00766,259,45,475.98,0.27,2,9,Bronze,0,21419.1,0
CUST_00767,306,33,469.74,0.91,75,9,Bronze,0,15501.42,0
CUST_00768,268,27,16.08,0.3,8,4,Bronze,0,434.16,1
CUST_00769,54,45,94.44,0.56,19,7,Gold,1,4249.8,0
CUST_00770,236,4,411.91,0.83,80,8,Bronze,0,1647.64,0
CUST_00771,222,22,174.26,0.4,68,1,Bronze,0,3833.72,0
CUST_00772,251,26,56.78,0.83,14,2,Silver,0,1476.28,0
CUST_00773,313,32,394.65,0.72,22,3,Bronze,0,12628.8,0
CUST_00774,112,24,232.75,0.92,17,6,Bronze,0,5586.0,0
CUST_00775,255,46,251.28,0.33,63,5,Bronze,0,11558.88,0
CUST_00776,303,35,101.32,0.11,26,5,Bronze,1,3546.2,0
CUST_00777,207,37,333.84,0.43,99,9,Gold,0,12352.08,0
CUST_00778,229,32,280.11,0.79,36,6,Bronze,0,8963.52,0
CUST_00779,341,7,111.27,0.45,45,0,Bronze,0,778.89,1
CUST_00780,66,33,176.76,0.26,30,7,Bronze,0,5833.08,0
CUST_00781,75,31,302.47,0.03,21,8,Bronze,0,9376.57,0
CUST_00782,103,12,463.19,0.31,20,1,Gold,0,5558.28,0
CUST_00783,192,11,460.98,0.71,42,0,Bronze,0,5070.78,0
CUST_00784,252,24,151.07,0.15,90,3,Bronze,0,3625.68,1
CUST_00785,226,8,370.45,0.34,56,1,Silver,0,2963.6,1
CUST_00786,294,32,390.0,0.02,12,5,Bronze,0,12480.0,1
CUST_00787,306,38,406.32,0.72,8,2,Bronze,0,15440.16,0
CUST_00788,98,22,289.67,0.88,99,8,Bronze,0,6372.74,0
CUST_00789,338,34,15.15,0.57,93,7,Silver,0,515.1,1
CUST_00790,286,19,383.22,0.03,63,6,Gold,0,7281.18,1
CUST_00791,335,20,62.23,0.22,56,6,Bronze,0,1244.6,1
CUST_00792,347,14,67.27,0.44,7,6,Bronze,0,941.78,1
CUST_00793,308,33,306.76,0.59,62,4,Bronze,0,10123.08,0
CUST_00794,249,10,491.93,0.5,61,7,Bronze,0,4919.3,1
CUST_00795,166,16,128.84,0.92,10,3,Bronze,0,2061.44,0
CUST_00796,335,4,326.45,0.94,50,4,Bronze,0,1305.8,1
CUST_00797,30,27,158.79,0.11,20,2,Bronze,0,4287.33,0
CUST_00798,247,28,450.38,0.14,28,2,Silver,1,12610.64,0
CUST_00799,106,43,300.82,0.36,14,1,Bronze,0,12935.26,0
CUST_00800,51,16,111.66,0.42,76,4,Bronze,0,1786.56,0
CUST_00801,81,33,138.44,0.59,8,1,Bronze,0,4568.52,0
CUST_00802,133,48,221.92,0.77,7,9,Bronze,0,10652.16,0
CUST_00803,285,19,69.8,0.14,5,3,Bronze,0,1326.2,1
CUST_00804,138,21,48.58,0.8,1,9,Silver,0,1020.18,0
CUST_00805,184,22,343.23,0.61,73,0,Bronze,0,7551.06,0
CUST_00806,330,9,209.51,0.98,82,1,Bronze,0,1885.59,0
CUST_00807,273,9,365.85,0.65,10,0,Bronze,0,3292.65,0
CUST_00808,340,9,63.93,0.72,58,1,Bronze,1,575.37,0
CUST_00809,69,27,308.83,0.2,65,3,Bronze,0,8338.41,0
CUST_00810,34,17,227.22,0.77,60,0,Gold,0,3862.74,0
CUST_00811,262,44,38.42,0.08,20,5,Bronze,0,1690.48,1
CUST_00812,53,45,276.95,0.66,58,0,Bronze,1,12462.75,0
CUST_00813,205,8,50.57,0.06,43,2,Bronze,0,404.56,1
CUST_00814,126,16,415.58,0.12,29,1,Silver,0,6649.28,0
CUST_00815,235,18,319.66,0.11,2,1,Bronze,0,5753.88,1
CUST_00816,43,33,282.91,0.05,26,3,Bronze,0,9336.03,0
CUST_00817,240,1,75.4,0.32,75,8,Bronze,0,75.4,1
CUST_00818,111,12,150.85,0.99,89,2,Bronze,0,1810.2,0
CUST_00819,249,6,251.51,0.35,98,5,Bronze,0,1509.06,1
CUST_00820,151,41,320.31,0.76,59,9,Bronze,0,13132.71,0
CUST_00821,183,5,99.78,0.13,1,2,Bronze,0,498.9,1
CUST_00822,336,16,14.34,0.45,31,9,Bronze,0,229.44,1
CUST_00823,95,18,178.93,0.19,38,4,Bronze,0,3220.74,0
CUST_00824,8,49,246.61,0.19,22,8,Silver,0,12083.89,0
CUST_00825,360,18,100.37,0.1,66,2,Gold,0,1806.66,1
CUST_00826,184,1,251.16,0.43,47,7,Gold,1,251.16,0
CUST_00827,281,19,175.86,0.08,1,5,Bronze,0,3341.34,1
CUST_00828,195,8,232.99,0.91,88,7,Silver,0,1863.92,0
CUST_00829,352,3,180.25,0.45,50,1,Bronze,0,540.75,1
CUST_00830,195,25,317.95,0.84,36,8,Bronze,0,7948.75,0
CUST_00831,155,5,31.02,0.98,45,0,Bronze,0,155.1,0
CUST_00832,93,40,93.74,0.68,36,2,Bronze,0,3749.6,0
CUST_00833,160,19,222.05,0.9,34,3,Gold,0,4218.95,0
CUST_00834,61,18,184.59,0.14,9,5,Bronze,0,3322.62,0
CUST_00835,122,31,201.9,0.83,76,3,Bronze,0,6258.9,0
CUST_00836,51,33,403.84,0.27,84,1,Silver,0,13326.72,0
CUST_00837,277,47,444.3,0.47,4,2,Bronze,0,20882.1,0
CUST_00838,5,18,131.85,0.65,79,2,Bronze,0,2373.3,0
CUST_00839,92,39,419.83,0.9,63,5,Bronze,0,16373.37,0
CUST_00840,170,16,234.81,0.91,4,4,Bronze,0,3756.96,0
CUST_00841,317,16,144.17,0.09,5,4,Gold,0,2306.72,1
CUST_00842,22,47,492.87,0.36,10,3,Bronze,1,23164.89,0
CUST_00843,326,38,414.15,0.79,44,3,Bronze,0,15737.7,0
CUST_00844,1,41,497.18,0.7,40,8,Bronze,1,20384.38,0
CUST_00845,133,7,92.41,0.03,36,6,Bronze,0,646.87,1
CUST_00846,233,14,80.48,0.45,35,7,Silver,0,1126.72,1
CUST_00847,12,43,256.66,0.83,59,3,Bronze,0,11036.38,0
CUST_00848,346,48,322.94,0.74,65,2,Bronze,0,15501.12,0
CUST_00849,46,25,93.82,0.41,82,0,Bronze,0,2345.5,0
CUST_00850,34,32,431.61,0.74,31,8,Bronze,0,13811.52,0
CUST_00851,78,38,270.69,0.55,46,8,Silver,1,10286.22,0
CUST_00852,218,22,211.36,0.91,49,1,Bronze,0,4649.92,0
CUST_00853,301,16,305.01,0.59,6,3,Bronze,1,4880.16,0
CUST_00854,73,29,321.13,0.4,70,3,Gold,0,9312.77,0
CUST_00855,282,16,30.96,0.86,19,0,Bronze,0,495.36,0
CUST_00856,249,12,499.95,0.05,96,1,Bronze,0,5999.4,1
CUST_00857,47,17,188.32,0.9,42,7,Bronze,0,3201.44,0
CUST_00858,121,37,40.16,0.7,30,5,Gold,0,1485.92,0
CUST_00859,214,27,427.64,0.94,26,0,Bronze,1,11546.28,0
CUST_00860,239,25,496.58,0.25,3,6,Bronze,0,12414.5,1
CUST_00861,56,13,410.02,0.69,33,6,Bronze,0,5330.26,0
CUST_00862,350,8,427.42,0.81,50,5,Silver,0,3419.36,1
CUST_00863,107,5,316.71,0.7,31,7,Silver,0,1583.55,0
CUST_00864,319,12,461.94,0.21,84,4,Bronze,0,5543.28,1
CUST_00865,48,41,27.51,0.28,68,1,Gold,0,1127.91,0
CUST_00866,61,3,385.69,0.57,96,3,Bronze,0,1157.07,0
CUST_00867,337,35,338.65,0.45,82,7,Bronze,0,11852.75,1
CUST_00868,26,33,34.3,0.74,10,7,Bronze,0,1131.9,0
CUST_00869,292,22,276.55,0.38,22,4,Bronze,0,6084.1,1
CUST_00870,257,44,262.38,0.86,63,5,Bronze,0,11544.72,0
CUST_00871,8,9,348.85,0.43,54,8,Gold,0,3139.65,0
CUST_00872,113,41,47.99,0.04,51,9,Bronze,0,1967.59,0
CUST_00873,355,18,404.59,0.02,81,9,Silver,0,7282.62,1
CUST_00874,253,29,78.31,0.65,4,9,Bronze,0,2270.99,0
CUST_00875,180,39,215.15,0.54,37,1,Silver,0,8390.85,0
CUST_00876,207,27,441.83,0.54,71,4,Bronze,0,11929.41,0
CUST_00877,303,36,284.66,0.79,63,8,Bronze,0,10247.76,0
CUST_00878,127,45,196.0,0.38,51,2,Bronze,0,8820.0,0
CUST_00879,56,17,33.62,1.0,8,5,Bronze,0,571.54,0
CUST_00880,214,34,339.41,0.95,1,3,Gold,0,11539.94,0
CUST_00881,14,46,493.41,0.01,8,3,Bronze,0,22696.86,0
CUST_00882,28,3,456.78,0.9,83,2,Bronze,0,1370.34,0
CUST_00883,78,5,361.48,0.68,81,9,Bronze,0,1807.4,0
CUST_00884,216,14,61.59,0.5,55,0,Silver,0,862.26,0
CUST_00885,154,3,127.33,0.58,9,7,Bronze,0,381.99,0
CUST_00886,14,23,101.56,0.84,51,4,Bronze,1,2335.88,0
CUST_00887,187,39,184.18,0.95,16,1,Gold,0,7183.02,0
CUST_00888,312,30,125.4,0.56,53,0,Gold,0,3762.0,0
CUST_00889,7,45,129.78,0.18,59,0,Silver,0,5840.1,0
CUST_00890,3,23,312.2,0.64,45,3,Bronze,0,7180.6,0
CUST_00891,111,27,166.16,0.08,37,3,Bronze,1,4486.32,0
CUST_00892,238,10,341.81,0.64,91,5,Silver,0,3418.1,0
CUST_00893,363,25,474.47,0.81,66,6,Silver,0,11861.75,1
CUST_00894,239,13,322.85,0.35,64,0,Silver,0,4197.05,0
CUST_00895,274,16,378.31,0.07,36,9,Bronze,0,6052.96,1
CUST_00896,294,41,378.27,0.69,76,1,Bronze,0,15509.07,0
CUST_00897,227,34,172.04,0.34,50,2,Silver,0,5849.36,0
CUST_00898,15,37,17.33,0.25,99,8,Silver,0,641.21,0
CUST_00899,192,22,36.97,0.69,95,3,Bronze,0,813.34,0
CUST_00900,119,17,148.21,0.97,53,5,Bronze,0,2519.57,0
CUST_00901,28,23,347.88,0.75,57,1,Bronze,0,8001.24,0
CUST_00902,202,36,454.27,0.49,19,1,Silver,1,16353.72,0
CUST_00903,39,49,479.81,0.6,26,1,Bronze,0,23510.69,0
CUST_00904,273,9,22.67,0.14,68,4,Gold,1,204.03,0
CUST_00905,231,2,495.14,0.81,43,8,Bronze,0,990.28,0
CUST_00906,86,32,168.02,0.6,95,5,Bronze,0,5376.64,0
CUST_00907,126,22,423.05,0.97,58,8,Bronze,1,9307.1,0
CUST_00908,300,43,98.34,0.98,77,5,Gold,0,4228.62,0
CUST_00909,25,13,40.82,0.35,59,8,Bronze,0,530.66,0
CUST_00910,145,8,195.39,0.99,46,4,Bronze,0,1563.12,0
CUST_00911,13,1,430.87,0.96,68,0,Bronze,0,430.87,0
CUST_00912,212,17,118.2,0.64,40,5,Bronze,1,2009.4,0
CUST_00913,25,12,85.44,0.33,13,3,Bronze,1,1025.28,0
CUST_00914,68,4,455.8,0.75,9,8,Bronze,0,1823.2,0
CUST_00915,67,13,469.79,0.27,66,5,Bronze,0,6107.27,0
CUST_00916,233,31,16.15,0.63,99,0,Bronze,0,500.65,0
CUST_00917,109,41,366.44,0.02,53,5,Bronze,0,15024.04,0
CUST_00918,146,7,161.51,0.63,76,2,Silver,0,1130.57,0
CUST_00919,111,23,193.61,0.95,81,2,Bronze,0,4453.03,0
CUST_00920,228,24,239.86,0.24,4,6,Bronze,0,5756.64,1
CUST_00921,111,5,219.13,0.78,14,1,Silver,1,1095.65,0
CUST_00922,34,5,262.34,0.29,85,8,Bronze,0,1311.7,0
CUST_00923,111,17,295.36,0.71,8,8,Bronze,0,5021.12,0
CUST_00924,264,30,238.14,0.7,97,6,Bronze,0,7144.2,0
CUST_00925,236,9,353.77,0.18,62,8,Silver,0,3183.93,1
CUST_00926,83,6,362.11,0.6,45,5,Bronze,0,2172.66,0
CUST_00927,42,25,225.78,0.86,92,8,Bronze,0,5644.5,0
CUST_00928,101,19,79.81,0.38,67,9,Silver,0,1516.39,0
CUST_00929,6,16,323.91,0.71,62,1,Bronze,0,5182.56,0
CUST_00930,180,21,388.75,0.67,78,4,Bronze,0,8163.75,0
CUST_00931,282,2,322.67,0.26,83,5,Bronze,0,645.34,1
CUST_00932,320,10,298.15,0.92,70,5,Silver,0,2981.5,0
CUST_00933,226,16,122.41,0.56,36,3,Bronze,0,1958.56,0
CUST_00934,315,37,326.12,0.36,84,3,Bronze,1,12066.44,0
CUST_00935,229,15,174.08,0.16,1,4,Silver,0,2611.2,1
CUST_00936,289,13,460.58,0.47,60,5,Bronze,0,5987.54,1
CUST_00937,150,13,330.32,0.73,74,7,Bronze,0,4294.16,0
CUST_00938,277,32,146.31,0.62,13,9,Bronze,0,4681.92,0
CUST_00939,198,45,241.73,0.73,12,0,Gold,0,10877.85,0
CUST_00940,70,47,424.82,0.79,75,7,Bronze,0,19966.54,0
CUST_00941,112,46,174.38,0.44,17,1,Silver,0,8021.48,0
CUST_00942,4,8,267.47,0.52,47,6,Bronze,0,2139.76,0
CUST_00943,350,43,343.04,0.99,53,3,Bronze,1,14750.72,0
CUST_00944,331,18,379.72,0.97,93,7,Bronze,0,6834.96,0
CUST_00945,318,36,95.21,0.41,67,5,Bronze,0,3427.56,1
CUST_00946,350,26,286.92,0.69,93,4,Bronze,0,7459.92,0
CUST_00947,95,10,456.98,0.27,10,9,Bronze,1,4569.8,0
CUST_00948,152,31,484.5,0.15,46,9,Bronze,0,15019.5,0
CUST_00949,311,33,331.51,0.77,83,4,Bronze,0,10939.83,0
CUST_00950,137,29,491.99,0.44,4,3,Bronze,0,14267.71,0
CUST_00951,247,5,289.66,0.18,57,2,Silver,0,1448.3,1
CUST_00952,243,13,226.88,0.76,38,2,Bronze,0,2949.44,0
CUST_00953,31,1,280.28,0.92,12,2,Gold,0,280.28,0
CUST_00954,40,23,66.7,0.93,31,6,Bronze,1,1534.1,0
CUST_00955,229,40,206.84,0.6,2,7,Silver,1,8273.6,0
CUST_00956,36,3,234.62,0.48,1,7,Bronze,0,703.86,0
CUST_00957,223,3,425.83,0.14,81,1,Bronze,0,1277.49,1
CUST_00958,6,7,381.74,0.79,25,2,Bronze,0,2672.18,0
CUST_00959,322,36,304.7,0.95,5,1,Bronze,0,10969.2,0
CUST_00960,220,35,180.17,0.89,48,5,Bronze,0,6305.95,0
CUST_00961,75,15,101.65,0.75,14,2,Bronze,0,1524.75,0
CUST_00962,4,40,180.4,0.0,52,5,Bronze,0,7216.0,0
CUST_00963,335,3,343.1,0.41,74,3,Bronze,0,1029.3,1
CUST_00964,134,29,138.89,0.41,21,9,Bronze,0,4027.81,0
CUST_00965,118,30,219.17,0.89,25,9,Bronze,0,6575.1,0
CUST_00966,94,39,199.52,0.07,99,5,Silver,1,7781.28,0
CUST_00967,62,18,385.14,0.53,67,2,Bronze,0,6932.52,0
CUST_00968,194,11,443.06,0.14,82,4,Silver,0,4873.66,1
CUST_00969,335,43,352.69,0.66,50,7,Gold,0,15165.67,0
CUST_00970,203,49,177.39,0.79,33,2,Bronze,0,8692.11,0
CUST_00971,26,38,222.26,0.64,17,8,Bronze,0,8445.88,0
CUST_00972,173,40,80.24,0.79,70,8,Silver,0,3209.6,0
CUST_00973,300,1,92.37,0.61,34,6,Bronze,0,92.37,1
CUST_00974,133,29,90.5,0.19,26,7,Silver,0,2624.5,0
CUST_00975,326,10,73.99,0.38,42,8,Bronze,1,739.9,1
CUST_00976,118,28,97.99,0.96,31,0,Bronze,0,2743.72,0
CUST_00977,324,31,109.32,0.29,51,6,Bronze,0,3388.92,1
CUST_00978,275,19,64.8,0.06,92,9,Bronze,0,1231.2,1
CUST_00979,212,3,323.73,0.38,36,2,Bronze,0,971.19,1
CUST_00980,225,36,495.3,0.37,13,5,Bronze,0,17830.8,0
CUST_00981,20,43,440.8,0.47,85,8,Bronze,0,18954.4,0
CUST_00982,113,15,32.35,0.56,90,9,Bronze,1,485.25,0
CUST_00983,140,33,217.3,0.99,95,7,Bronze,0,7170.9,0
CUST_00984,47,41,431.06,0.76,80,1,Bronze,0,17673.46,0
CUST_00985,1,43,75.99,0.04,95,3,Silver,0,3267.57,0
CUST_00986,90,45,425.35,0.71,13,4,Silver,0,19140.75,0
CUST_00987,142,26,300.42,0.82,94,9,Silver,0,7810.92,0
CUST_00988,320,16,466.34,0.9,32,5,Bronze,0,7461.44,0
CUST_00989,38,36,439.26,0.42,5,6,Bronze,0,15813.36,0
CUST_00990,293,33,341.75,0.31,12,3,Gold,0,11277.75,1
CUST_00991,139,20,332.33,0.84,59,3,Bronze,1,6646.6,0
CUST_00992,356,13,114.45,0.78,41,4,Bronze,0,1487.85,1
CUST_00993,333,33,67.21,0.54,37,8,Bronze,0,2217.93,1
CUST_00994,259,5,213.54,0.12,68,8,Silver,1,1067.7,1
CUST_00995,161,37,101.42,0.65,48,0,Bronze,0,3752.54,0
CUST_00996,178,14,60.18,0.07,43,4,Bronze,0,842.52,1
CUST_00997,10,27,158.14,0.1,93,4,Silver,0,4269.78,0
CUST_00998,261,23,431.64,0.33,41,6,Bronze,0,9927.72,1
CUST_00999,138,14,18.4,0.37,56,7,Silver,1,257.6,0
CUST_01000,172,40,153.39,0.46,69,2,Bronze,0,6135.6,0
CUST_01001,13,4,217.79,0.34,11,0,Silver,0,871.16,0
CUST_01002,168,39,260.18,0.03,94,1,Bronze,0,10147.02,0
CUST_01003,130,19,98.97,0.16,9,5,Bronze,0,1880.43,0
CUST_01004,84,47,482.47,0.12,28,5,Bronze,0,22676.09,0
CUST_01005,321,4,293.65,0.43,22,4,Bronze,1,1174.6,0
CUST_01006,319,30,265.83,0.21,75,4,Bronze,0,7974.9,1
CUST_01007,101,19,14.32,0.29,85,8,Bronze,1,272.08,0
CUST_01008,329,31,248.0,0.47,6,6,Bronze,0,7688.0,1
CUST_01009,273,31,420.46,0.24,26,5,Silver,1,13034.26,0
CUST_01010,265,9,117.63,0.25,16,6,Bronze,0,1058.67,1
CUST_01011,38,13,182.09,0.83,14,2,Silver,1,2367.17,0
CUST_01012,94,14,20.08,0.55,35,6,Bronze,0,281.12,0
CUST_01013,95,46,488.69,0.86,42,2,Gold,0,22479.74,0
CUST_01014,305,10,42.66,0.51,53,7,Bronze,1,426.6,0
CUST_01015,69,48,450.13,0.91,22,9,Bronze,0,21606.24,0
CUST_01016,318,31,163.36,0.25,53,9,Gold,0,5064.16,1
CUST_01017,236,37,297.9,0.62,66,8,Gold,0,11022.3,0
CUST_01018,334,23,342.86,0.5,13,2,Bronze,0,7885.78,1
CUST_01019,137,27,79.01,0.92,11,6,Bronze,1,2133.27,0
CUST_01020,76,6,227.44,0.42,12,7,Silver,0,1364.64,0
CUST_01021,35,26,169.48,0.85,97,2,Bronze,0,4406.48,0
CUST_01022,1,2,37.74,0.56,86,5,Bronze,1,75.48,0
CUST_01023,296,45,418.26,0.71,53,6,Silver,0,18821.7,0
CUST_01024,320,13,32.13,0.89,9,3,Silver,0,417.69,0
CUST_01025,60,19,330.1,1.0,71,5,Bronze,1,6271.9,0
CUST_01026,320,1,163.9,0.73,17,6,Bronze,0,163.9,1
CUST_01027,349,40,104.14,0.31,61,6,Bronze,0,4165.6,1
CUST_01028,328,32,336.87,0.3,10,0,Bronze,0,10779.84,1
CUST_01029,267,22,291.52,0.31,38,1,Bronze,1,6413.44,0
CUST_01030,361,48,164.48,0.1,39,0,Bronze,1,7895.04,0
CUST_01031,229,29,261.35,0.05,89,8,Gold,0,7579.15,1
CUST_01032,270,2,130.66,0.58,91,6,Silver,0,261.32,1
CUST_01033,316,40,433.21,0.81,94,6,Bronze,0,17328.4,0
CUST_01034,286,38,163.77,0.04,30,2,Gold,0,6223.26,1
CUST_01035,291,48,130.12,0.57,34,4,Bronze,0,6245.76,0
CUST_01036,213,11,378.4,0.37,33,1,Gold,0,4162.4,0
CUST_01037,165,17,18.62,0.89,32,4,Bronze,0,316.54,0
CUST_01038,5,43,141.33,0.15,12,7,Bronze,0,6077.19,0
CUST_01039,339,8,193.94,0.56,87,9,Bronze,1,1551.52,0
CUST_01040,78,22,442.3,0.97,93,2,Bronze,0,9730.6,0
CUST_01041,62,4,475.72,0.35,65,3,Silver,0,1902.88,0
CUST_01042,132,11,361.07,0.74,84,7,Bronze,0,3971.77,0
CUST_01043,89,8,251.34,0.88,10,1,Bronze,0,2010.72,0
CUST_01044,237,9,323.9,0.19,19,0,Bronze,0,2915.1,1
CUST_01045,42,26,212.86,0.99,23,2,Silver,0,5534.36,0
CUST_01046,89,2,156.42,0.81,85,1,Bronze,0,312.84,0
CUST_01047,296,16,475.84,0.14,57,9,Bronze,0,7613.44,1
CUST_01048,328,31,66.54,0.31,99,1,Bronze,0,2062.74,1
CUST_01049,295,6,179.73,0.62,59,3,Bronze,0,1078.38,1
CUST_01050,104,21,450.55,0.88,96,5,Bronze,1,9461.55,0
CUST_01051,14,26,364.34,0.19,54,9,Bronze,0,9472.84,0
CUST_01052,288,19,24.26,0.73,74,9,Silver,0,460.94,1
CUST_01053,179,28,21.32,0.27,2,4,Bronze,0,596.96,0
CUST_01054,125,8,263.09,0.81,48,3,Bronze,0,2104.72,0
CUST_01055,353,14,247.28,0.68,6,7,Gold,0,3461.92,1
CUST_01056,23,24,227.07,0.52,43,4,Silver,0,5449.68,0
CUST_01057,63,48,158.15,0.65,17,1,Bronze,0,7591.2,0
CUST_01058,143,44,493.45,0.88,79,3,Gold,0,21711.8,0
CUST_01059,153,37,143.27,0.39,36,6,Silver,0,5300.99,0
CUST_01060,145,26,250.12,0.77,24,3,Bronze,1,6503.12,0
CUST_01061,225,31,208.4,0.16,61,5,Bronze,0,6460.4,1
CUST_01062,309,32,93.42,0.7,29,1,Bronze,0,2989.44,0
CUST_01063,104,41,109.28,0.75,78,8,Silver,1,4480.48,0
CUST_01064,104,2,459.97,0.44,58,3,Bronze,0,919.94,0
CUST_01065,39,25,430.56,0.79,66,0,Bronze,0,10764.0,0
CUST_01066,198,44,107.53,0.56,86,2,Bronze,0,4731.32,0
CUST_01067,134,2,439.07,0.94,53,6,Bronze,1,878.14,0
CUST_01068,67,42,112.5,0.11,70,9,Bronze,0,4725.0,0
CUST_01069,179,1,317.01,0.13,9,8,Gold,0,317.01,1
CUST_01070,42,36,49.83,0.84,76,5,Bronze,0,1793.88,0
CUST_01071,15,12,441.38,0.84,42,3,Gold,0,5296.56,0
CUST_01072,111,9,35.24,0.47,39,1,Silver,0,317.16,0
CUST_01073,157,36,281.92,0.96,69,8,Bronze,1,10149.12,0
CUST_01074,289,41,392.06,0.68,40,7,Silver,0,16074.46,0
CUST_01075,231,28,67.25,0.98,59,6,Bronze,0,1883.0,0
CUST_01076,157,38,208.2,0.53,44,1,Silver,0,7911.6,0
CUST_01077,38,33,30.56,0.2,65,1,Silver,0,1008.48,0
CUST_01078,97,42,344.55,0.44,74,7,Silver,1,14471.1,0
CUST_01079,289,46,160.65,0.98,11,8,Bronze,0,7389.9,0
CUST_01080,254,22,284.1,0.37,91,8,Silver,0,6250.2,1
CUST_01081,196,25,467.04,0.96,87,7,Bronze,0,11676.0,0
CUST_01082,86,18,159.87,0.8,84,0,Bronze,0,2877.66,0
CUST_01083,322,6,33.83,0.44,5,4,Silver,0,202.98,1
CUST_01084,10,18,341.06,0.54,77,6,Silver,0,6139.08,0
CUST_01085,5,16,395.55,0.61,74,9,Bronze,1,6328.8,0
CUST_01086,123,15,479.36,0.67,49,5,Bronze,0,7190.4,0
CUST_01087,330,48,87.32,0.08,51,0,Bronze,0,4191.36,1
CUST_01088,353,8,202.15,0.93,36,9,Bronze,0,1617.2,1
CUST_01089,118,13,423.63,0.6,16,5,Silver,0,5507.19,0
CUST_01090,294,43,405.37,0.93,7,3,Bronze,1,17430.91,0
CUST_01091,159,7,316.15,0.63,96,2,Bronze,1,2213.05,0
CUST_01092,303,17,141.99,0.43,89,3,Bronze,1,2413.83,0
CUST_01093,228,32,149.18,0.57,44,7,Bronze,1,4773.76,0
CUST_01094,216,22,70.76,0.83,26,5,Bronze,0,1556.72,0
CUST_01095,184,13,461.71,0.33,36,8,Bronze,0,6002.23,1
CUST_01096,15,47,94.74,0.96,53,4,Bronze,0,4452.78,0
CUST_01097,157,23,290.71,0.47,92,8,Bronze,1,6686.33,0
CUST_01098,136,29,296.33,0.96,44,3,Bronze,1,8593.57,0
CUST_01099,261,22,191.11,0.88,12,3,Bronze,0,4204.42,0
CUST_01100,157,1,182.73,0.77,90,5,Bronze,0,182.73,0
CUST_01101,47,29,337.61,0.47,68,9,Silver,0,9790.69,0
CUST_01102,324,48,200.27,0.59,23,6,Bronze,0,9612.96,0
CUST_01103,332,5,135.01,0.84,88,1,Bronze,1,675.05,0
CUST_01104,173,35,205.57,0.54,95,3,Bronze,0,7194.95,0
CUST_01105,130,10,405.75,0.74,30,7,Bronze,0,4057.5,0
CUST_01106,95,19,483.57,0.79,63,8,Bronze,0,9187.83,0
CUST_01107,115,37,321.62,0.51,3,4,Gold,0,11899.94,0
CUST_01108,243,7,393.23,0.54,80,5,Bronze,0,2752.61,1
CUST_01109,292,46,271.08,0.2,34,9,Silver,0,12469.68,1
CUST_01110,282,35,316.16,0.24,92,6,Silver,0,11065.6,1
CUST_01111,299,45,494.16,0.9,49,6,Bronze,0,22237.2,0
CUST_01112,283,13,224.83,0.84,44,2,Gold,0,2922.79,0
CUST_01113,69,10,42.46,0.01,41,1,Bronze,0,424.6,0
CUST_01114,148,2,478.93,0.87,48,9,Bronze,0,957.86,0
CUST_01115,11,6,398.6,0.03,71,7,Bronze,0,2391.6,0
CUST_01116,254,8,205.17,0.46,8,8,Silver,0,1641.36,1
CUST_01117,330,36,491.37,0.07,7,7,Bronze,0,17689.32,1
CUST_01118,360,25,179.31,0.97,37,7,Bronze,0,4482.75,0
CUST_01119,38,44,192.34,0.97,55,1,Bronze,0,8462.96,0
CUST_01120,134,47,308.77,0.61,71,3,Bronze,0,14512.19,0
CUST_01121,200,40,144.43,0.39,50,5,Bronze,0,5777.2,0
CUST_01122,23,7,352.3,0.51,82,7,Bronze,0,2466.1,0
CUST_01123,303,46,84.9,0.76,21,1,Bronze,0,3905.4,0
CUST_01124,346,23,62.93,0.22,34,7,Bronze,0,1447.39,1
CUST_01125,302,19,272.09,0.44,49,0,Silver,0,5169.71,1
CUST_01126,363,46,282.19,0.74,27,5,Gold,0,12980.74,0
CUST_01127,218,22,62.26,0.4,8,7,Bronze,0,1369.72,0
CUST_01128,141,13,482.45,0.03,34,7,Silver,1,6271.85,0
CUST_01129,104,21,290.91,0.51,18,6,Bronze,0,6109.11,0
CUST_01130,210,1,84.01,0.74,51,6,Bronze,0,84.01,0
CUST_01131,111,19,162.61,0.98,12,9,Bronze,0,3089.59,0
CUST_01132,104,33,402.11,0.04,86,8,Silver,0,13269.63,0
CUST_01133,316,4,266.38,0.54,51,1,Bronze,0,1065.52,1
CUST_01134,171,42,102.19,0.45,63,0,Bronze,0,4291.98,0
CUST_01135,356,3,60.4,0.24,40,1,Silver,0,181.2,1
CUST_01136,324,27,221.08,0.64,22,2,Gold,1,5969.16,0
CUST_01137,133,41,175.33,0.16,8,8,Bronze,0,7188.53,0
CUST_01138,293,35,331.4,0.28,28,9,Silver,0,11599.0,1
CUST_01139,328,28,463.37,0.78,50,6,Bronze,0,12974.36,0
CUST_01140,127,6,131.39,0.46,47,4,Bronze,1,788.34,0
CUST_01141,106,6,429.06,0.99,56,4,Bronze,0,2574.36,0
CUST_01142,92,44,461.03,0.39,32,5,Bronze,0,20285.32,0
CUST_01143,287,23,451.98,0.46,11,1,Bronze,0,10395.54,0
CUST_01144,51,33,476.52,0.3,21,0,Bronze,0,15725.16,0
CUST_01145,29,16,422.63,0.24,26,0,Bronze,0,6762.08,0
CUST_01146,296,24,300.81,0.92,14,2,Bronze,1,7219.44,0
CUST_01147,297,5,210.82,0.75,79,0,Bronze,0,1054.1,0
CUST_01148,214,41,250.93,0.33,14,8,Bronze,0,10288.13,0
CUST_01149,267,42,437.58,0.7,76,9,Silver,1,18378.36,0
CUST_01150,257,13,157.69,0.97,3,4,Bronze,1,2049.97,0
CUST_01151,302,47,88.04,0.07,57,8,Silver,1,4137.88,0
CUST_01152,101,12,79.0,0.26,7,4,Bronze,0,948.0,0
CUST_01153,346,5,415.23,0.2,39,0,Bronze,0,2076.15,1
CUST_01154,110,37,383.13,0.87,57,6,Bronze,0,14175.81,0
CUST_01155,182,31,253.85,0.18,65,6,Silver,0,7869.35,0
CUST_01156,313,28,144.69,0.31,25,3,Bronze,0,4051.32,1
CUST_01157,1,28,342.03,0.54,31,2,Silver,0,9576.84,0
CUST_01158,319,30,28.83,0.62,86,0,Bronze,0,864.9,0
CUST_01159,55,18,288.43,0.81,10,6,Gold,0,5191.74,0
CUST_01160,149,44,205.23,0.41,82,4,Gold,0,9030.12,0
CUST_01161,309,27,489.15,0.53,77,9,Silver,0,13207.05,1
CUST_01162,137,35,258.7,0.97,72,0,Bronze,1,9054.5,0
CUST_01163,202,26,280.61,0.3,9,0,Bronze,0,7295.86,0
CUST_01164,313,39,359.06,0.25,79,2,Bronze,0,14003.34,1
CUST_01165,117,49,247.42,0.71,8,2,Bronze,0,12123.58,0
CUST_01166,154,18,120.04,0.77,97,1,Bronze,0,2160.72,0
CUST_01167,291,33,273.27,0.41,99,7,Bronze,0,9017.91,1
CUST_01168,63,25,472.69,0.21,19,7,Silver,0,11817.25,0
CUST_01169,244,31,210.86,0.78,30,5,Bronze,0,6536.66,0
CUST_01170,25,37,343.02,0.67,9,4,Bronze,0,12691.74,0
CUST_01171,90,2,489.24,0.88,83,5,Bronze,0,978.48,0
CUST_01172,75,33,416.66,0.84,47,0,Silver,0,13749.78,0
CUST_01173,294,39,332.93,0.21,46,1,Bronze,1,12984.27,0
CUST_01174,210,43,370.64,0.83,90,6,Gold,0,15937.52,0
CUST_01175,347,43,468.88,0.18,1,0,Gold,1,20161.84,0
CUST_01176,17,32,480.28,0.86,3,7,Bronze,0,15368.96,0
CUST_01177,128,18,484.79,0.77,34,2,Bronze,0,8726.22,0
CUST_01178,364,17,316.56,0.57,25,3,Bronze,1,5381.52,0
CUST_01179,251,34,198.51,0.64,30,6,Silver,0,6749.34,0
CUST_01180,179,39,75.25,0.1,1,9,Bronze,0,2934.75,0
CUST_01181,182,7,198.92,0.04,18,6,Bronze,0,1392.44,1
CUST_01182,152,42,472.05,0.33,33,1,Bronze,0,19826.1,0
CUST_01183,25,35,446.0,0.82,9,4,Bronze,0,15610.0,0
CUST_01184,180,30,266.59,0.47,7,7,Bronze,0,7997.7,0
CUST_01185,198,12,273.13,0.22,30,8,Bronze,0,3277.56,1
CUST_01186,344,35,161.37,0.83,77,4,Bronze,0,5647.95,0
CUST_01187,161,11,232.71,0.23,81,1,Bronze,1,2559.81,0
CUST_01188,177,44,360.08,0.82,13,3,Gold,0,15843.52,0
CUST_01189,285,4,207.19,0.45,13,4,Bronze,0,828.76,1
CUST_01190,63,25,102.11,0.46,42,5,Silver,0,2552.75,0
CUST_01191,150,48,275.02,0.27,74,5,Bronze,0,13200.96,0
CUST_01192,154,32,120.42,0.9,78,0,Bronze,0,3853.44,0
CUST_01193,156,20,487.4,0.09,63,5,Bronze,0,9748.0,0
CUST_01194,49,31,201.27,0.14,69,9,Silver,0,6239.37,0
CUST_01195,337,4,455.74,0.64,36,0,Bronze,0,1822.96,1
CUST_01196,84,38,120.52,0.85,35,4,Silver,0,4579.76,0
CUST_01197,361,47,102.71,0.1,46,6,Gold,0,4827.37,1
CUST_01198,177,1,312.28,0.73,45,7,Bronze,0,312.28,0
CUST_01199,148,3,391.9,0.74,56,4,Bronze,0,1175.7,0
CUST_01200,118,37,287.71,0.58,87,1,Bronze,0,10645.27,0
CUST_01201,342,22,122.6,0.49,5,2,Silver,0,2697.2,1
CUST_01202,63,17,28.57,0.32,44,6,Bronze,0,485.69,0
CUST_01203,189,14,312.96,0.35,28,9,Bronze,0,4381.44,1
CUST_01204,360,41,74.21,0.67,87,3,Silver,0,3042.61,0
CUST_01205,49,35,178.16,0.07,42,0,Bronze,0,6235.6,0
CUST_01206,327,13,341.13,0.58,98,2,Bronze,0,4434.69,1
CUST_01207,257,35,58.03,0.28,31,9,Bronze,0,2031.05,1
CUST_01208,224,43,72.35,0.47,7,1,Gold,0,3111.05,0
CUST_01209,141,2,40.22,0.56,7,8,Bronze,0,80.44,0
CUST_01210,215,47,498.08,0.89,4,0,Bronze,0,23409.76,0
CUST_01211,211,13,199.67,0.58,32,8,Bronze,1,2595.71,0
CUST_01212,318,16,453.84,0.23,28,9,Silver,0,7261.44,1
CUST_01213,32,18,153.86,0.08,56,4,Bronze,0,2769.48,0
CUST_01214,158,7,379.07,0.63,4,5,Bronze,0,2653.49,0
CUST_01215,285,45,117.34,0.55,8,5,Gold,0,5280.3,0
CUST_01216,305,36,254.18,0.67,14,5,Bronze,0,9150.48,0
CUST_01217,286,41,414.06,0.46,30,8,Silver,0,16976.46,0
CUST_01218,144,30,410.0,0.83,3,8,Bronze,0,12300.0,0
CUST_01219,19,42,399.2,0.92,2,9,Bronze,0,16766.4,0
CUST_01220,18,41,413.63,0.04,10,6,Bronze,0,16958.83,0
CUST_01221,257,7,113.62,0.74,70,2,Gold,0,795.34,0
CUST_01222,78,15,246.29,0.04,71,6,Bronze,0,3694.35,0
CUST_01223,175,40,247.59,0.45,16,4,Bronze,1,9903.6,0
CUST_01224,194,19,446.35,0.46,70,8,Silver,0,8480.65,0
CUST_01225,113,43,155.48,0.7,80,7,Gold,0,6685.64,0
CUST_01226,114,37,466.43,0.35,91,9,Bronze,0,17257.91,0
CUST_01227,222,2,230.89,0.82,76,5,Bronze,0,461.78,0
CUST_01228,166,42,338.2,0.34,86,4,Bronze,0,14204.4,0
CUST_01229,319,48,141.75,0.34,79,9,Silver,0,6804.0,1
CUST_01230,132,13,211.05,0.22,22,1,Bronze,0,2743.65,0
CUST_01231,264,40,357.8,0.68,35,2,Silver,0,14312.0,0
CUST_01232,55,41,261.25,0.08,79,2,Bronze,0,10711.25,0
CUST_01233,359,43,466.05,0.36,87,3,Bronze,0,20040.15,1
CUST_01234,131,43,371.19,0.27,49,2,Bronze,1,15961.17,0
CUST_01235,288,31,286.56,0.23,2,6,Bronze,0,8883.36,1
CUST_01236,266,16,444.47,0.06,66,5,Bronze,0,7111.52,1
CUST_01237,162,42,336.12,0.19,19,7,Silver,0,14117.04,0
CUST_01238,87,44,327.19,0.45,69,1,Bronze,0,14396.36,0
CUST_01239,55,6,130.72,0.5,4,1,Bronze,1,784.32,0
CUST_01240,288,28,203.48,0.27,92,0,Silver,0,5697.44,0
CUST_01241,178,32,344.82,0.65,82,4,Bronze,0,11034.24,0
CUST_01242,349,44,446.98,0.34,41,6,Bronze,0,19667.12,1
CUST_01243,8,10,164.62,0.37,56,8,Silver,0,1646.2,0
CUST_01244,321,18,115.59,0.78,55,4,Bronze,0,2080.62,0
CUST_01245,313,4,300.91,0.55,31,0,Bronze,0,1203.64,1
CUST_01246,247,9,42.93,0.95,22,2,Silver,0,386.37,0
CUST_01247,323,7,360.13,0.36,75,7,Bronze,0,2520.91,1
CUST_01248,255,8,354.54,0.83,48,2,Silver,0,2836.32,0
CUST_01249,328,43,183.93,0.74,80,6,Bronze,0,7908.99,0
CUST_01250,54,7,447.41,0.89,4,9,Bronze,1,3131.87,0
CUST_01251,249,41,256.07,0.96,21,2,Silver,0,10498.87,0
CUST_01252,239,40,326.42,0.01,41,1,Bronze,0,13056.8,0
CUST_01253,229,3,112.69,0.09,45,9,Silver,0,338.07,1
CUST_01254,67,17,214.5,0.67,89,5,Bronze,0,3646.5,0
CUST_01255,51,2,432.58,0.39,84,1,Gold,0,865.16,0
CUST_01256,97,15,114.34,0.82,8,9,Silver,0,1715.1,0
CUST_01257,92,46,201.38,0.01,9,4,Bronze,0,9263.48,0
CUST_01258,264,29,165.86,0.81,18,4,Silver,0,4809.94,0
CUST_01259,291,48,84.04,0.14,31,4,Bronze,0,4033.92,0
CUST_01260,96,22,151.96,0.29,35,5,Silver,0,3343.12,0
CUST_01261,88,4,124.06,0.97,30,2,Bronze,0,496.24,0
CUST_01262,78,6,462.56,0.05,18,9,Gold,0,2775.36,1
CUST_01263,288,38,373.13,0.35,83,4,Bronze,0,14178.94,0
CUST_01264,120,26,164.89,0.08,41,7,Bronze,0,4287.14,0
CUST_01265,302,11,384.04,0.85,24,3,Bronze,0,4224.44,0
CUST_01266,165,26,20.85,0.7,86,4,Bronze,1,542.1,0
CUST_01267,182,17,268.0,0.8,48,0,Bronze,0,4556.0,0
CUST_01268,223,24,132.66,0.53,14,0,Bronze,0,3183.84,0
CUST_01269,311,28,66.02,0.36,19,7,Bronze,0,1848.56,1
CUST_01270,7,35,443.04,0.0,60,1,Bronze,0,15506.4,0
CUST_01271,330,31,107.68,0.28,93,9,Gold,0,3338.08,1
CUST_01272,263,13,412.97,0.51,22,9,Bronze,0,5368.61,1
CUST_01273,161,35,212.48,0.66,30,6,Bronze,0,7436.8,0
CUST_01274,151,16,17.0,0.23,15,6,Gold,0,272.0,0
CUST_01275,85,15,368.94,0.14,21,8,Bronze,0,5534.1,0
CUST_01276,147,43,302.22,0.2,26,0,Bronze,0,12995.46,0
CUST_01277,112,18,178.64,0.35,12,1,Silver,0,3215.52,0
CUST_01278,36,47,147.96,0.15,7,0,Bronze,0,6954.12,0
CUST_01279,285,37,46.11,0.16,75,0,Bronze,0,1706.07,0
CUST_01280,188,48,471.3,0.04,84,3,Bronze,0,22622.4,0
CUST_01281,82,48,252.05,0.86,35,7,Bronze,1,12098.4,0
CUST_01282,2,49,51.91,0.22,68,9,Bronze,0,2543.59,0
CUST_01283,303,41,435.65,0.82,2,7,Bronze,0,17861.65,0
CUST_01284,197,27,146.63,0.44,20,8,Silver,0,3959.01,0
CUST_01285,11,35,109.77,0.63,47,1,Silver,0,3841.95,0
CUST_01286,234,45,147.66,0.08,84,6,Bronze,0,6644.7,0
CUST_01287,195,35,286.64,0.58,12,3,Bronze,0,10032.4,0
CUST_01288,119,28,46.29,0.29,53,2,Bronze,0,1296.12,0
CUST_01289,20,39,246.06,0.1,17,3,Bronze,0,9596.34,0
CUST_01290,261,38,448.91,0.91,18,3,Silver,1,17058.58,0
CUST_01291,293,9,102.2,0.6,24,2,Bronze,0,919.8,1
CUST_01292,256,12,172.28,0.24,72,8,Gold,0,2067.36,1
CUST_01293,222,15,204.1,0.42,37,7,Bronze,0,3061.5,1
CUST_01294,226,21,297.25,0.36,30,9,Gold,0,6242.25,1
CUST_01295,53,35,460.43,0.7,84,1,Silver,0,16115.05,0
CUST_01296,355,42,203.32,0.61,52,2,Bronze,0,8539.44,0
CUST_01297,342,33,43.88,0.02,23,9,Bronze,0,1448.04,1
CUST_01298,364,19,180.5,0.2,37,6,Bronze,0,3429.5,1
CUST_01299,280,23,103.14,0.48,74,4,Bronze,0,2372.22,0
CUST_01300,81,13,329.37,0.45,97,0,Bronze,1,4281.81,0
CUST_01301,202,44,24.34,0.52,24,0,Bronze,0,1070.96,0
CUST_01302,158,1,153.05,0.71,80,7,Silver,0,153.05,0
CUST_01303,120,29,277.14,0.68,50,5,Bronze,0,8037.06,0
CUST_01304,59,24,145.89,0.37,92,3,Bronze,0,3501.36,0
CUST_01305,215,16,279.99,0.88,76,2,Gold,0,4479.84,0
CUST_01306,128,25,66.21,0.06,20,8,Bronze,0,1655.25,0
CUST_01307,224,23,471.97,0.58,47,8,Silver,0,10855.31,0
CUST_01308,209,28,152.54,0.95,18,3,Bronze,0,4271.12,0
CUST_01309,115,47,462.27,0.55,26,7,Bronze,0,21726.69,0
CUST_01310,209,16,169.66,0.46,71,3,Bronze,1,2714.56,0
CUST_01311,14,43,393.1,0.13,43,7,Bronze,0,16903.3,0
CUST_01312,9,38,130.63,0.81,47,6,Bronze,0,4963.94,0
CUST_01313,40,11,338.19,0.37,85,5,Bronze,0,3720.09,0
CUST_01314,237,3,168.62,0.7,43,6,Bronze,0,505.86,1
CUST_01315,281,15,259.49,0.2,32,5,Bronze,0,3892.35,1
CUST_01316,359,1,340.17,0.04,7,5,Bronze,0,340.17,1
CUST_01317,201,7,298.55,0.31,87,6,Bronze,0,2089.85,1
CUST_01318,246,1,292.38,0.28,84,3,Bronze,0,292.38,1
CUST_01319,278,49,42.18,0.87,84,4,Gold,0,2066.82,0
CUST_01320,235,32,132.05,0.86,32,8,Bronze,0,4225.6,0
CUST_01321,4,9,290.2,0.53,90,1,Silver,0,2611.8,0
CUST_01322,154,29,18.98,0.02,88,8,Bronze,1,550.42,0
CUST_01323,29,26,132.82,0.23,65,4,Bronze,0,3453.32,0
CUST_01324,109,23,122.3,0.64,58,9,Bronze,0,2812.9,0
CUST_01325,98,45,132.43,0.1,53,0,Bronze,0,5959.35,0
CUST_01326,215,43,272.45,0.7,92,6,Bronze,0,11715.35,0
CUST_01327,293,29,295.16,0.01,90,4,Bronze,0,8559.64,1
CUST_01328,75,38,455.41,0.68,34,2,Bronze,0,17305.58,0
CUST_01329,326,33,199.16,0.84,90,2,Bronze,0,6572.28,0
CUST_01330,146,7,464.02,0.47,69,0,Bronze,0,3248.14,0
CUST_01331,128,12,329.46,0.83,56,6,Gold,0,3953.52,0
CUST_01332,341,31,457.2,0.78,66,1,Bronze,1,14173.2,0
CUST_01333,42,32,418.4,0.67,32,7,Bronze,0,13388.8,0
CUST_01334,356,20,346.92,0.45,98,3,Bronze,0,6938.4,1
CUST_01335,41,17,184.49,0.27,50,3,Bronze,0,3136.33,0
CUST_01336,34,36,128.14,0.86,94,4,Bronze,0,4613.04,0
CUST_01337,17,3,118.97,0.65,24,8,Gold,0,356.91,0
CUST_01338,165,1,476.57,0.8,92,6,Bronze,0,476.57,0
CUST_01339,153,27,479.7,0.55,46,2,Bronze,1,12951.9,0
CUST_01340,76,47,365.17,0.17,3,3,Bronze,0,17162.99,0
CUST_01341,87,40,443.06,0.98,10,8,Bronze,1,17722.4,0
CUST_01342,117,33,460.31,0.18,6,0,Bronze,1,15190.23,0
CUST_01343,362,20,260.66,0.91,98,7,Bronze,0,5213.2,1
CUST_01344,342,14,318.24,0.21,95,7,Bronze,1,4455.36,1
CUST_01345,27,36,215.19,0.37,52,6,Bronze,0,7746.84,0
CUST_01346,313,5,215.06,0.44,50,5,Silver,0,1075.3,1
CUST_01347,287,23,28.83,0.92,58,6,Bronze,1,663.09,0
CUST_01348,134,45,222.57,0.89,52,9,Bronze,0,10015.65,0
CUST_01349,219,15,340.01,0.82,13,3,Bronze,0,5100.15,0
CUST_01350,168,6,216.77,0.38,59,3,Bronze,0,1300.62,0
CUST_01351,98,33,437.48,0.0,39,4,Silver,0,14436.84,0
CUST_01352,268,19,172.96,0.68,53,3,Bronze,0,3286.24,0
CUST_01353,237,13,75.01,0.41,58,3,Bronze,0,975.13,1
CUST_01354,309,29,407.66,0.76,20,8,Bronze,0,11822.14,0
CUST_01355,173,6,340.23,0.79,63,5,Bronze,0,2041.38,0
CUST_01356,190,15,128.49,0.44,96,2,Bronze,1,1927.35,0
CUST_01357,122,16,272.86,0.75,10,2,Bronze,0,4365.76,0
CUST_01358,46,24,206.91,0.84,26,9,Bronze,0,4965.84,0
CUST_01359,64,23,470.04,0.93,19,7,Bronze,0,10810.92,0
CUST_01360,130,48,307.59,0.58,93,2,Bronze,0,14764.32,0
CUST_01361,310,10,87.61,0.78,61,3,Gold,0,876.1,0
CUST_01362,363,41,256.05,0.49,77,5,Bronze,0,10498.05,1
CUST_01363,193,41,432.65,0.04,34,8,Silver,0,17738.65,0
CUST_01364,307,49,339.03,0.16,84,5,Bronze,0,16612.47,1
CUST_01365,181,17,422.8,0.13,44,2,Gold,1,7187.6,0
CUST_01366,292,49,132.7,0.17,18,5,Silver,0,6502.3,0
CUST_01367,282,44,445.29,0.01,98,3,Bronze,0,19592.76,1
CUST_01368,29,45,380.25,0.86,72,4,Gold,0,17111.25,0
CUST_01369,149,30,367.17,0.56,16,4,Silver,0,11015.1,0
CUST_01370,267,44,179.81,0.38,87,2,Bronze,0,7911.64,0
CUST_01371,296,46,444.95,0.41,96,4,Gold,0,20467.7,0
CUST_01372,11,10,322.61,0.46,77,4,Bronze,0,3226.1,0
CUST_01373,164,19,427.4,0.07,26,6,Bronze,0,8120.6,1
CUST_01374,113,29,186.88,0.27,65,8,Silver,1,5419.52,0
CUST_01375,187,2,81.37,0.85,66,4,Silver,0,162.74,0
CUST_01376,295,36,172.85,0.74,77,8,Bronze,0,6222.6,0
CUST_01377,232,19,233.08,0.56,27,4,Bronze,0,4428.52,0
CUST_01378,227,7,271.37,0.48,4,3,Bronze,0,1899.59,0
CUST_01379,310,26,260.3,0.26,51,5,Bronze,0,6767.8,1
CUST_01380,98,15,277.57,0.47,84,7,Bronze,1,4163.55,0
CUST_01381,55,47,422.44,0.6,3,3,Bronze,0,19854.68,0
CUST_01382,111,38,93.35,0.71,87,4,Silver,0,3547.3,0
CUST_01383,152,3,164.87,0.17,66,9,Bronze,0,494.61,1
CUST_01384,246,38,445.42,0.81,16,0,Bronze,0,16925.96,0
CUST_01385,69,16,284.62,0.35,74,9,Bronze,0,4553.92,0
CUST_01386,312,2,295.86,0.5,28,0,Gold,0,591.72,1
CUST_01387,289,31,244.25,0.61,44,7,Bronze,0,7571.75,0
CUST_01388,250,28,279.0,0.49,18,6,Bronze,1,7812.0,0
CUST_01389,36,7,107.06,0.57,2,4,Bronze,0,749.42,0
CUST_01390,239,30,277.96,0.11,78,8,Silver,0,8338.8,1
CUST_01391,148,43,498.61,0.43,44,0,Bronze,0,21440.23,0
CUST_01392,227,7,287.36,0.28,20,2,Gold,0,2011.52,1
CUST_01393,244,36,31.76,0.09,56,5,Bronze,0,1143.36,1
CUST_01394,337,29,400.25,0.19,23,0,Bronze,0,11607.25,1
CUST_01395,201,24,204.27,0.6,60,5,Bronze,0,4902.48,0
CUST_01396,154,39,85.3,0.2,71,1,Bronze,0,3326.7,0
CUST_01397,73,4,432.63,0.18,45,9,Bronze,1,1730.52,0
CUST_01398,201,29,107.01,0.55,47,4,Bronze,1,3103.29,0
CUST_01399,296,44,461.18,0.9,78,9,Silver,0,20291.92,0
CUST_01400,17,5,226.48,0.79,37,1,Bronze,0,1132.4,0
CUST_01401,129,29,373.97,0.91,8,0,Silver,0,10845.13,0
CUST_01402,217,30,278.03,0.58,5,3,Gold,0,8340.9,0
CUST_01403,61,29,135.75,0.41,23,1,Bronze,0,3936.75,0
CUST_01404,104,26,338.83,0.73,10,8,Bronze,0,8809.58,0
CUST_01405,42,19,479.38,0.26,27,2,Bronze,0,9108.22,0
CUST_01406,25,26,387.12,0.08,99,8,Bronze,0,10065.12,0
CUST_01407,39,37,305.97,0.34,1,3,Bronze,0,11320.89,0
CUST_01408,291,27,495.41,0.3,71,9,Bronze,0,13376.07,1
CUST_01409,131,30,140.01,0.68,8,6,Bronze,0,4200.3,0
CUST_01410,229,30,40.55,0.55,11,6,Silver,0,1216.5,0
CUST_01411,108,3,25.74,0.14,98,5,Bronze,0,77.22,1
CUST_01412,172,43,358.24,0.91,28,7,Bronze,0,15404.32,0
CUST_01413,102,7,416.81,0.59,34,5,Silver,0,2917.67,0
CUST_01414,354,49,321.2,0.46,43,8,Silver,1,15738.8,0
CUST_01415,12,9,453.46,0.94,84,4,Bronze,1,4081.14,0
CUST_01416,275,41,352.01,0.1,28,2,Gold,0,14432.41,0
CUST_01417,101,42,191.77,0.79,49,4,Gold,0,8054.34,0
CUST_01418,44,13,98.82,0.36,61,3,Silver,0,1284.66,0
CUST_01419,305,15,463.08,0.7,37,2,Bronze,0,6946.2,0
CUST_01420,17,5,60.76,0.93,3,0,Bronze,0,303.8,0
CUST_01421,330,29,276.06,0.52,9,7,Bronze,0,8005.74,1
CUST_01422,57,35,163.86,0.02,86,3,Silver,0,5735.1,0
CUST_01423,311,27,142.99,0.03,89,2,Silver,0,3860.73,1
CUST_01424,303,27,326.46,0.33,2,3,Silver,0,8814.42,1
CUST_01425,12,8,123.31,0.78,23,0,Bronze,0,986.48,0
CUST_01426,318,32,459.02,0.29,51,5,Bronze,0,14688.64,1
CUST_01427,80,20,208.96,0.33,17,2,Bronze,0,4179.2,0
CUST_01428,216,10,341.91,0.78,25,7,Bronze,0,3419.1,0
CUST_01429,339,13,366.6,0.12,76,9,Gold,1,4765.8,1
CUST_01430,264,29,344.64,0.85,27,4,Bronze,0,9994.56,0
CUST_01431,149,35,452.67,0.27,20,8,Bronze,0,15843.45,0
CUST_01432,81,8,123.25,0.05,73,8,Silver,0,986.0,1
CUST_01433,215,29,52.17,0.12,87,1,Bronze,0,1512.93,0
CUST_01434,198,31,37.18,0.95,36,4,Silver,0,1152.58,0
CUST_01435,200,41,440.14,0.45,28,6,Bronze,0,18045.74,0
CUST_01436,25,30,486.91,0.26,29,6,Bronze,0,14607.3,0
CUST_01437,89,22,158.24,0.52,42,9,Silver,1,3481.28,0
CUST_01438,268,21,349.82,0.68,58,2,Bronze,0,7346.22,0
CUST_01439,143,12,14.37,0.32,32,6,Bronze,0,172.44,0
CUST_01440,59,11,102.43,0.73,12,6,Bronze,0,1126.73,0
CUST_01441,26,2,347.74,0.25,30,3,Bronze,0,695.48,0
CUST_01442,47,41,42.28,0.11,60,6,Bronze,1,1733.48,0
CUST_01443,288,2,239.57,0.55,11,7,Bronze,0,479.14,1
CUST_01444,266,34,334.67,0.15,84,2,Silver,0,11378.78,1
CUST_01445,16,3,385.32,0.94,11,1,Bronze,0,1155.96,0
CUST_01446,199,16,232.37,0.0,80,8,Bronze,0,3717.92,1
CUST_01447,282,4,318.84,0.76,99,6,Silver,0,1275.36,1
CUST_01448,86,23,274.39,0.28,50,0,Bronze,0,6310.97,0
CUST_01449,250,20,35.63,0.85,1,9,Bronze,0,712.6,0
CUST_01450,270,25,373.97,0.06,89,9,Bronze,0,9349.25,1
CUST_01451,335,30,94.46,0.95,27,8,Silver,0,2833.8,0
CUST_01452,117,18,25.58,0.1,32,4,Silver,0,460.44,0
CUST_01453,7,42,231.07,0.79,6,1,Bronze,0,9704.94,0
CUST_01454,137,11,434.16,0.52,41,6,Silver,0,4775.76,0
CUST_01455,176,29,83.91,0.43,36,8,Bronze,0,2433.39,0
CUST_01456,328,17,16.3,0.28,39,2,Bronze,0,277.1,1
CUST_01457,315,26,63.89,0.84,87,3,Bronze,0,1661.14,0
CUST_01458,215,23,188.19,0.2,93,8,Bronze,0,4328.37,1
CUST_01459,82,48,294.28,0.72,30,1,Bronze,0,14125.44,0
CUST_01460,223,20,104.58,0.45,86,3,Bronze,0,2091.6,0
CUST_01461,103,45,402.96,1.0,57,4,Gold,1,18133.2,0
CUST_01462,273,2,379.12,0.61,11,3,Bronze,0,758.24,1
CUST_01463,14,24,350.97,0.1,90,6,Bronze,0,8423.28,0
CUST_01464,159,31,248.86,0.42,87,5,Gold,0,7714.66,0
CUST_01465,152,27,188.96,0.07,3,8,Bronze,0,5101.92,1
CUST_01466,108,2,194.04,0.29,48,3,Bronze,0,388.08,0
CUST_01467,188,14,256.5,0.34,6,8,Bronze,0,3591.0,1
CUST_01468,301,4,47.88,0.85,7,0,Bronze,0,191.52,0
CUST_01469,98,49,344.33,0.84,44,5,Silver,0,16872.17,0
CUST_01470,131,13,182.24,0.01,61,6,Bronze,0,2369.12,1
CUST_01471,293,36,120.13,0.53,54,8,Gold,0,4324.68,0
CUST_01472,171,35,146.38,0.22,51,0,Bronze,0,5123.3,0
CUST_01473,183,44,98.34,0.32,86,0,Bronze,0,4326.96,0
CUST_01474,364,8,451.77,0.02,48,1,Bronze,0,3614.16,1
CUST_01475,39,2,92.83,0.75,61,5,Bronze,1,185.66,0
CUST_01476,15,6,442.63,0.95,97,2,Bronze,0,2655.78,0
CUST_01477,4,31,290.4,0.22,40,5,Silver,0,9002.4,0
CUST_01478,349,10,435.05,0.34,3,1,Bronze,0,4350.5,1
CUST_01479,210,44,242.29,0.21,30,9,Bronze,0,10660.76,0
CUST_01480,161,21,464.54,0.93,24,5,Silver,0,9755.34,0
CUST_01481,16,42,113.63,0.01,67,6,Bronze,0,4772.46,0
CUST_01482,108,10,281.8,0.58,2,5,Bronze,0,2818.0,0
CUST_01483,311,23,71.66,0.87,44,1,Bronze,0,1648.18,0
CUST_01484,227,3,229.14,0.19,40,4,Bronze,0,687.42,1
CUST_01485,170,32,289.25,0.59,19,9,Bronze,0,9256.0,0
CUST_01486,34,20,306.78,0.05,63,5,Gold,0,6135.6,0
CUST_01487,251,10,189.11,0.81,24,7,Bronze,0,1891.1,0
CUST_01488,247,29,47.4,0.27,50,8,Gold,0,1374.6,1
CUST_01489,269,41,331.11,0.99,20,4,Silver,0,13575.51,0
CUST_01490,141,46,249.33,0.92,57,6,Bronze,0,11469.18,0
CUST_01491,274,34,77.07,0.73,50,3,Bronze,0,2620.38,0
CUST_01492,96,37,468.58,0.5,95,9,Bronze,0,17337.46,0
CUST_01493,227,20,478.28,0.77,58,4,Silver,0,9565.6,0
CUST_01494,39,8,429.74,0.13,31,0,Bronze,0,3437.92,0
CUST_01495,302,7,423.5,0.31,37,2,Bronze,0,2964.5,1
CUST_01496,29,6,58.35,0.03,93,1,Gold,0,350.1,0
CUST_01497,318,11,496.78,0.65,4,5,Silver,0,5464.58,1
CUST_01498,245,44,206.19,0.81,58,8,Silver,0,9072.36,0
CUST_01499,236,18,89.93,0.95,10,9,Bronze,0,1618.74,0
CUST_01500,185,42,407.93,0.69,63,2,Bronze,0,17133.06,0
CUST_01501,272,29,120.61,0.73,36,1,Bronze,0,3497.69,0
CUST_01502,236,25,267.83,0.9,55,1,Bronze,0,6695.75,0
CUST_01503,239,21,72.73,0.94,99,5,Bronze,0,1527.33,0
CUST_01504,266,46,242.58,0.49,57,9,Silver,0,11158.68,0
CUST_01505,359,3,283.49,0.11,85,5,Bronze,0,850.47,1
CUST_01506,340,18,228.5,0.47,43,4,Bronze,1,4113.0,0
CUST_01507,65,24,44.05,0.56,65,8,Bronze,0,1057.2,0
CUST_01508,177,47,247.62,0.63,12,6,Bronze,0,11638.14,0
CUST_01509,3,38,239.78,0.99,62,6,Bronze,0,9111.64,0
CUST_01510,142,10,138.19,0.92,24,0,Gold,1,1381.9,0
CUST_01511,158,27,461.58,0.4,2,9,Bronze,0,12462.66,0
CUST_01512,324,12,214.72,0.11,47,9,Bronze,0,2576.64,1
CUST_01513,146,7,433.42,0.21,56,1,Bronze,0,3033.94,0
CUST_01514,293,17,63.74,0.17,84,2,Bronze,0,1083.58,1
CUST_01515,153,1,166.25,0.36,16,4,Gold,1,166.25,0
CUST_01516,193,26,96.4,0.88,34,3,Bronze,0,2506.4,0
CUST_01517,73,15,210.12,0.44,77,7,Silver,0,3151.8,0
CUST_01518,305,33,64.7,0.57,18,3,Bronze,0,2135.1,0
CUST_01519,344,37,226.11,0.18,29,5,Bronze,0,8366.07,1
CUST_01520,140,47,183.4,0.49,54,8,Bronze,0,8619.8,0
CUST_01521,187,31,119.42,0.87,51,1,Bronze,0,3702.02,0
CUST_01522,293,35,324.67,0.77,14,7,Bronze,0,11363.45,0
CUST_01523,61,1,475.95,0.08,94,4,Bronze,0,475.95,0
CUST_01524,198,8,111.49,0.86,58,9,Bronze,1,891.92,0
CUST_01525,295,12,358.78,0.27,35,5,Bronze,0,4305.36,1
CUST_01526,319,19,373.77,0.67,9,2,Bronze,0,7101.63,0
CUST_01527,302,25,254.08,0.15,37,7,Gold,0,6352.0,1
CUST_01528,344,32,449.86,0.67,12,1,Bronze,0,14395.52,0
CUST_01529,11,12,483.53,0.04,85,0,Bronze,1,5802.36,0
CUST_01530,62,13,187.5,0.6,82,0,Bronze,0,2437.5,0
CUST_01531,333,28,329.01,0.65,11,7,Bronze,0,9212.28,1
CUST_01532,226,1,334.48,0.24,27,1,Bronze,0,334.48,1
CUST_01533,153,6,207.78,0.94,88,4,Bronze,0,1246.68,0
CUST_01534,199,8,165.23,0.05,43,1,Silver,0,1321.84,1
CUST_01535,52,4,467.53,0.89,50,3,Gold,0,1870.12,0
CUST_01536,260,5,397.09,0.38,98,8,Bronze,0,1985.45,1
CUST_01537,59,25,66.09,0.71,20,1,Bronze,0,1652.25,0
CUST_01538,72,22,68.74,0.65,13,3,Bronze,0,1512.28,0
CUST_01539,148,28,462.05,0.17,47,9,Bronze,0,12937.4,0
CUST_01540,349,39,49.89,0.32,8,4,Bronze,0,1945.71,1
CUST_01541,63,23,347.33,0.53,69,9,Bronze,0,7988.59,0
CUST_01542,310,4,121.11,0.85,71,9,Silver,0,484.44,1
CUST_01543,243,4,27.24,0.95,64,4,Silver,0,108.96,0
CUST_01544,330,47,39.22,0.02,44,4,Gold,0,1843.34,1
CUST_01545,107,21,193.03,0.35,12,9,Silver,0,4053.63,0
CUST_01546,226,37,48.02,0.67,4,9,Silver,1,1776.74,0
CUST_01547,313,41,302.35,0.53,40,1,Bronze,0,12396.35,0
CUST_01548,218,2,327.15,0.94,19,7,Silver,1,654.3,0
CUST_01549,241,7,193.0,0.02,54,4,Bronze,0,1351.0,1
CUST_01550,259,49,374.01,0.44,1,5,Bronze,0,18326.49,0
CUST_01551,262,16,250.12,0.67,13,7,Bronze,0,4001.92,0
CUST_01552,5,17,220.81,0.22,50,7,Bronze,0,3753.77,0
CUST_01553,261,20,209.42,0.73,53,9,Bronze,1,4188.4,0
CUST_01554,54,23,221.24,0.08,42,6,Bronze,0,5088.52,0
CUST_01555,47,34,484.26,0.45,25,7,Bronze,0,16464.84,0
CUST_01556,215,11,343.89,0.68,44,9,Bronze,0,3782.79,0
CUST_01557,177,34,164.45,0.27,98,6,Bronze,0,5591.3,0
CUST_01558,9,33,369.59,0.07,99,9,Bronze,0,12196.47,0
CUST_01559,99,26,171.83,0.96,61,5,Bronze,0,4467.58,0
CUST_01560,20,2,71.6,0.91,81,4,Bronze,0,143.2,0
CUST_01561,241,23,242.93,0.93,90,4,Gold,0,5587.39,0
CUST_01562,61,41,378.0,0.98,21,7,Silver,0,15498.0,0
CUST_01563,178,22,195.05,0.18,51,0,Bronze,0,4291.1,0
CUST_01564,338,34,435.9,0.16,76,1,Bronze,0,14820.6,1
CUST_01565,62,15,199.61,0.03,80,0,Silver,0,2994.15,0
CUST_01566,145,10,181.42,0.89,52,9,Gold,0,1814.2,0
CUST_01567,216,15,499.14,0.75,63,6,Bronze,0,7487.1,0
CUST_01568,3,42,246.41,0.63,84,8,Bronze,0,10349.22,0
CUST_01569,160,29,404.56,0.93,54,6,Bronze,1,11732.24,0
CUST_01570,227,23,404.44,0.58,10,8,Bronze,0,9302.12,0
CUST_01571,269,17,463.92,0.13,87,3,Bronze,0,7886.64,1
CUST_01572,120,9,51.6,0.18,94,6,Bronze,0,464.4,0
CUST_01573,89,36,142.9,0.13,59,9,Bronze,0,5144.4,0
CUST_01574,329,9,386.2,0.31,8,9,Bronze,0,3475.8,1
CUST_01575,68,16,285.67,0.38,51,6,Silver,0,4570.72,0
CUST_01576,357,36,284.21,0.8,5,9,Silver,0,10231.56,0
CUST_01577,98,48,91.45,0.19,76,9,Silver,0,4389.6,0
CUST_01578,267,33,147.76,0.73,42,1,Bronze,0,4876.08,0
CUST_01579,105,31,265.45,0.49,78,1,Bronze,0,8228.95,0
CUST_01580,323,6,145.82,1.0,12,7,Silver,0,874.92,1
CUST_01581,123,10,113.04,0.78,24,1,Bronze,0,1130.4,0
CUST_01582,29,16,53.0,0.97,45,0,Bronze,0,848.0,0
CUST_01583,137,4,86.31,0.34,53,0,Bronze,0,345.24,0
CUST_01584,195,22,386.75,0.12,53,0,Gold,0,8508.5,0
CUST_01585,226,13,362.2,0.51,17,5,Bronze,0,4708.6,0
CUST_01586,332,16,32.46,0.12,65,4,Silver,0,519.36,1
CUST_01587,170,29,109.61,0.49,58,6,Bronze,0,3178.69,0
CUST_01588,9,6,284.62,0.27,37,2,Bronze,0,1707.72,0
CUST_01589,40,26,168.09,0.49,75,4,Silver,1,4370.34,0
CUST_01590,25,11,413.39,0.95,42,1,Silver,0,4547.29,0
CUST_01591,261,24,394.64,0.29,70,8,Bronze,1,9471.36,0
CUST_01592,226,29,446.87,0.99,79,8,Silver,0,12959.23,0
CUST_01593,124,3,285.84,0.23,40,3,Bronze,0,857.52,0
CUST_01594,38,10,182.52,0.21,23,1,Bronze,1,1825.2,0
CUST_01595,328,1,306.97,0.54,23,9,Bronze,1,306.97,1
CUST_01596,251,43,53.68,0.84,49,7,Bronze,0,2308.24,0
CUST_01597,176,26,14.7,0.75,76,3,Bronze,0,382.2,0
CUST_01598,90,12,18.38,0.72,7,4,Bronze,0,220.56,0
CUST_01599,37,14,209.7,0.28,37,3,Bronze,0,2935.8,0
CUST_01600,316,25,121.76,0.02,16,1,Silver,0,3044.0,1
CUST_01601,176,8,87.1,0.16,38,5,Bronze,0,696.8,1
CUST_01602,284,43,311.51,0.35,99,0,Silver,1,13394.93,0
CUST_01603,81,4,497.6,0.97,40,7,Silver,0,1990.4,0
CUST_01604,114,28,97.1,0.92,29,0,Bronze,0,2718.8,0
CUST_01605,40,7,277.75,0.2,17,4,Silver,0,1944.25,0
CUST_01606,301,10,68.67,0.73,90,8,Bronze,0,686.7,1
CUST_01607,224,36,467.78,0.58,20,0,Silver,1,16840.08,0
CUST_01608,318,2,152.96,0.05,25,9,Bronze,0,305.92,1
CUST_01609,349,26,440.39,0.37,60,6,Bronze,0,11450.14,1
CUST_01610,115,14,148.71,0.49,38,6,Bronze,0,2081.94,0
CUST_01611,186,16,404.97,0.67,63,4,Gold,0,6479.52,0
CUST_01612,323,43,112.6,0.29,39,3,Silver,0,4841.8,0
CUST_01613,56,42,153.47,0.93,64,8,Bronze,0,6445.74,0
CUST_01614,40,17,104.31,0.45,83,4,Bronze,1,1773.27,0
CUST_01615,354,46,139.49,0.25,21,0,Bronze,0,6416.54,0
CUST_01616,40,22,419.08,0.32,32,8,Bronze,1,9219.76,0
CUST_01617,347,4,323.13,0.75,28,4,Bronze,0,1292.52,1
CUST_01618,237,19,208.88,0.64,12,8,Gold,0,3968.72,0
CUST_01619,289,2,486.05,0.74,79,7,Bronze,0,972.1,1
CUST_01620,262,39,237.78,0.29,92,9,Silver,1,9273.42,0
CUST_01621,216,9,485.18,0.33,85,6,Bronze,0,4366.62,1
CUST_01622,147,19,106.33,0.4,80,5,Silver,0,2020.27,0
CUST_01623,336,16,453.27,0.19,23,8,Bronze,0,7252.32,1
CUST_01624,168,25,16.77,0.69,90,3,Bronze,0,419.25,0
CUST_01625,92,48,277.2,0.33,15,4,Bronze,0,13305.6,0
CUST_01626,353,18,217.3,0.33,12,0,Bronze,0,3911.4,1
CUST_01627,59,23,267.29,0.27,4,6,Silver,0,6147.67,0
CUST_01628,59,21,281.19,0.45,35,5,Gold,0,5904.99,0
CUST_01629,304,11,200.63,0.77,95,6,Bronze,0,2206.93,1
CUST_01630,169,39,499.12,0.84,61,0,Bronze,1,19465.68,0
CUST_01631,269,41,488.49,0.8,27,6,Bronze,1,20028.09,0
CUST_01632,363,4,481.26,0.62,96,6,Bronze,0,1925.04,1
CUST_01633,45,25,489.75,0.28,33,7,Silver,0,12243.75,0
CUST_01634,345,32,398.58,0.73,13,1,Bronze,0,12754.56,0
CUST_01635,181,30,494.41,0.04,37,0,Silver,0,14832.3,0
CUST_01636,170,45,447.26,0.8,44,0,Bronze,0,20126.7,0
CUST_01637,356,26,213.81,0.78,2,7,Bronze,0,5559.06,1
CUST_01638,191,36,394.54,0.67,38,6,Bronze,0,14203.44,0
CUST_01639,155,34,456.91,0.1,37,8,Bronze,0,15534.94,0
CUST_01640,188,9,359.18,1.0,59,1,Bronze,0,3232.62,0
CUST_01641,7,12,217.16,0.76,69,3,Bronze,0,2605.92,0
CUST_01642,133,2,42.24,0.73,18,7,Bronze,0,84.48,0
CUST_01643,235,38,406.75,0.06,48,5,Silver,1,15456.5,0
CUST_01644,45,5,476.84,0.4,81,1,Bronze,0,2384.2,0
CUST_01645,314,5,187.61,0.09,66,9,Bronze,0,938.05,1
CUST_01646,249,22,84.43,0.36,49,1,Silver,0,1857.46,0
CUST_01647,31,5,169.99,0.57,58,6,Silver,0,849.95,0
CUST_01648,23,4,295.48,0.88,35,8,Bronze,0,1181.92,0
CUST_01649,160,9,165.3,0.28,78,7,Bronze,0,1487.7,1
CUST_01650,363,29,309.2,0.62,76,1,Bronze,0,8966.8,0
CUST_01651,158,22,483.76,0.16,58,2,Bronze,1,10642.72,0
CUST_01652,39,27,338.66,0.35,97,7,Bronze,0,9143.82,0
CUST_01653,82,10,187.7,0.95,7,3,Bronze,1,1877.0,0
CUST_01654,356,16,468.52,0.75,9,5,Bronze,0,7496.32,1
CUST_01655,258,42,287.16,0.55,69,1,Bronze,0,12060.72,0
CUST_01656,206,42,72.9,0.25,4,0,Gold,0,3061.8,0
CUST_01657,77,10,254.5,0.38,32,5,Gold,0,2545.0,0
CUST_01658,12,6,330.28,0.16,5,7,Bronze,0,1981.68,0
CUST_01659,295,49,420.74,0.35,56,4,Bronze,0,20616.26,0
CUST_01660,224,5,468.87,0.15,56,0,Bronze,1,2344.35,0
CUST_01661,13,6,165.53,0.8,44,9,Bronze,1,993.18,0
CUST_01662,46,47,86.2,0.08,72,1,Silver,0,4051.4,0
CUST_01663,155,25,46.18,0.19,13,2,Silver,0,1154.5,0
CUST_01664,113,4,371.79,0.69,4,1,Bronze,0,1487.16,0
CUST_01665,233,40,399.63,0.9,52,8,Bronze,0,15985.2,0
CUST_01666,17,48,210.59,0.96,75,9,Bronze,0,10108.32,0
CUST_01667,360,32,204.0,0.84,15,1,Silver,0,6528.0,0
CUST_01668,223,35,477.58,0.21,82,2,Gold,0,16715.3,0
CUST_01669,354,10,459.17,0.29,84,8,Bronze,0,4591.7,1
CUST_01670,188,34,124.3,0.87,1,2,Bronze,1,4226.2,0
CUST_01671,344,36,392.6,0.89,65,7,Bronze,0,14133.6,0
CUST_01672,163,6,315.12,0.64,11,7,Bronze,1,1890.72,0
CUST_01673,326,43,85.57,0.31,93,2,Bronze,0,3679.51,0
CUST_01674,74,46,184.82,0.22,61,9,Bronze,0,8501.72,0
CUST_01675,233,16,96.96,0.85,93,9,Bronze,0,1551.36,0
CUST_01676,224,19,154.63,0.21,88,2,Bronze,0,2937.97,1
CUST_01677,319,34,311.5,0.66,84,7,Gold,0,10591.0,0
CUST_01678,60,25,193.88,0.97,94,2,Bronze,0,4847.0,0
CUST_01679,335,31,203.09,0.71,63,3,Silver,0,6295.79,0
CUST_01680,222,49,274.43,0.26,38,4,Bronze,0,13447.07,0
CUST_01681,37,41,52.74,0.28,69,6,Silver,1,2162.34,0
CUST_01682,278,17,372.01,0.09,45,0,Bronze,0,6324.17,1
CUST_01683,196,47,206.84,0.69,74,7,Bronze,1,9721.48,0
CUST_01684,352,30,245.39,0.52,70,2,Bronze,1,7361.7,0
CUST_01685,242,39,487.41,0.21,68,6,Bronze,0,19008.99,0
CUST_01686,324,31,178.74,0.23,4,9,Bronze,0,5540.94,1
CUST_01687,219,19,327.63,0.01,71,2,Bronze,0,6224.97,1
CUST_01688,192,35,202.33,0.98,48,8,Bronze,0,7081.55,0
CUST_01689,17,29,448.2,0.83,97,9,Silver,0,12997.8,0
CUST_01690,12,1,424.91,0.39,9,4,Gold,0,424.91,0
CUST_01691,193,4,128.4,0.95,90,2,Bronze,0,513.6,0
CUST_01692,22,28,348.96,0.68,47,2,Silver,0,9770.88,0
CUST_01693,120,18,41.93,0.75,85,3,Bronze,0,754.74,0
CUST_01694,210,26,481.96,0.68,60,4,Bronze,0,12530.96,0
CUST_01695,306,40,181.01,0.76,52,4,Bronze,0,7240.4,0
CUST_01696,270,19,417.6,0.17,86,7,Bronze,0,7934.4,1
CUST_01697,192,6,166.03,0.56,33,9,Bronze,0,996.18,1
CUST_01698,175,1,320.06,0.85,58,5,Silver,0,320.06,0
CUST_01699,285,8,491.96,0.02,97,4,Bronze,0,3935.68,1
CUST_01700,204,33,439.61,0.12,48,1,Bronze,0,14507.13,0
CUST_01701,164,43,88.58,0.25,5,4,Bronze,0,3808.94,0
CUST_01702,251,21,278.27,0.29,85,6,Bronze,1,5843.67,0
CUST_01703,227,24,180.78,0.18,27,2,Bronze,0,4338.72,0
CUST_01704,7,25,222.83,0.62,41,6,Bronze,0,5570.75,0
CUST_01705,29,47,174.24,0.29,1,0,Bronze,0,8189.28,0
CUST_01706,33,43,174.62,0.16,51,5,Silver,0,7508.66,0
CUST_01707,134,19,275.85,0.91,16,0,Bronze,1,5241.15,0
CUST_01708,79,29,104.06,0.7,99,6,Bronze,0,3017.74,0
CUST_01709,58,10,273.32,0.25,32,5,Gold,1,2733.2,0
CUST_01710,26,12,146.69,0.36,93,9,Bronze,0,1760.28,0
CUST_01711,226,33,151.6,0.74,47,0,Silver,0,5002.8,0
CUST_01712,285,7,371.99,0.79,23,8,Silver,0,2603.93,1
CUST_01713,4,17,24.5,0.18,15,4,Bronze,1,416.5,0
CUST_01714,99,10,196.66,0.94,26,6,Bronze,0,1966.6,0
CUST_01715,39,31,209.69,0.79,37,0,Bronze,0,6500.39,0
CUST_01716,271,6,247.7,0.86,89,7,Bronze,0,1486.2,0
CUST_01717,285,17,337.82,0.14,55,7,Bronze,0,5742.94,1
CUST_01718,157,37,191.15,0.14,2,8,Bronze,0,7072.55,0
CUST_01719,75,18,114.44,0.31,76,1,Silver,0,2059.92,0
CUST_01720,288,26,443.59,0.06,19,5,Bronze,1,11533.34,0
CUST_01721,130,49,490.71,0.09,32,9,Bronze,1,24044.79,0
CUST_01722,175,16,19.81,0.14,87,4,Bronze,1,316.96,0
CUST_01723,84,8,277.77,0.71,69,5,Bronze,0,2222.16,0
CUST_01724,22,24,177.43,0.03,55,4,Bronze,1,4258.32,0
CUST_01725,27,13,145.72,0.08,89,0,Bronze,0,1894.36,0
CUST_01726,195,29,174.5,0.94,99,1,Gold,0,5060.5,0
CUST_01727,337,32,323.05,0.08,56,2,Bronze,0,10337.6,1
CUST_01728,236,24,103.45,0.54,29,6,Bronze,0,2482.8,0
CUST_01729,92,16,457.3,0.64,84,9,Bronze,0,7316.8,0
CUST_01730,21,11,238.4,0.96,36,8,Bronze,0,2622.4,0
CUST_01731,303,32,169.53,0.9,71,1,Bronze,0,5424.96,0
CUST_01732,357,6,385.11,0.44,86,9,Bronze,0,2310.66,1
CUST_01733,84,35,18.01,0.94,82,0,Silver,0,630.35,0
CUST_01734,262,33,221.61,0.43,53,0,Bronze,0,7313.13,0
CUST_01735,147,18,184.1,0.67,85,3,Gold,0,3313.8,0
CUST_01736,257,37,175.72,0.26,86,8,Silver,0,6501.64,1
CUST_01737,58,13,175.16,0.64,39,3,Bronze,0,2277.08,0
CUST_01738,15,10,25.32,0.54,76,2,Silver,0,253.2,0
CUST_01739,162,37,84.54,0.61,11,9,Silver,1,3127.98,0
CUST_01740,163,26,79.52,0.68,76,7,Silver,0,2067.52,0
CUST_01741,320,46,494.42,0.17,90,8,Bronze,0,22743.32,1
CUST_01742,281,17,20.86,0.3,30,4,Gold,0,354.62,1
CUST_01743,280,1,91.87,0.74,79,1,Silver,0,91.87,0
CUST_01744,12,25,487.35,0.16,72,3,Bronze,0,12183.75,0
CUST_01745,274,34,317.85,0.34,53,9,Bronze,0,10806.9,1
CUST_01746,271,39,230.83,0.67,82,7,Bronze,0,9002.37,0
CUST_01747,208,10,48.59,0.94,74,1,Bronze,1,485.9,0
CUST_01748,27,20,338.13,0.08,8,8,Bronze,0,6762.6,0
CUST_01749,72,7,77.52,0.52,99,4,Bronze,0,542.64,0
CUST_01750,60,16,338.88,0.08,20,6,Bronze,1,5422.08,0
CUST_01751,145,37,489.8,0.38,12,4,Bronze,0,18122.6,0
CUST_01752,93,29,270.67,0.18,67,2,Bronze,0,7849.43,0
CUST_01753,309,12,114.9,0.65,84,1,Silver,0,1378.8,0
CUST_01754,8,17,316.39,0.76,50,2,Bronze,0,5378.63,0
CUST_01755,79,48,261.34,0.25,12,1,Bronze,0,12544.32,0
CUST_01756,27,20,271.24,0.71,54,1,Bronze,0,5424.8,0
CUST_01757,174,26,244.27,0.45,88,1,Silver,0,6351.02,0
CUST_01758,50,48,340.13,0.28,80,1,Bronze,0,16326.24,0
CUST_01759,199,19,290.25,0.52,54,7,Bronze,1,5514.75,0
CUST_01760,349,47,493.63,0.38,74,4,Gold,0,23200.61,0
CUST_01761,181,12,414.67,0.23,19,8,Bronze,0,4976.04,1
CUST_01762,24,21,139.7,0.76,14,4,Bronze,0,2933.7,0
CUST_01763,316,42,365.62,0.8,52,0,Bronze,0,15356.04,0
CUST_01764,46,34,115.01,0.8,78,7,Silver,0,3910.34,0
CUST_01765,15,7,393.35,0.38,22,2,Bronze,0,2753.45,0
CUST_01766,153,45,82.3,0.17,4,9,Bronze,0,3703.5,0
CUST_01767,222,35,242.04,0.84,59,9,Bronze,0,8471.4,0
CUST_01768,206,15,397.4,0.33,34,1,Bronze,0,5961.0,0
CUST_01769,273,1,147.26,0.75,64,5,Silver,0,147.26,1
CUST_01770,236,26,420.19,0.82,18,3,Gold,0,10924.94,0
CUST_01771,340,35,325.63,0.77,98,3,Silver,0,11397.05,0
CUST_01772,228,25,204.79,0.39,82,8,Bronze,0,5119.75,1
CUST_01773,9,42,217.47,0.94,31,9,Bronze,0,9133.74,0
CUST_01774,166,15,463.74,0.66,84,7,Gold,1,6956.1,0
CUST_01775,319,22,116.72,0.58,42,2,Bronze,0,2567.84,0
CUST_01776,214,6,349.75,0.7,74,8,Bronze,0,2098.5,0
CUST_01777,117,15,356.57,0.04,3,0,Bronze,0,5348.55,0
CUST_01778,344,24,462.0,0.39,85,6,Bronze,0,11088.0,1
CUST_01779,72,21,359.45,0.88,55,6,Bronze,0,7548.45,0
CUST_01780,64,7,296.39,0.16,10,1,Silver,0,2074.73,0
CUST_01781,205,29,452.24,0.41,71,6,Bronze,0,13114.96,0
CUST_01782,209,32,416.27,0.41,22,6,Bronze,0,13320.64,0
CUST_01783,72,32,361.22,0.36,23,8,Bronze,1,11559.04,0
CUST_01784,277,5,25.96,0.56,76,5,Gold,0,129.8,1
CUST_01785,274,4,193.03,1.0,13,9,Gold,1,772.12,0
CUST_01786,320,22,319.63,0.26,40,9,Bronze,0,7031.86,1
CUST_01787,338,18,265.9,0.7,13,8,Bronze,0,4786.2,1
CUST_01788,95,35,166.47,0.76,97,2,Bronze,0,5826.45,0
CUST_01789,166,17,80.77,0.58,95,7,Bronze,0,1373.09,0
CUST_01790,32,24,280.97,0.1,51,3,Bronze,0,6743.28,0
CUST_01791,11,2,150.1,0.57,64,0,Bronze,1,300.2,0
CUST_01792,301,13,124.17,0.95,92,6,Bronze,1,1614.21,0
CUST_01793,217,15,205.49,0.34,83,2,Bronze,0,3082.35,0
CUST_01794,289,5,394.89,0.64,85,3,Bronze,0,1974.45,1
CUST_01795,102,3,249.05,0.96,96,2,Gold,0,747.15,0
CUST_01796,267,37,116.08,0.8,90,5,Bronze,0,4294.96,0
CUST_01797,214,37,67.28,0.69,13,9,Bronze,0,2489.36,0
CUST_01798,179,37,254.5,0.97,29,0,Bronze,0,9416.5,0
CUST_01799,88,3,399.24,0.17,71,9,Bronze,0,1197.72,1
CUST_01800,41,35,329.88,0.77,47,6,Bronze,1,11545.8,0
CUST_01801,76,23,123.75,0.41,26,9,Bronze,0,2846.25,0
CUST_01802,46,28,223.99,0.36,70,7,Bronze,0,6271.72,0
CUST_01803,160,30,429.06,0.52,96,2,Bronze,1,12871.8,0
CUST_01804,80,18,97.05,0.03,23,8,Bronze,0,1746.9,0
CUST_01805,310,36,270.72,0.31,75,1,Bronze,0,9745.92,0
CUST_01806,86,33,184.55,0.17,56,9,Bronze,0,6090.15,0
CUST_01807,92,26,70.85,0.14,85,9,Bronze,0,1842.1,0
CUST_01808,148,48,34.45,0.34,19,8,Bronze,0,1653.6,0
CUST_01809,161,40,282.38,0.8,98,4,Silver,0,11295.2,0
CUST_01810,202,17,20.17,0.2,50,5,Silver,0,342.89,1
CUST_01811,242,40,60.69,0.53,35,1,Bronze,0,2427.6,0
CUST_01812,353,7,180.31,0.75,49,4,Gold,0,1262.17,1
CUST_01813,2,8,31.32,0.24,95,5,Bronze,0,250.56,0
CUST_01814,225,31,206.22,0.92,46,4,Bronze,0,6392.82,0
CUST_01815,289,12,73.88,0.87,93,3,Gold,0,886.56,0
CUST_01816,233,48,181.44,0.25,70,7,Bronze,1,8709.12,0
CUST_01817,77,31,397.67,0.99,53,1,Bronze,0,12327.77,0
CUST_01818,116,44,316.92,0.67,31,0,Silver,0,13944.48,0
CUST_01819,154,19,228.25,0.29,96,1,Silver,1,4336.75,0
CUST_01820,103,10,55.0,0.68,84,3,Silver,0,550.0,0
CUST_01821,194,39,313.38,0.67,22,0,Bronze,1,12221.82,0
CUST_01822,166,12,90.22,0.61,67,8,Silver,0,1082.64,0
CUST_01823,359,20,47.53,0.71,8,0,Bronze,0,950.6,0
CUST_01824,90,37,335.36,0.27,19,4,Silver,0,12408.32,0
CUST_01825,174,48,456.91,0.98,31,7,Bronze,0,21931.68,0
CUST_01826,122,41,235.69,0.86,32,8,Bronze,0,9663.29,0
CUST_01827,143,7,30.09,0.75,79,8,Bronze,0,210.63,0
CUST_01828,106,14,441.35,0.03,55,7,Bronze,0,6178.9,1
CUST_01829,305,11,42.82,0.59,31,5,Bronze,0,471.02,1
CUST_01830,360,7,435.08,0.71,67,5,Bronze,0,3045.56,1
CUST_01831,317,29,201.99,0.85,51,8,Bronze,0,5857.71,0
CUST_01832,123,10,189.04,0.95,96,1,Silver,0,1890.4,0
CUST_01833,9,29,275.97,0.92,74,2,Bronze,1,8003.13,0
CUST_01834,262,9,478.97,0.41,92,5,Bronze,0,4310.73,1
CUST_01835,73,36,450.38,0.9,27,7,Bronze,0,16213.68,0
CUST_01836,359,48,240.46,0.0,48,6,Silver,0,11542.08,1
CUST_01837,223,10,350.95,0.35,43,7,Silver,0,3509.5,1
CUST_01838,41,19,294.41,0.11,95,4,Bronze,0,5593.79,0
CUST_01839,204,31,349.8,0.88,51,8,Gold,0,10843.8,0
CUST_01840,264,17,416.37,0.93,98,5,Bronze,0,7078.29,0
CUST_01841,328,9,26.9,0.26,69,9,Bronze,0,242.1,1
CUST_01842,178,45,169.62,0.37,75,1,Bronze,0,7632.9,0
CUST_01843,348,33,480.07,0.98,71,5,Bronze,0,15842.31,0
CUST_01844,318,34,475.17,0.57,72,3,Bronze,0,16155.78,0
CUST_01845,84,45,15.5,0.5,81,4,Bronze,1,697.5,0
CUST_01846,318,24,108.71,0.5,50,4,Bronze,0,2609.04,1
CUST_01847,111,9,496.95,0.7,61,0,Bronze,0,4472.55,0
CUST_01848,251,7,251.48,0.95,41,9,Bronze,0,1760.36,0
CUST_01849,7,16,290.7,0.37,51,4,Gold,0,4651.2,0
CUST_01850,84,19,91.55,0.17,78,9,Silver,1,1739.45,0
CUST_01851,208,39,448.22,0.19,24,8,Silver,0,17480.58,0
CUST_01852,314,6,123.32,0.02,30,7,Bronze,0,739.92,1
CUST_01853,22,11,102.93,0.56,52,7,Bronze,1,1132.23,0
CUST_01854,3,12,121.78,0.93,50,2,Gold,0,1461.36,0
CUST_01855,127,42,460.61,0.71,57,8,Gold,0,19345.62,0
CUST_01856,297,13,354.39,0.99,62,8,Gold,0,4607.07,0
CUST_01857,188,12,386.61,0.91,79,9,Bronze,0,4639.32,0
CUST_01858,362,21,194.75,0.49,53,6,Bronze,0,4089.75,1
CUST_01859,14,10,455.5,0.49,68,5,Bronze,0,4555.0,0
CUST_01860,12,20,396.81,0.63,77,8,Bronze,0,7936.2,0
CUST_01861,87,36,377.79,0.11,69,5,Gold,0,13600.44,0
CUST_01862,12,28,485.76,0.61,31,2,Bronze,0,13601.28,0
CUST_01863,25,24,189.44,0.46,76,5,Bronze,1,4546.56,0
CUST_01864,301,5,309.38,0.64,30,1,Bronze,0,1546.9,1
CUST_01865,243,37,455.87,0.57,10,1,Bronze,0,16867.19,0
CUST_01866,122,12,397.54,0.31,94,6,Bronze,0,4770.48,0
CUST_01867,147,35,286.06,0.61,90,7,Silver,1,10012.1,0
CUST_01868,55,40,47.34,0.37,44,6,Bronze,0,1893.6,0
CUST_01869,238,2,329.83,0.19,6,4,Bronze,0,659.66,1
CUST_01870,356,41,268.01,0.68,27,3,Bronze,0,10988.41,0
CUST_01871,173,45,100.25,0.31,20,7,Bronze,1,4511.25,0
CUST_01872,221,39,442.3,0.89,92,8,Bronze,1,17249.7,0
CUST_01873,119,42,178.19,0.2,20,6,Bronze,0,7483.98,0
CUST_01874,309,9,199.87,0.6,12,0,Bronze,0,1798.83,1
CUST_01875,183,22,339.48,0.57,85,3,Gold,0,7468.56,0
CUST_01876,288,47,249.51,0.2,94,3,Bronze,0,11726.97,0
CUST_01877,307,5,53.75,0.44,49,9,Bronze,0,268.75,1
CUST_01878,300,12,199.85,0.68,52,2,Gold,0,2398.2,0
CUST_01879,82,1,56.29,0.32,10,3,Silver,0,56.29,0
CUST_01880,211,44,103.47,0.11,5,8,Silver,0,4552.68,0
CUST_01881,150,22,13.52,0.62,64,0,Bronze,0,297.44,0
CUST_01882,37,38,98.84,0.22,58,1,Silver,0,3755.92,0
CUST_01883,352,19,171.92,0.68,8,6,Bronze,0,3266.48,1
CUST_01884,312,16,273.73,0.84,30,8,Bronze,0,4379.68,1
CUST_01885,361,31,460.45,0.12,17,6,Gold,0,14273.95,1
CUST_01886,59,3,274.76,0.44,67,0,Bronze,0,824.28,0
CUST_01887,131,23,355.75,0.44,21,6,Gold,1,8182.25,0
CUST_01888,202,42,185.26,0.63,16,5,Bronze,0,7780.92,0
CUST_01889,243,18,378.3,0.33,96,0,Bronze,0,6809.4,0
CUST_01890,35,26,314.03,0.42,27,0,Bronze,0,8164.78,0
CUST_01891,93,13,235.3,0.01,6,1,Gold,0,3058.9,0
CUST_01892,207,18,104.95,0.12,42,5,Bronze,0,1889.1,1
CUST_01893,353,3,158.74,0.57,16,3,Bronze,0,476.22,1
CUST_01894,332,23,314.26,0.22,45,3,Bronze,0,7227.98,1
CUST_01895,305,3,218.77,0.14,3,5,Silver,1,656.31,1
CUST_01896,350,25,445.8,0.32,40,8,Silver,0,11145.0,1
CUST_01897,213,27,125.07,0.16,20,0,Bronze,0,3376.89,0
CUST_01898,159,44,45.81,0.06,7,1,Bronze,0,2015.64,0
CUST_01899,24,27,298.78,0.28,59,7,Bronze,1,8067.06,0
CUST_01900,293,39,444.16,0.16,11,7,Gold,1,17322.24,0
CUST_01901,4,25,188.72,0.8,93,5,Silver,0,4718.0,0
CUST_01902,220,24,327.38,0.06,52,5,Silver,0,7857.12,1
CUST_01903,364,8,123.39,0.75,3,7,Bronze,0,987.12,1
CUST_01904,20,9,283.65,0.38,21,1,Silver,0,2552.85,0
CUST_01905,152,46,395.53,0.68,53,1,Bronze,0,18194.38,0
CUST_01906,50,37,434.85,0.05,96,0,Bronze,0,16089.45,0
CUST_01907,177,30,61.51,0.92,30,5,Bronze,0,1845.3,0
CUST_01908,96,19,184.62,0.77,11,5,Bronze,0,3507.78,0
CUST_01909,105,16,323.43,0.14,81,5,Bronze,0,5174.88,0
CUST_01910,250,24,27.01,0.22,25,1,Bronze,0,648.24,0
CUST_01911,117,44,348.4,0.64,50,6,Bronze,0,15329.6,0
CUST_01912,354,21,268.74,0.92,89,2,Bronze,0,5643.54,0
CUST_01913,228,36,151.4,0.45,9,0,Bronze,0,5450.4,0
CUST_01914,66,40,409.18,0.49,45,0,Bronze,0,16367.2,0
CUST_01915,335,39,152.12,0.24,29,8,Silver,0,5932.68,1
CUST_01916,262,47,495.79,0.38,62,2,Bronze,0,23302.13,0
CUST_01917,295,6,410.02,0.29,15,7,Silver,0,2460.12,1
CUST_01918,243,5,356.91,0.35,19,9,Bronze,0,1784.55,1
CUST_01919,186,14,40.06,0.02,15,6,Bronze,0,560.84,1
CUST_01920,246,45,453.11,0.04,39,1,Bronze,1,20389.95,0
CUST_01921,125,42,397.13,0.68,35,1,Bronze,0,16679.46,0
CUST_01922,268,4,122.22,0.68,13,3,Bronze,0,488.88,1
CUST_01923,131,8,202.2,0.33,16,1,Silver,0,1617.6,0
CUST_01924,237,24,141.63,0.89,67,4,Bronze,0,3399.12,0
CUST_01925,18,11,492.36,0.27,95,9,Bronze,0,5415.96,0
CUST_01926,40,17,428.56,0.4,55,6,Bronze,0,7285.52,0
CUST_01927,21,21,465.81,0.73,65,1,Bronze,0,9782.01,0
CUST_01928,225,26,396.5,0.74,35,8,Bronze,0,10309.0,0
CUST_01929,355,43,233.61,0.86,16,0,Bronze,1,10045.23,0
CUST_01930,282,48,110.66,0.03,1,1,Bronze,0,5311.68,0
CUST_01931,8,44,111.96,0.18,50,6,Silver,0,4926.24,0
CUST_01932,100,45,84.32,0.64,14,4,Bronze,1,3794.4,0
CUST_01933,240,27,277.86,0.34,62,0,Bronze,0,7502.22,0
CUST_01934,87,16,460.78,0.04,7,3,Bronze,0,7372.48,0
CUST_01935,298,26,495.98,0.59,23,7,Bronze,0,12895.48,1
CUST_01936,14,33,150.78,0.39,99,4,Gold,1,4975.74,0
CUST_01937,334,31,351.68,0.36,63,1,Silver,0,10902.08,1
CUST_01938,2,48,302.58,0.26,29,8,Bronze,0,14523.84,0
CUST_01939,293,47,249.58,0.01,22,0,Bronze,0,11730.26,0
CUST_01940,325,6,336.23,0.18,80,0,Gold,0,2017.38,1
CUST_01941,41,44,191.97,0.47,93,9,Bronze,1,8446.68,0
CUST_01942,318,8,472.8,0.28,6,4,Bronze,0,3782.4,1
CUST_01943,316,7,355.67,0.87,82,8,Bronze,0,2489.69,1
CUST_01944,111,34,379.56,0.14,29,5,Bronze,1,12905.04,0
CUST_01945,14,44,128.79,0.88,89,4,Silver,0,5666.76,0
CUST_01946,231,14,92.61,0.4,2,5,Silver,1,1296.54,0
CUST_01947,84,16,203.23,0.28,64,5,Bronze,0,3251.68,0
CUST_01948,130,43,385.67,0.3,96,8,Bronze,0,16583.81,0
CUST_01949,231,9,470.01,0.33,36,8,Bronze,0,4230.09,1
CUST_01950,326,10,219.39,0.51,96,4,Silver,0,2193.9,1
CUST_01951,145,17,389.34,0.35,20,3,Silver,0,6618.78,0
CUST_01952,345,12,240.5,0.65,55,0,Bronze,0,2886.0,1
CUST_01953,28,6,154.66,0.43,37,5,Silver,0,927.96,0
CUST_01954,66,19,372.24,0.67,97,6,Bronze,0,7072.56,0
CUST_01955,163,43,401.12,0.6,52,6,Bronze,1,17248.16,0
CUST_01956,229,41,109.39,0.24,69,0,Bronze,0,4484.99,0
CUST_01957,261,29,159.53,0.81,70,5,Bronze,1,4626.37,0
CUST_01958,164,6,252.44,0.8,22,7,Bronze,0,1514.64,0
CUST_01959,301,25,101.4,0.99,85,2,Bronze,0,2535.0,0
CUST_01960,303,24,465.13,0.18,83,0,Bronze,1,11163.12,0
CUST_01961,287,25,299.75,0.85,15,6,Bronze,0,7493.75,0
CUST_01962,10,16,69.39,0.87,98,3,Bronze,0,1110.24,0
CUST_01963,195,16,100.17,0.64,47,4,Bronze,1,1602.72,0
CUST_01964,118,6,477.63,0.51,71,1,Bronze,1,2865.78,0
CUST_01965,270,37,371.7,0.96,81,6,Bronze,0,13752.9,0
CUST_01966,80,21,369.86,0.97,69,0,Silver,0,7767.06,0
CUST_01967,93,4,45.52,0.64,52,3,Bronze,0,182.08,0
CUST_01968,266,34,448.7,0.36,39,7,Bronze,0,15255.8,0
CUST_01969,332,28,227.43,0.82,2,6,Bronze,0,6368.04,0
CUST_01970,350,38,333.26,0.09,91,6,Bronze,0,12663.88,1
CUST_01971,361,41,480.25,0.29,45,6,Bronze,0,19690.25,1
CUST_01972,257,28,59.01,0.99,24,4,Bronze,0,1652.28,0
CUST_01973,133,17,246.32,0.81,61,9,Bronze,0,4187.44,0
CUST_01974,276,14,34.31,0.94,92,2,Bronze,1,480.34,0
CUST_01975,264,7,254.78,0.59,65,9,Bronze,0,1783.46,1
CUST_01976,171,22,133.61,0.41,53,6,Bronze,0,2939.42,0
CUST_01977,1,1,456.42,0.98,21,7,Bronze,0,456.42,0
CUST_01978,313,29,205.26,0.31,92,6,Bronze,0,5952.54,1
CUST_01979,64,31,320.6,0.76,67,5,Bronze,0,9938.6,0
CUST_01980,284,30,431.54,0.56,94,8,Silver,1,12946.2,0
CUST_01981,121,15,492.01,0.23,1,5,Bronze,0,7380.15,0
CUST_01982,107,18,256.87,0.02,59,4,Silver,0,4623.66,0
CUST_01983,175,35,233.32,0.38,47,5,Bronze,0,8166.2,0
CUST_01984,204,30,47.11,0.55,18,9,Bronze,0,1413.3,0
CUST_01985,165,34,16.24,0.18,33,3,Bronze,0,552.16,0
CUST_01986,305,42,308.31,0.41,15,5,Bronze,0,12949.02,0
CUST_01987,120,11,42.08,0.62,24,3,Silver,0,462.88,0
CUST_01988,44,27,196.39,0.71,36,4,Bronze,0,5302.53,0
CUST_01989,312,24,11.77,0.05,60,5,Bronze,0,282.48,1
CUST_01990,156,35,311.46,0.66,34,0,Bronze,0,10901.1,0
CUST_01991,207,39,218.45,0.06,90,5,Bronze,0,8519.55,0
CUST_01992,108,8,72.24,0.03,51,5,Silver,1,577.92,0
CUST_01993,251,18,155.22,0.15,40,0,Silver,0,2793.96,1
CUST_01994,334,13,289.13,0.65,22,6,Bronze,0,3758.69,1
CUST_01995,130,45,331.79,0.05,16,9,Bronze,0,14930.55,0
CUST_01996,293,24,236.54,0.02,42,4,Bronze,0,5676.96,1
CUST_01997,20,23,403.94,0.12,16,7,Gold,0,9290.62,0
CUST_01998,282,12,65.1,0.95,5,4,Bronze,0,781.2,0
CUST_01999,285,49,51.43,0.91,6,9,Silver,0,2520.07,0
CUST_02000,1,30,31.68,0.09,42,4,Bronze,0,950.4,0
CUST_02001,119,31,272.56,0.3,88,1,Bronze,1,8449.36,0
CUST_02002,35,28,356.05,0.95,30,3,Gold,0,9969.4,0
CUST_02003,198,22,73.96,0.1,32,3,Gold,0,1627.12,1
CUST_02004,245,44,323.08,0.09,53,9,Bronze,1,14215.52,0
CUST_02005,59,28,243.7,0.09,19,9,Bronze,0,6823.6,0
CUST_02006,325,13,493.8,0.98,51,7,Bronze,0,6419.4,0
CUST_02007,161,25,361.56,0.74,28,2,Bronze,1,9039.0,0
CUST_02008,179,44,332.16,0.21,47,0,Bronze,0,14615.04,0
CUST_02009,206,46,289.52,0.05,72,6,Silver,0,13317.92,0
CUST_02010,12,7,498.71,0.97,1,8,Bronze,0,3490.97,0
CUST_02011,276,45,490.42,0.43,68,5,Bronze,0,22068.9,0
CUST_02012,181,6,273.68,0.6,57,1,Bronze,0,1642.08,0
CUST_02013,242,24,233.04,0.28,22,1,Bronze,0,5592.96,0
CUST_02014,216,19,236.44,0.76,86,0,Bronze,0,4492.36,0
CUST_02015,251,19,219.89,0.2,94,5,Bronze,0,4177.91,1
CUST_02016,299,36,270.39,0.79,58,7,Bronze,0,9734.04,0
CUST_02017,126,9,144.06,0.23,91,0,Bronze,0,1296.54,0
CUST_02018,217,48,464.13,0.1,91,0,Bronze,0,22278.24,0
CUST_02019,306,36,250.21,0.48,13,0,Gold,0,9007.56,0
CUST_02020,285,38,422.58,0.81,39,9,Silver,0,16058.04,0
CUST_02021,185,40,242.9,0.38,27,4,Gold,0,9716.0,0
CUST_02022,39,29,361.96,0.03,39,6,Bronze,0,10496.84,0
CUST_02023,223,24,175.07,0.55,72,3,Bronze,1,4201.68,0
CUST_02024,184,48,316.16,0.68,12,0,Silver,0,15175.68,0
CUST_02025,178,5,254.2,0.74,24,0,Bronze,0,1271.0,0
CUST_02026,294,42,189.89,0.4,18,9,Gold,0,7975.38,1
CUST_02027,340,45,441.96,0.1,15,2,Bronze,0,19888.2,1
CUST_02028,151,26,65.23,0.58,60,4,Bronze,0,1695.98,0
CUST_02029,126,14,248.59,0.33,16,4,Silver,0,3480.26,0
CUST_02030,301,39,105.24,0.95,97,8,Bronze,0,4104.36,0
CUST_02031,308,29,431.92,0.5,74,8,Silver,0,12525.68,1
CUST_02032,336,6,134.2,0.47,47,8,Bronze,0,805.2,1
CUST_02033,234,7,320.38,0.31,24,7,Bronze,0,2242.66,1
CUST_02034,8,37,91.13,0.34,45,8,Bronze,0,3371.81,0
CUST_02035,341,18,208.41,0.51,19,7,Silver,0,3751.38,1
CUST_02036,129,23,450.69,0.31,91,7,Bronze,0,10365.87,0
CUST_02037,264,44,91.37,0.89,41,7,Silver,0,4020.28,0
CUST_02038,157,38,334.97,0.44,31,7,Bronze,0,12728.86,0
CUST_02039,352,1,110.21,0.29,85,4,Bronze,0,110.21,1
CUST_02040,358,4,213.72,0.16,16,9,Bronze,1,854.88,1
CUST_02041,5,44,274.9,0.67,23,2,Bronze,0,12095.6,0
CUST_02042,86,47,292.88,0.03,78,3,Bronze,0,13765.36,0
CUST_02043,175,35,305.23,0.45,23,8,Gold,0,10683.05,0
CUST_02044,290,23,323.66,0.55,41,6,Bronze,0,7444.18,1
CUST_02045,193,27,143.17,0.34,18,8,Bronze,0,3865.59,0
CUST_02046,311,26,206.67,0.75,36,6,Bronze,1,5373.42,0
CUST_02047,119,8,28.29,0.68,12,7,Silver,0,226.32,0
CUST_02048,218,43,386.69,0.97,75,2,Bronze,0,16627.67,0
CUST_02049,114,16,420.18,0.51,69,7,Gold,0,6722.88,0
CUST_02050,145,41,107.63,0.54,51,3,Bronze,0,4412.83,0
CUST_02051,26,3,108.71,0.25,85,5,Bronze,0,326.13,0
CUST_02052,136,32,30.6,0.39,32,0,Silver,0,979.2,0
CUST_02053,303,5,485.49,0.03,93,1,Gold,0,2427.45,1
CUST_02054,232,20,405.52,0.69,71,6,Bronze,0,8110.4,0
CUST_02055,76,14,186.74,0.31,36,5,Bronze,0,2614.36,0
CUST_02056,328,32,246.14,0.54,40,9,Gold,1,7876.48,0
CUST_02057,345,26,153.06,0.25,91,4,Silver,1,3979.56,0
CUST_02058,302,47,302.65,0.62,70,6,Bronze,1,14224.55,0
CUST_02059,289,6,361.48,0.45,38,1,Bronze,0,2168.88,1
CUST_02060,1,36,229.21,0.48,54,9,Bronze,0,8251.56,0
CUST_02061,147,40,438.06,0.94,4,3,Bronze,0,17522.4,0
CUST_02062,287,5,263.34,0.71,46,4,Bronze,1,1316.7,0
CUST_02063,142,13,80.68,0.26,63,7,Bronze,0,1048.84,0
CUST_02064,53,32,314.92,0.5,99,5,Silver,0,10077.44,0
CUST_02065,304,16,236.49,0.47,74,5,Bronze,1,3783.84,0
CUST_02066,69,1,468.48,0.8,50,4,Bronze,0,468.48,0
CUST_02067,361,13,202.03,0.83,30,9,Bronze,0,2626.39,1
CUST_02068,90,11,207.4,0.28,73,4,Bronze,0,2281.4,0
CUST_02069,220,8,328.88,0.82,16,0,Bronze,0,2631.04,0
CUST_02070,192,25,268.22,0.18,52,3,Bronze,0,6705.5,0
CUST_02071,63,40,193.48,0.76,4,8,Bronze,1,7739.2,0
CUST_02072,73,32,494.99,0.25,26,1,Bronze,1,15839.68,0
CUST_02073,161,24,158.07,0.3,29,5,Gold,0,3793.68,0
CUST_02074,169,28,145.99,0.85,92,1,Bronze,0,4087.72,0
CUST_02075,89,14,433.57,0.42,11,8,Gold,0,6069.98,0
CUST_02076,176,45,11.65,0.99,92,4,Bronze,0,524.25,0
CUST_02077,269,3,108.61,0.15,96,8,Silver,0,325.83,1
CUST_02078,73,36,299.32,0.46,24,9,Bronze,1,10775.52,0
CUST_02079,245,27,89.6,0.73,51,4,Bronze,0,2419.2,0
CUST_02080,77,20,493.04,0.01,42,8,Silver,1,9860.8,0
CUST_02081,159,47,237.46,0.15,39,1,Bronze,0,11160.62,0
CUST_02082,324,15,302.71,0.02,7,6,Bronze,0,4540.65,1
CUST_02083,98,27,88.58,0.99,18,7,Bronze,1,2391.66,0
CUST_02084,102,45,151.8,0.76,3,2,Bronze,0,6831.0,0
CUST_02085,132,41,311.17,0.37,63,0,Bronze,0,12757.97,0
CUST_02086,102,28,279.28,0.16,20,1,Bronze,0,7819.84,0
CUST_02087,19,25,394.34,0.09,98,9,Silver,1,9858.5,0
CUST_02088,82,42,141.92,0.53,94,4,Bronze,0,5960.64,0
CUST_02089,279,44,330.24,0.98,73,8,Bronze,0,14530.56,0
CUST_02090,339,46,152.58,0.67,74,4,Bronze,0,7018.68,0
CUST_02091,331,33,297.51,0.37,70,0,Bronze,0,9817.83,0
CUST_02092,129,46,306.47,0.5,17,0,Bronze,0,14097.62,0
CUST_02093,344,14,69.7,1.0,79,1,Bronze,1,975.8,0
CUST_02094,310,8,278.83,0.52,97,0,Gold,0,2230.64,1
CUST_02095,89,48,15.85,0.96,59,7,Bronze,0,760.8,0
CUST_02096,213,14,255.59,0.02,54,1,Bronze,1,3578.26,0
CUST_02097,143,1,351.79,0.72,13,7,Bronze,0,351.79,0
CUST_02098,65,16,45.69,0.63,42,4,Bronze,0,731.04,0
CUST_02099,76,18,469.97,0.69,44,0,Bronze,0,8459.46,0
CUST_02100,199,7,234.79,0.57,86,3,Bronze,0,1643.53,0
CUST_02101,143,15,469.82,0.04,80,1,Silver,0,7047.3,0
CUST_02102,316,24,62.63,0.15,98,5,Silver,0,1503.12,1
CUST_02103,93,49,475.45,0.92,67,4,Bronze,0,23297.05,0
CUST_02104,305,13,63.51,0.23,72,8,Gold,0,825.63,1
CUST_02105,224,9,236.13,0.99,20,2,Gold,0,2125.17,0
CUST_02106,291,15,469.62,0.68,47,4,Bronze,0,7044.3,0
CUST_02107,102,35,124.03,0.44,24,9,Bronze,0,4341.05,0
CUST_02108,267,24,27.04,0.92,51,6,Bronze,0,648.96,0
CUST_02109,355,33,398.62,0.79,18,8,Bronze,1,13154.46,0
CUST_02110,110,16,301.98,0.43,23,2,Silver,0,4831.68,0
CUST_02111,330,8,261.82,0.07,1,3,Bronze,0,2094.56,1
CUST_02112,265,29,26.83,0.87,66,0,Bronze,0,778.07,0
CUST_02113,3,23,330.08,0.77,5,1,Bronze,1,7591.84,0
CUST_02114,85,45,94.1,0.79,18,2,Silver,0,4234.5,0
CUST_02115,282,31,466.29,0.74,80,9,Bronze,0,14454.99,0
CUST_02116,328,40,346.01,0.28,74,6,Bronze,0,13840.4,1
CUST_02117,304,49,356.45,0.86,93,6,Bronze,0,17466.05,0
CUST_02118,117,14,123.96,0.0,35,0,Bronze,0,1735.44,0
CUST_02119,221,30,441.57,0.24,25,8,Bronze,0,13247.1,1
CUST_02120,154,39,273.49,0.05,24,2,Bronze,0,10666.11,0
CUST_02121,153,27,429.97,0.11,13,2,Bronze,0,11609.19,0
CUST_02122,12,47,142.76,0.53,21,1,Silver,0,6709.72,0
CUST_02123,133,16,380.18,0.04,39,2,Bronze,0,6082.88,0
CUST_02124,304,6,291.54,0.18,34,5,Bronze,0,1749.24,1
CUST_02125,293,33,33.73,0.23,19,9,Bronze,0,1113.09,1
CUST_02126,300,44,208.62,0.66,28,3,Bronze,0,9179.28,0
CUST_02127,228,18,100.12,0.47,91,1,Bronze,1,1802.16,0
CUST_02128,271,16,186.0,0.46,90,7,Bronze,0,2976.0,1
CUST_02129,43,12,197.84,0.77,11,0,Bronze,0,2374.08,0
CUST_02130,343,20,242.71,0.46,49,9,Bronze,0,4854.2,1
CUST_02131,326,45,304.14,0.35,35,7,Bronze,0,13686.3,1
CUST_02132,302,40,289.78,0.96,84,1,Bronze,1,11591.2,0
CUST_02133,364,29,29.11,0.01,76,8,Silver,1,844.19,1
CUST_02134,21,30,377.84,0.31,57,3,Bronze,0,11335.2,0
CUST_02135,107,26,475.1,0.61,28,3,Bronze,0,12352.6,0
CUST_02136,336,22,180.85,0.78,66,6,Bronze,0,3978.7,0
CUST_02137,303,33,98.08,0.82,65,2,Silver,0,3236.64,0
CUST_02138,117,39,274.6,0.05,73,9,Bronze,1,10709.4,0
CUST_02139,124,47,355.41,0.71,22,2,Bronze,0,16704.27,0
CUST_02140,281,29,342.66,0.72,51,3,Bronze,0,9937.14,0
CUST_02141,292,22,309.93,0.21,91,9,Bronze,0,6818.46,1
CUST_02142,203,45,81.65,0.11,9,2,Gold,1,3674.25,0
CUST_02143,51,13,420.04,0.75,71,9,Bronze,0,5460.52,0
CUST_02144,271,9,218.55,0.25,36,7,Bronze,0,1966.95,1
CUST_02145,324,24,118.52,0.0,54,8,Bronze,0,2844.48,1
CUST_02146,277,15,52.27,0.22,38,4,Bronze,0,784.05,1
CUST_02147,141,36,214.19,0.03,66,2,Silver,0,7710.84,0
CUST_02148,275,13,312.81,0.25,43,6,Gold,0,4066.53,1
CUST_02149,290,27,336.04,0.34,5,2,Silver,0,9073.08,1
CUST_02150,334,44,481.74,0.27,81,5,Bronze,0,21196.56,1
CUST_02151,52,37,85.04,0.92,37,3,Gold,0,3146.48,0
CUST_02152,27,7,493.03,0.23,58,6,Silver,0,3451.21,0
CUST_02153,157,8,330.79,0.47,63,5,Silver,0,2646.32,0
CUST_02154,239,37,232.57,0.96,99,6,Silver,0,8605.09,0
CUST_02155,156,41,445.22,0.88,51,3,Bronze,0,18254.02,0
CUST_02156,291,14,350.3,0.31,72,5,Bronze,0,4904.2,1
CUST_02157,136,12,180.87,0.33,43,9,Bronze,0,2170.44,0
CUST_02158,144,36,443.2,0.59,67,6,Silver,0,15955.2,0
CUST_02159,106,40,336.64,0.92,67,9,Bronze,0,13465.6,0
CUST_02160,158,17,352.43,0.01,65,7,Bronze,0,5991.31,1
CUST_02161,146,40,449.23,0.39,62,9,Bronze,1,17969.2,0
CUST_02162,2,29,229.72,0.85,88,8,Bronze,0,6661.88,0
CUST_02163,77,27,331.88,0.41,63,2,Bronze,0,8960.76,0
CUST_02164,132,1,374.9,0.72,30,4,Bronze,1,374.9,0
CUST_02165,90,34,232.43,0.69,90,9,Bronze,0,7902.62,0
CUST_02166,345,4,50.89,0.21,38,2,Silver,0,203.56,1
CUST_02167,350,24,388.01,0.45,51,4,Gold,0,9312.24,1
CUST_02168,263,21,33.43,0.57,38,1,Bronze,1,702.03,0
CUST_02169,351,33,361.78,0.72,67,2,Bronze,0,11938.74,0
CUST_02170,108,7,456.33,0.82,77,6,Silver,0,3194.31,0
CUST_02171,74,1,180.01,0.76,48,7,Gold,0,180.01,0
CUST_02172,39,41,60.01,0.03,12,4,Bronze,0,2460.41,0
CUST_02173,159,3,124.1,0.67,20,2,Bronze,0,372.3,0
CUST_02174,71,44,285.52,0.5,72,3,Bronze,0,12562.88,0
CUST_02175,312,15,471.9,0.57,2,2,Bronze,0,7078.5,1
CUST_02176,241,31,261.02,0.37,75,2,Silver,0,8091.62,0
CUST_02177,298,16,65.24,0.71,85,8,Bronze,0,1043.84,1
CUST_02178,36,10,317.61,0.67,55,3,Bronze,0,3176.1,0
CUST_02179,84,29,369.09,0.58,6,5,Bronze,0,10703.61,0
CUST_02180,263,6,202.71,0.86,83,2,Bronze,0,1216.26,0
CUST_02181,310,29,363.54,0.1,94,7,Bronze,0,10542.66,1
CUST_02182,172,17,169.16,0.3,62,3,Bronze,0,2875.72,0
CUST_02183,173,22,396.65,0.5,49,7,Bronze,1,8726.3,0
CUST_02184,362,24,177.13,0.96,84,1,Bronze,0,4251.12,0
CUST_02185,47,17,135.49,0.07,54,8,Gold,0,2303.33,0
CUST_02186,141,21,440.8,0.34,10,1,Bronze,1,9256.8,0
CUST_02187,118,11,278.75,0.93,24,2,Bronze,0,3066.25,0
CUST_02188,277,7,149.73,0.9,97,2,Bronze,0,1048.11,0
CUST_02189,214,42,468.19,0.87,29,4,Bronze,0,19663.98,0
CUST_02190,220,39,348.52,0.31,94,2,Bronze,0,13592.28,0
CUST_02191,26,5,118.14,0.85,6,7,Bronze,0,590.7,0
CUST_02192,9,44,311.17,0.51,58,9,Silver,0,13691.48,0
CUST_02193,271,48,436.48,0.62,78,6,Bronze,0,20951.04,0
CUST_02194,10,21,351.12,0.24,57,0,Silver,0,7373.52,0
CUST_02195,121,18,129.93,0.71,3,5,Bronze,0,2338.74,0
CUST_02196,125,35,327.94,0.33,24,1,Bronze,0,11477.9,0
CUST_02197,170,20,313.39,0.34,19,7,Bronze,0,6267.8,0
CUST_02198,72,15,412.21,0.64,98,9,Silver,0,6183.15,0
CUST_02199,152,5,97.28,0.24,9,7,Bronze,1,486.4,0
CUST_02200,208,13,352.82,0.22,30,6,Silver,0,4586.66,1
CUST_02201,49,12,23.41,0.37,96,7,Bronze,1,280.92,0
CUST_02202,154,21,351.13,0.78,77,0,Gold,0,7373.73,0
CUST_02203,347,37,480.61,0.22,82,7,Bronze,1,17782.57,0
CUST_02204,293,6,95.45,0.79,44,0,Gold,0,572.7,0
CUST_02205,68,7,162.54,0.7,53,2,Bronze,0,1137.78,0
CUST_02206,50,26,295.61,0.68,86,3,Bronze,0,7685.86,0
CUST_02207,152,42,368.87,0.47,68,2,Bronze,1,15492.54,0
CUST_02208,19,48,178.74,0.75,60,1,Bronze,0,8579.52,0
CUST_02209,100,8,335.49,0.01,23,2,Bronze,0,2683.92,0
CUST_02210,60,9,450.65,0.31,61,8,Silver,0,4055.85,0
CUST_02211,167,27,366.01,0.68,7,1,Bronze,0,9882.27,0
CUST_02212,202,4,358.4,0.99,44,4,Bronze,0,1433.6,0
CUST_02213,345,21,197.17,0.0,55,2,Bronze,0,4140.57,1
CUST_02214,146,31,456.6,0.51,75,8,Bronze,0,14154.6,0
CUST_02215,164,21,145.89,0.92,39,6,Bronze,0,3063.69,0
CUST_02216,242,40,110.59,0.86,59,9,Bronze,0,4423.6,0
CUST_02217,69,25,188.47,0.02,98,2,Gold,0,4711.75,0
CUST_02218,175,39,328.58,0.53,5,1,Bronze,0,12814.62,0
CUST_02219,49,15,432.22,0.0,42,1,Gold,0,6483.3,0
CUST_02220,108,35,74.72,0.79,89,4,Bronze,1,2615.2,0
CUST_02221,226,49,408.76,0.31,92,8,Bronze,0,20029.24,0
CUST_02222,161,43,408.28,0.77,14,1,Silver,0,17556.04,0
CUST_02223,119,41,297.59,0.94,27,1,Bronze,0,12201.19,0
CUST_02224,149,37,382.72,0.98,16,7,Gold,0,14160.64,0
CUST_02225,150,42,99.12,0.89,91,2,Bronze,0,4163.04,0
CUST_02226,293,47,93.1,0.2,2,2,Bronze,0,4375.7,0
CUST_02227,143,28,432.77,0.19,19,5,Gold,0,12117.56,0
CUST_02228,160,14,254.09,0.63,23,5,Bronze,0,3557.26,0
CUST_02229,11,4,130.51,0.54,41,5,Gold,1,522.04,0
CUST_02230,138,20,347.48,0.01,14,4,Bronze,0,6949.6,0
CUST_02231,78,34,447.02,0.39,47,3,Silver,0,15198.68,0
CUST_02232,77,12,319.84,0.91,63,8,Bronze,0,3838.08,0
CUST_02233,254,33,180.2,0.9,90,3,Bronze,0,5946.6,0
CUST_02234,258,24,246.79,0.2,8,0,Bronze,0,5922.96,1
CUST_02235,320,20,378.61,0.38,27,7,Bronze,0,7572.2,1
CUST_02236,291,5,43.08,0.56,40,7,Bronze,1,215.4,0
CUST_02237,263,38,116.41,0.85,28,2,Bronze,1,4423.58,0
CUST_02238,85,30,236.67,0.53,68,8,Silver,0,7100.1,0
CUST_02239,146,24,306.08,0.97,61,6,Silver,0,7345.92,0
CUST_02240,323,43,176.19,0.8,38,6,Bronze,1,7576.17,0
CUST_02241,42,40,156.21,0.95,75,4,Bronze,0,6248.4,0
CUST_02242,125,7,30.28,0.73,24,2,Bronze,0,211.96,0
CUST_02243,167,36,25.97,0.88,28,9,Bronze,0,934.92,0
CUST_02244,241,38,146.56,0.83,41,4,Silver,0,5569.28,0
CUST_02245,280,16,269.95,0.25,18,2,Silver,0,4319.2,1
CUST_02246,188,15,282.62,0.23,49,2,Bronze,0,4239.3,0
CUST_02247,302,46,252.07,0.86,85,0,Bronze,0,11595.22,0
CUST_02248,19,23,210.84,0.08,26,3,Bronze,0,4849.32,0
CUST_02249,68,12,133.62,0.41,3,8,Silver,0,1603.44,0
CUST_02250,218,29,206.34,0.82,77,5,Bronze,0,5983.86,0
CUST_02251,102,44,77.99,0.81,38,5,Bronze,0,3431.56,0
CUST_02252,42,48,66.48,0.14,92,5,Bronze,0,3191.04,0
CUST_02253,288,15,156.97,0.49,14,4,Bronze,0,2354.55,1
CUST_02254,167,29,497.72,0.48,1,1,Bronze,0,14433.88,0
CUST_02255,109,45,169.98,0.32,92,4,Bronze,1,7649.1,0
CUST_02256,36,43,468.86,0.92,11,9,Silver,0,20160.98,0
CUST_02257,232,49,202.21,0.65,40,2,Bronze,0,9908.29,0
CUST_02258,229,21,225.11,0.98,4,9,Gold,0,4727.31,0
CUST_02259,353,15,400.56,0.07,34,1,Bronze,0,6008.4,1
CUST_02260,164,14,55.88,0.39,65,3,Silver,0,782.32,0
CUST_02261,73,42,99.33,0.84,56,9,Silver,0,4171.86,0
CUST_02262,136,44,487.18,0.42,10,8,Bronze,0,21435.92,0
CUST_02263,353,16,257.9,0.26,81,6,Bronze,0,4126.4,1
CUST_02264,70,15,31.71,1.0,71,9,Bronze,1,475.65,0
CUST_02265,196,42,33.22,0.87,64,8,Bronze,0,1395.24,0
CUST_02266,269,4,454.55,0.55,13,2,Silver,0,1818.2,1
CUST_02267,49,27,437.95,0.56,22,1,Gold,0,11824.65,0
CUST_02268,316,23,234.62,0.01,56,8,Bronze,0,5396.26,1
CUST_02269,130,29,89.98,0.98,65,5,Gold,0,2609.42,0
CUST_02270,5,41,416.84,0.81,92,9,Bronze,1,17090.44,0
CUST_02271,27,9,169.05,0.04,97,3,Bronze,0,1521.45,0
CUST_02272,160,43,215.34,0.18,13,3,Bronze,0,9259.62,0
CUST_02273,149,43,344.41,0.82,1,9,Bronze,0,14809.63,0
CUST_02274,264,7,183.17,0.09,38,9,Bronze,0,1282.19,1
CUST_02275,230,42,318.05,0.94,58,5,Silver,0,13358.1,0
CUST_02276,200,4,443.79,1.0,25,6,Bronze,0,1775.16,0
CUST_02277,50,5,400.71,0.89,42,9,Bronze,0,2003.55,0
CUST_02278,67,5,196.99,0.74,85,4,Bronze,1,984.95,0
CUST_02279,300,11,151.09,0.49,33,7,Bronze,0,1661.99,1
CUST_02280,58,41,149.9,0.08,57,9,Bronze,1,6145.9,0
CUST_02281,259,28,180.81,0.73,37,0,Bronze,1,5062.68,0
CUST_02282,342,16,251.82,0.4,57,0,Bronze,0,4029.12,1
CUST_02283,326,41,214.13,0.57,98,3,Bronze,0,8779.33,0
CUST_02284,130,30,75.17,0.29,62,7,Bronze,0,2255.1,0
CUST_02285,215,4,90.09,0.24,3,7,Bronze,0,360.36,1
CUST_02286,172,2,178.04,0.32,30,5,Bronze,0,356.08,1
CUST_02287,258,46,285.41,0.81,67,4,Bronze,0,13128.86,0
CUST_02288,102,3,300.41,0.43,63,9,Bronze,1,901.23,0
CUST_02289,209,21,248.24,0.31,82,9,Bronze,1,5213.04,0
CUST_02290,291,6,372.0,0.43,23,1,Silver,0,2232.0,1
CUST_02291,354,43,371.25,0.03,72,4,Bronze,1,15963.75,0
CUST_02292,286,18,219.54,0.89,73,4,Bronze,0,3951.72,0
CUST_02293,116,44,70.98,0.55,66,1,Silver,0,3123.12,0
CUST_02294,264,5,269.79,0.1,61,7,Bronze,0,1348.95,1
CUST_02295,150,9,196.92,0.29,2,9,Bronze,0,1772.28,1
CUST_02296,300,20,77.58,0.98,27,4,Silver,0,1551.6,0
CUST_02297,36,28,491.09,0.59,48,4,Silver,0,13750.52,0
CUST_02298,333,26,191.18,0.29,63,0,Silver,0,4970.68,1
CUST_02299,287,18,316.64,0.43,5,0,Bronze,0,5699.52,0
CUST_02300,303,19,250.16,0.26,1,0,Bronze,0,4753.04,1
CUST_02301,311,3,79.99,0.03,22,7,Silver,0,239.97,1
CUST_02302,208,9,37.22,0.84,74,9,Bronze,0,334.98,0
CUST_02303,106,36,316.63,0.29,24,1,Gold,0,11398.68,0
CUST_02304,158,31,131.04,0.84,59,7,Bronze,1,4062.24,0
CUST_02305,121,49,129.39,0.48,79,5,Bronze,0,6340.11,0
CUST_02306,55,17,478.92,0.18,97,4,Bronze,0,8141.64,0
CUST_02307,12,23,236.27,0.8,50,5,Bronze,0,5434.21,0
CUST_02308,145,34,24.42,0.38,23,3,Bronze,0,830.28,0
CUST_02309,136,41,176.52,0.71,78,2,Bronze,0,7237.32,0
CUST_02310,3,41,296.4,0.84,18,3,Bronze,0,12152.4,0
CUST_02311,144,5,171.0,0.96,89,8,Bronze,0,855.0,0
CUST_02312,30,15,23.16,0.09,22,7,Bronze,0,347.4,0
CUST_02313,237,47,227.71,0.01,44,7,Bronze,0,10702.37,1
CUST_02314,279,3,61.89,0.55,44,0,Bronze,0,185.67,1
CUST_02315,348,19,313.39,0.26,37,4,Silver,0,5954.41,1
CUST_02316,115,28,313.6,0.47,7,5,Bronze,0,8780.8,0
CUST_02317,104,3,28.5,0.07,90,8,Silver,0,85.5,1
CUST_02318,118,38,152.43,0.5,24,9,Bronze,0,5792.34,0
CUST_02319,5,4,212.71,0.12,77,9,Bronze,0,850.84,0
CUST_02320,360,24,279.63,0.84,41,5,Gold,0,6711.12,0
CUST_02321,248,31,155.07,0.76,70,0,Bronze,0,4807.17,0
CUST_02322,364,45,151.0,0.07,85,0,Bronze,0,6795.0,1
CUST_02323,321,45,491.68,0.84,71,6,Bronze,0,22125.6,0
CUST_02324,121,11,30.51,0.32,18,2,Bronze,1,335.61,0
CUST_02325,286,37,494.63,0.35,79,6,Silver,0,18301.31,0
CUST_02326,149,1,33.4,0.18,72,4,Silver,0,33.4,1
CUST_02327,84,9,151.29,0.84,60,0,Gold,0,1361.61,0
CUST_02328,231,17,251.91,0.4,52,7,Bronze,0,4282.47,1
CUST_02329,288,1,80.22,0.05,80,8,Gold,0,80.22,1
CUST_02330,161,3,76.07,0.97,49,5,Bronze,1,228.21,0
CUST_02331,272,47,135.59,0.26,67,1,Bronze,1,6372.73,0
CUST_02332,38,26,487.02,0.94,45,8,Bronze,1,12662.52,0
CUST_02333,226,31,196.26,0.3,9,1,Bronze,0,6084.06,0
CUST_02334,142,26,287.34,0.83,26,5,Silver,0,7470.84,0
CUST_02335,292,23,355.1,0.66,26,9,Bronze,0,8167.3,1
CUST_02336,151,30,373.69,0.86,30,3,Bronze,1,11210.7,0
CUST_02337,114,10,347.14,0.98,27,5,Gold,0,3471.4,0
CUST_02338,237,8,175.09,0.87,80,3,Silver,0,1400.72,0
CUST_02339,66,44,64.75,0.4,4,2,Bronze,0,2849.0,0
CUST_02340,361,25,148.04,0.81,51,7,Bronze,0,3701.0,1
CUST_02341,341,22,113.04,0.71,83,4,Bronze,0,2486.88,1
CUST_02342,258,15,76.78,0.06,98,0,Bronze,1,1151.7,0
CUST_02343,249,41,22.0,0.93,70,7,Bronze,1,902.0,0
CUST_02344,331,10,468.51,0.47,79,2,Bronze,0,4685.1,1
CUST_02345,323,20,461.31,0.13,10,3,Bronze,0,9226.2,1
CUST_02346,180,41,34.7,0.43,36,8,Bronze,1,1422.7,0
CUST_02347,190,47,94.81,0.6,46,2,Bronze,0,4456.07,0
CUST_02348,154,23,78.36,0.57,6,4,Bronze,0,1802.28,0
CUST_02349,196,1,147.8,0.57,70,7,Silver,0,147.8,1
CUST_02350,311,2,109.99,0.26,79,5,Silver,0,219.98,1
CUST_02351,262,19,473.47,0.63,93,2,Bronze,0,8995.93,0
CUST_02352,143,14,51.24,0.91,89,7,Bronze,0,717.36,0
CUST_02353,342,8,113.72,0.39,83,4,Bronze,0,909.76,1
CUST_02354,316,38,49.55,0.63,78,5,Gold,0,1882.9,0
CUST_02355,101,12,490.39,0.24,3,2,Bronze,0,5884.68,0
CUST_02356,244,26,460.02,0.05,50,7,Bronze,0,11960.52,1
CUST_02357,12,27,361.15,0.59,42,3,Bronze,1,9751.05,0
CUST_02358,239,29,218.73,0.05,78,8,Bronze,0,6343.17,1
CUST_02359,49,15,103.19,0.72,54,4,Bronze,0,1547.85,0
CUST_02360,42,46,118.53,0.67,39,0,Silver,0,5452.38,0
CUST_02361,166,1,227.09,0.37,85,8,Bronze,1,227.09,0
CUST_02362,82,43,386.43,0.41,55,7,Gold,0,16616.49,0
CUST_02363,291,28,139.72,0.92,11,4,Bronze,0,3912.16,0
CUST_02364,158,3,162.29,0.01,74,2,Bronze,0,486.87,1
CUST_02365,216,18,303.97,0.56,79,8,Silver,0,5471.46,0
CUST_02366,158,34,126.49,0.92,30,6,Bronze,0,4300.66,0
CUST_02367,134,32,296.27,0.91,81,7,Bronze,0,9480.64,0
CUST_02368,67,29,199.69,0.58,56,2,Bronze,0,5791.01,0
CUST_02369,336,25,26.84,0.38,29,5,Silver,0,671.0,1
CUST_02370,7,26,207.32,0.1,17,3,Bronze,0,5390.32,0
CUST_02371,14,39,460.57,0.17,33,2,Gold,0,17962.23,0
CUST_02372,73,8,153.62,0.68,21,3,Bronze,0,1228.96,0
CUST_02373,163,19,168.19,0.02,78,1,Silver,0,3195.61,0
CUST_02374,66,47,42.31,0.88,10,4,Gold,0,1988.57,0
CUST_02375,347,42,311.37,0.59,87,7,Bronze,0,13077.54,0
CUST_02376,130,22,426.13,0.05,39,4,Silver,0,9374.86,0
CUST_02377,206,29,182.93,0.24,78,1,Bronze,0,5304.97,0
CUST_02378,276,33,127.72,0.59,47,6,Bronze,0,4214.76,0
CUST_02379,256,38,478.74,0.04,86,7,Gold,0,18192.12,1
CUST_02380,266,45,375.09,0.78,52,3,Silver,0,16879.05,0
CUST_02381,25,46,287.91,0.92,41,2,Bronze,0,13243.86,0
CUST_02382,281,35,159.71,0.96,92,7,Bronze,0,5589.85,0
CUST_02383,253,43,118.19,0.73,47,9,Silver,1,5082.17,0
CUST_02384,310,3,360.71,0.86,73,1,Bronze,0,1082.13,0
CUST_02385,289,19,265.68,0.61,87,6,Silver,1,5047.92,0
CUST_02386,164,10,265.09,0.46,71,9,Silver,0,2650.9,0
CUST_02387,95,27,46.12,0.71,88,7,Bronze,0,1245.24,0
CUST_02388,270,15,260.98,0.22,43,4,Silver,0,3914.7,1
CUST_02389,321,11,413.14,0.11,37,6,Silver,0,4544.54,1
CUST_02390,110,47,473.93,0.76,73,8,Bronze,0,22274.71,0
CUST_02391,336,26,62.27,0.96,64,7,Bronze,0,1619.02,0
CUST_02392,310,24,319.27,0.58,71,4,Silver,1,7662.48,0
CUST_02393,238,13,288.49,0.48,60,3,Bronze,0,3750.37,0
CUST_02394,25,32,446.25,0.53,87,2,Bronze,1,14280.0,0
CUST_02395,141,37,378.11,0.48,25,5,Bronze,0,13990.07,0
CUST_02396,117,4,482.98,0.44,22,3,Bronze,0,1931.92,0
CUST_02397,25,13,480.42,0.95,43,3,Bronze,0,6245.46,0
CUST_02398,79,9,120.59,0.48,71,6,Bronze,0,1085.31,0
CUST_02399,68,49,365.42,0.08,70,9,Bronze,0,17905.58,0
CUST_02400,173,34,269.96,0.77,36,4,Bronze,0,9178.64,0
CUST_02401,12,37,115.15,0.39,46,0,Bronze,0,4260.55,0
CUST_02402,288,48,105.49,0.71,22,4,Gold,0,5063.52,0
CUST_02403,128,7,49.73,0.58,35,5,Silver,0,348.11,0
CUST_02404,96,1,399.82,0.71,47,0,Bronze,0,399.82,0
CUST_02405,92,12,169.01,0.06,33,2,Bronze,1,2028.12,0
CUST_02406,141,21,429.91,0.03,85,5,Bronze,0,9028.11,0
CUST_02407,31,11,308.07,0.38,75,6,Bronze,0,3388.77,0
CUST_02408,334,44,340.08,0.69,13,6,Bronze,1,14963.52,0
CUST_02409,20,44,152.92,0.22,56,6,Silver,0,6728.48,0
CUST_02410,146,44,234.07,0.43,67,8,Bronze,0,10299.08,0
CUST_02411,316,14,212.04,0.98,13,1,Bronze,0,2968.56,0
CUST_02412,160,34,125.49,0.21,50,2,Bronze,0,4266.66,0
CUST_02413,349,34,417.93,0.85,57,6,Bronze,1,14209.62,0
CUST_02414,43,25,314.82,0.83,98,5,Bronze,0,7870.5,0
CUST_02415,254,4,28.34,0.89,28,0,Silver,0,113.36,0
CUST_02416,130,26,411.76,0.92,98,9,Bronze,0,10705.76,0
CUST_02417,60,16,61.96,0.51,96,6,Bronze,0,991.36,0
CUST_02418,151,10,207.81,0.68,87,1,Bronze,0,2078.1,0
CUST_02419,287,45,289.92,0.62,88,3,Bronze,0,13046.4,0
CUST_02420,5,2,13.75,0.31,65,6,Bronze,0,27.5,0
CUST_02421,266,35,329.92,0.28,24,3,Gold,0,11547.2,0
CUST_02422,345,19,333.25,0.34,67,5,Bronze,0,6331.75,1
CUST_02423,130,6,329.74,0.22,81,8,Bronze,1,1978.44,0
CUST_02424,267,19,90.1,0.76,7,4,Bronze,0,1711.9,0
CUST_02425,178,8,135.31,0.96,74,2,Bronze,0,1082.48,0
CUST_02426,253,14,131.21,0.87,83,5,Silver,0,1836.94,0
CUST_02427,56,10,480.43,0.22,24,3,Bronze,0,4804.3,0
CUST_02428,83,3,43.09,0.05,9,8,Bronze,0,129.27,1
CUST_02429,99,38,220.09,0.76,15,1,Bronze,0,8363.42,0
CUST_02430,149,29,436.91,0.39,56,9,Bronze,0,12670.39,0
CUST_02431,329,15,387.04,0.82,86,4,Silver,0,5805.6,0
CUST_02432,156,23,413.0,0.78,17,8,Bronze,0,9499.0,0
CUST_02433,190,23,486.42,0.63,19,9,Bronze,0,11187.66,0
CUST_02434,263,18,199.76,0.26,9,6,Bronze,0,3595.68,1
CUST_02435,80,46,161.73,0.1,64,4,Bronze,0,7439.58,0
CUST_02436,252,19,25.02,0.25,57,7,Bronze,0,475.38,1
CUST_02437,97,28,83.51,0.51,38,1,Bronze,0,2338.28,0
CUST_02438,260,26,285.39,0.98,83,3,Silver,0,7420.14,0
CUST_02439,260,10,87.25,0.06,8,5,Bronze,1,872.5,0
CUST_02440,103,47,370.79,0.2,6,6,Bronze,1,17427.13,0
CUST_02441,40,4,28.24,0.63,49,7,Bronze,0,112.96,0
CUST_02442,273,2,137.15,0.3,45,3,Gold,0,274.3,1
CUST_02443,101,3,350.77,0.86,21,8,Gold,0,1052.31,0
CUST_02444,359,7,135.2,0.14,93,6,Bronze,0,946.4,1
CUST_02445,308,16,367.09,0.96,34,1,Bronze,0,5873.44,0
CUST_02446,221,31,497.97,0.91,12,8,Gold,0,15437.07,0
CUST_02447,308,10,400.57,0.89,39,6,Bronze,0,4005.7,0
CUST_02448,124,19,177.5,0.17,96,4,Bronze,0,3372.5,0
CUST_02449,231,28,451.29,0.33,6,2,Bronze,1,12636.12,0
CUST_02450,178,17,35.08,0.8,81,8,Bronze,0,596.36,0
CUST_02451,63,28,365.25,0.81,32,6,Silver,0,10227.0,0
CUST_02452,116,19,21.43,0.71,60,2,Silver,0,407.17,0
CUST_02453,191,37,95.53,0.45,8,4,Gold,0,3534.61,0
CUST_02454,62,23,493.92,0.31,38,2,Bronze,0,11360.16,0
CUST_02455,256,20,186.83,0.96,93,2,Bronze,0,3736.6,0
CUST_02456,7,13,412.04,0.14,95,6,Bronze,0,5356.52,0
CUST_02457,155,13,194.28,0.04,19,8,Silver,0,2525.64,1
CUST_02458,92,43,421.61,0.01,55,4,Bronze,0,18129.23,0
CUST_02459,14,11,483.07,0.78,9,3,Gold,0,5313.77,0
CUST_02460,229,48,223.41,0.06,52,3,Gold,0,10723.68,0
CUST_02461,86,15,284.08,0.54,28,2,Bronze,1,4261.2,0
CUST_02462,133,17,318.03,0.37,62,7,Bronze,0,5406.51,0
CUST_02463,183,28,468.07,0.15,48,9,Bronze,0,13105.96,1
CUST_02464,62,19,135.8,0.74,39,0,Bronze,0,2580.2,0
CUST_02465,219,4,309.51,0.06,53,2,Gold,0,1238.04,1
CUST_02466,246,22,169.11,0.32,95,1,Bronze,1,3720.42,0
CUST_02467,230,22,116.3,0.56,63,6,Silver,0,2558.6,0
CUST_02468,79,37,51.61,0.4,19,5,Bronze,0,1909.57,0
CUST_02469,149,39,314.15,0.26,33,0,Bronze,0,12251.85,0
CUST_02470,138,34,442.22,0.93,64,2,Silver,0,15035.48,0
CUST_02471,314,33,182.18,0.93,26,3,Bronze,0,6011.94,0
CUST_02472,65,44,280.81,0.42,45,9,Bronze,0,12355.64,0
CUST_02473,13,42,324.65,0.39,1,6,Silver,0,13635.3,0
CUST_02474,213,40,213.18,0.31,75,2,Silver,0,8527.2,0
CUST_02475,242,33,452.64,0.86,66,3,Bronze,0,14937.12,0
CUST_02476,213,12,187.75,0.57,35,6,Bronze,1,2253.0,0
CUST_02477,181,2,71.26,0.09,77,3,Bronze,1,142.52,0
CUST_02478,338,28,80.57,0.85,98,8,Bronze,0,2255.96,0
CUST_02479,173,10,446.52,0.53,98,5,Bronze,0,4465.2,0
CUST_02480,160,22,494.12,0.42,99,1,Bronze,0,10870.64,0
CUST_02481,164,17,151.58,0.34,96,0,Bronze,0,2576.86,0
CUST_02482,188,26,80.37,0.1,45,7,Bronze,0,2089.62,1
CUST_02483,191,3,246.28,0.96,76,2,Silver,0,738.84,0
CUST_02484,308,7,357.67,0.74,33,6,Silver,0,2503.69,1
CUST_02485,256,44,310.08,0.13,82,3,Bronze,1,13643.52,0
CUST_02486,183,8,476.04,0.51,69,2,Bronze,0,3808.32,0
CUST_02487,117,20,410.71,0.56,83,8,Bronze,0,8214.2,0
CUST_02488,282,12,435.8,0.17,31,5,Bronze,0,5229.6,1
CUST_02489,196,35,275.42,0.43,91,5,Silver,1,9639.7,0
CUST_02490,34,17,170.36,0.65,64,5,Bronze,0,2896.12,0
CUST_02491,52,28,353.85,0.28,15,2,Bronze,0,9907.8,0
CUST_02492,112,41,225.14,0.33,46,5,Bronze,0,9230.74,0
CUST_02493,252,10,151.0,0.12,48,3,Bronze,0,1510.0,1
CUST_02494,82,22,84.61,0.41,68,1,Bronze,0,1861.42,0
CUST_02495,232,38,268.66,0.58,83,2,Silver,0,10209.08,0
CUST_02496,227,33,301.18,0.12,85,3,Bronze,0,9938.94,0
CUST_02497,233,22,288.7,0.61,40,0,Bronze,0,6351.4,0
CUST_02498,221,44,67.11,0.4,1,6,Bronze,0,2952.84,0
CUST_02499,42,37,289.29,0.68,20,4,Bronze,1,10703.73,0
CUST_02500,21,13,92.52,0.31,22,8,Bronze,0,1202.76,0
CUST_02501,42,27,335.22,0.57,54,5,Bronze,0,9050.94,0
CUST_02502,113,15,220.4,0.61,77,7,Bronze,1,3306.0,0
CUST_02503,105,22,425.91,0.69,65,8,Bronze,1,9370.02,0
CUST_02504,192,30,391.35,0.76,15,5,Bronze,0,11740.5,0
CUST_02505,17,43,364.95,0.14,61,6,Bronze,0,15692.85,0
CUST_02506,120,40,353.36,0.97,79,5,Bronze,1,14134.4,0
CUST_02507,129,37,284.64,0.84,14,5,Bronze,0,10531.68,0
CUST_02508,130,34,39.95,0.56,69,1,Bronze,0,1358.3,0
CUST_02509,60,44,331.19,0.89,49,4,Silver,1,14572.36,0
CUST_02510,48,34,238.79,0.38,6,5,Bronze,0,8118.86,0
CUST_02511,29,48,240.08,0.03,41,9,Bronze,0,11523.84,0
CUST_02512,97,35,195.72,0.73,31,4,Bronze,0,6850.2,0
CUST_02513,10,42,465.24,0.94,90,3,Silver,0,19540.08,0
CUST_02514,242,19,132.23,0.16,64,5,Silver,0,2512.37,1
CUST_02515,314,8,165.13,0.64,89,5,Bronze,0,1321.04,1
CUST_02516,232,39,481.89,0.81,51,7,Silver,0,18793.71,0
CUST_02517,277,33,406.98,0.91,59,7,Bronze,1,13430.34,0
CUST_02518,284,44,16.9,0.28,55,9,Silver,1,743.6,0
CUST_02519,203,28,453.99,0.13,49,0,Bronze,1,12711.72,0
CUST_02520,247,37,121.06,0.25,40,1,Bronze,0,4479.22,0
CUST_02521,290,48,355.91,0.58,15,0,Bronze,0,17083.68,0
CUST_02522,264,25,281.01,0.92,70,9,Bronze,0,7025.25,0
CUST_02523,214,36,273.04,0.58,65,6,Silver,0,9829.44,0
CUST_02524,200,17,361.78,0.92,7,7,Bronze,0,6150.26,0
CUST_02525,79,24,111.52,0.77,62,2,Bronze,1,2676.48,0
CUST_02526,343,21,87.92,0.6,54,2,Bronze,0,1846.32,1
CUST_02527,344,2,329.44,0.02,52,6,Bronze,0,658.88,1
CUST_02528,173,31,152.38,0.33,51,7,Silver,0,4723.78,0
CUST_02529,69,44,487.24,0.06,4,5,Gold,0,21438.56,0
CUST_02530,87,33,231.24,0.32,1,7,Bronze,0,7630.92,0
CUST_02531,101,30,64.68,0.06,66,1,Silver,0,1940.4,0
CUST_02532,8,12,346.05,0.17,98,6,Bronze,0,4152.6,0
CUST_02533,333,44,160.02,0.41,35,4,Gold,0,7040.88,0
CUST_02534,200,12,82.81,0.51,77,5,Bronze,0,993.72,0
CUST_02535,87,49,217.18,0.22,81,6,Gold,0,10641.82,0
CUST_02536,43,24,482.47,0.73,10,8,Bronze,0,11579.28,0
CUST_02537,109,24,211.6,0.59,67,6,Silver,0,5078.4,0
CUST_02538,152,11,180.19,0.69,68,0,Bronze,1,1982.09,0
CUST_02539,17,13,227.81,0.73,89,4,Bronze,0,2961.53,0
CUST_02540,133,27,15.94,0.73,93,3,Silver,0,430.38,0
CUST_02541,148,8,75.22,0.94,65,7,Bronze,0,601.76,0
CUST_02542,277,10,426.34,0.24,51,6,Gold,0,4263.4,1
CUST_02543,232,8,489.24,0.27,30,3,Bronze,0,3913.92,1
CUST_02544,314,20,87.39,0.09,39,2,Gold,0,1747.8,1
CUST_02545,228,8,272.4,0.59,10,5,Bronze,1,2179.2,0
CUST_02546,139,9,483.5,0.4,93,7,Bronze,0,4351.5,0
CUST_02547,211,7,86.72,0.5,44,2,Bronze,0,607.04,0
CUST_02548,28,14,101.29,0.17,32,4,Silver,0,1418.06,0
CUST_02549,51,28,464.14,0.65,44,9,Silver,0,12995.92,0
CUST_02550,261,2,355.79,0.62,63,0,Silver,0,711.58,0
CUST_02551,261,43,84.46,0.26,61,9,Silver,0,3631.78,1
CUST_02552,350,8,202.81,0.47,65,9,Gold,0,1622.48,1
CUST_02553,352,13,37.57,0.89,41,7,Silver,0,488.41,1
CUST_02554,8,21,222.01,0.77,81,6,Gold,0,4662.21,0
CUST_02555,320,47,391.17,0.23,12,7,Silver,0,18384.99,1
CUST_02556,138,28,281.45,0.88,2,1,Silver,0,7880.6,0
CUST_02557,38,35,327.25,0.07,73,6,Bronze,1,11453.75,0
CUST_02558,111,23,170.14,0.41,76,3,Bronze,1,3913.22,0
CUST_02559,220,46,89.08,0.08,60,1,Bronze,0,4097.68,0
CUST_02560,337,15,16.43,0.92,25,8,Bronze,0,246.45,1
CUST_02561,223,2,412.44,0.04,61,4,Bronze,1,824.88,0
CUST_02562,136,12,321.96,0.15,99,6,Silver,0,3863.52,1
CUST_02563,256,36,122.37,0.92,22,3,Bronze,0,4405.32,0
CUST_02564,360,3,215.03,0.58,97,9,Bronze,0,645.09,1
CUST_02565,329,5,402.71,0.8,56,3,Bronze,0,2013.55,1
CUST_02566,49,3,273.96,0.02,21,2,Bronze,1,821.88,0
CUST_02567,292,47,157.08,0.42,55,0,Bronze,0,7382.76,0
CUST_02568,324,19,140.92,0.98,40,1,Bronze,0,2677.48,0
CUST_02569,78,2,116.63,0.58,51,8,Bronze,0,233.26,0
CUST_02570,105,44,413.63,0.85,22,0,Bronze,0,18199.72,0
CUST_02571,169,37,295.11,0.96,28,4,Bronze,0,10919.07,0
CUST_02572,217,17,357.49,0.69,4,1,Bronze,0,6077.33,0
CUST_02573,119,14,431.46,0.33,26,3,Bronze,0,6040.44,0
CUST_02574,190,28,493.56,0.31,87,6,Bronze,0,13819.68,0
CUST_02575,255,27,132.25,0.07,60,4,Bronze,0,3570.75,1
CUST_02576,266,10,98.64,0.43,23,0,Bronze,0,986.4,1
CUST_02577,149,3,236.38,0.92,41,2,Bronze,0,709.14,0
CUST_02578,164,36,27.18,0.48,58,9,Silver,0,978.48,0
CUST_02579,140,38,397.94,0.91,8,8,Gold,1,15121.72,0
CUST_02580,347,25,443.04,0.82,96,0,Silver,0,11076.0,0
CUST_02581,258,22,346.16,0.98,51,9,Silver,0,7615.52,0
CUST_02582,269,48,141.32,0.95,61,3,Bronze,1,6783.36,0
CUST_02583,181,39,70.35,0.71,1,4,Bronze,0,2743.65,0
CUST_02584,160,47,197.25,0.87,30,9,Bronze,0,9270.75,0
CUST_02585,351,30,418.33,0.75,92,2,Silver,0,12549.9,0
CUST_02586,288,21,180.44,0.7,17,2,Bronze,0,3789.24,0
CUST_02587,288,30,26.78,0.72,23,0,Bronze,0,803.4,0
CUST_02588,226,28,144.4,0.72,24,5,Bronze,0,4043.2,0
CUST_02589,11,31,495.07,0.38,86,3,Bronze,0,15347.17,0
CUST_02590,10,26,341.57,0.42,69,7,Bronze,1,8880.82,0
CUST_02591,271,43,451.42,0.29,89,5,Silver,0,19411.06,0
CUST_02592,273,22,389.68,0.15,52,2,Silver,0,8572.96,1
CUST_02593,183,21,274.46,0.46,71,6,Bronze,0,5763.66,0
CUST_02594,153,1,82.86,0.9,58,2,Bronze,1,82.86,0
CUST_02595,315,37,180.84,0.65,22,8,Bronze,0,6691.08,0
CUST_02596,334,13,296.03,0.06,59,7,Bronze,0,3848.39,1
CUST_02597,124,21,436.61,0.81,44,2,Silver,0,9168.81,0
CUST_02598,114,46,141.65,0.94,37,1,Bronze,0,6515.9,0
CUST_02599,278,9,69.4,0.83,34,2,Bronze,0,624.6,0
CUST_02600,213,17,283.83,0.73,57,3,Bronze,0,4825.11,0
CUST_02601,172,47,96.49,0.15,57,2,Bronze,0,4535.03,0
CUST_02602,288,21,309.08,0.35,40,8,Silver,0,6490.68,1
CUST_02603,174,31,139.13,0.57,20,9,Silver,0,4313.03,0
CUST_02604,113,39,123.17,0.08,17,1,Bronze,0,4803.63,0
CUST_02605,122,22,205.6,0.11,52,7,Silver,0,4523.2,0
CUST_02606,32,12,300.66,0.93,4,6,Bronze,0,3607.92,0
CUST_02607,222,6,277.21,0.7,63,0,Gold,1,1663.26,0
CUST_02608,119,16,129.92,0.28,50,5,Silver,1,2078.72,0
CUST_02609,39,26,446.65,0.33,82,5,Gold,1,11612.9,0
CUST_02610,268,5,63.84,0.38,92,8,Silver,0,319.2,1
CUST_02611,233,9,29.34,0.08,50,9,Silver,0,264.06,1
CUST_02612,18,46,305.33,0.74,16,7,Bronze,1,14045.18,0
CUST_02613,149,40,70.47,0.18,72,6,Bronze,0,2818.8,0
CUST_02614,149,14,257.4,0.81,61,6,Bronze,0,3603.6,0
CUST_02615,126,44,476.37,0.85,44,4,Bronze,0,20960.28,0
CUST_02616,302,42,352.3,0.64,18,1,Bronze,1,14796.6,0
CUST_02617,360,30,312.55,0.77,50,9,Gold,0,9376.5,1
CUST_02618,238,26,291.65,0.17,93,4,Bronze,0,7582.9,1
CUST_02619,135,45,97.97,0.58,80,0,Bronze,0,4408.65,0
CUST_02620,151,29,222.0,0.68,30,9,Bronze,0,6438.0,0
CUST_02621,236,19,177.84,0.66,49,5,Bronze,0,3378.96,0
CUST_02622,224,47,477.01,0.12,98,1,Bronze,0,22419.47,0
CUST_02623,203,8,128.74,0.34,94,0,Bronze,0,1029.92,0
CUST_02624,256,23,241.04,0.33,21,0,Bronze,0,5543.92,0
CUST_02625,86,42,469.66,0.57,22,0,Silver,0,19725.72,0
CUST_02626,150,35,396.7,0.77,47,3,Silver,0,13884.5,0
CUST_02627,235,31,482.61,0.57,25,4,Gold,0,14960.91,0
CUST_02628,345,35,308.08,0.75,86,4,Bronze,0,10782.8,0
CUST_02629,22,32,173.56,0.1,56,0,Bronze,0,5553.92,0
CUST_02630,348,5,415.06,0.88,64,5,Silver,1,2075.3,0
CUST_02631,285,16,152.81,0.54,28,2,Bronze,0,2444.96,0
CUST_02632,269,17,90.74,0.04,33,3,Silver,0,1542.58,1
CUST_02633,258,32,356.08,0.64,66,4,Gold,0,11394.56,0
CUST_02634,29,38,323.09,0.52,4,3,Gold,0,12277.42,0
CUST_02635,213,32,440.68,0.22,80,3,Gold,0,14101.76,0
CUST_02636,283,20,481.34,0.76,12,9,Bronze,0,9626.8,0
CUST_02637,50,48,430.03,0.93,17,0,Bronze,0,20641.44,0
CUST_02638,95,2,39.41,0.32,36,1,Bronze,0,78.82,0
CUST_02639,88,20,335.61,0.49,16,1,Silver,0,6712.2,0
CUST_02640,44,47,394.52,0.13,23,1,Bronze,0,18542.44,0
CUST_02641,278,18,491.15,0.93,72,9,Silver,1,8840.7,0
CUST_02642,171,1,193.58,0.32,9,0,Bronze,0,193.58,0
CUST_02643,189,29,93.24,0.19,78,9,Silver,0,2703.96,1
CUST_02644,353,29,427.94,0.48,55,7,Bronze,0,12410.26,1
CUST_02645,184,19,165.56,0.04,73,0,Bronze,0,3145.64,0
CUST_02646,3,44,303.12,0.25,64,7,Gold,0,13337.28,0
CUST_02647,191,40,201.05,0.07,47,0,Bronze,0,8042.0,0
CUST_02648,118,6,207.14,0.13,90,9,Bronze,0,1242.84,1
CUST_02649,19,44,368.91,0.11,67,2,Silver,0,16232.04,0
CUST_02650,23,39,187.12,0.87,10,8,Bronze,1,7297.68,0
CUST_02651,30,46,349.61,0.93,89,7,Bronze,0,16082.06,0
CUST_02652,295,8,17.02,0.47,4,1,Silver,1,136.16,0
CUST_02653,108,24,169.08,0.63,30,3,Silver,0,4057.92,0
CUST_02654,281,20,166.33,0.7,11,7,Bronze,1,3326.6,0
CUST_02655,128,14,376.93,0.39,51,8,Silver,0,5277.02,0
CUST_02656,229,5,164.13,0.37,19,6,Bronze,0,820.65,1
CUST_02657,111,41,320.33,0.68,13,0,Bronze,0,13133.53,0
CUST_02658,136,40,347.38,0.38,57,7,Bronze,1,13895.2,0
CUST_02659,362,34,332.63,0.58,3,0,Bronze,0,11309.42,0
CUST_02660,186,16,305.61,0.52,78,8,Bronze,0,4889.76,0
CUST_02661,144,45,212.67,0.52,74,7,Gold,0,9570.15,0
CUST_02662,72,7,192.92,0.83,38,3,Bronze,0,1350.44,0
CUST_02663,129,16,286.65,0.7,27,9,Gold,0,4586.4,0
CUST_02664,364,7,41.21,0.96,88,3,Bronze,0,288.47,1
CUST_02665,261,27,439.15,0.79,80,3,Bronze,0,11857.05,0
CUST_02666,3,14,414.4,0.15,10,5,Bronze,0,5801.6,0
CUST_02667,104,14,179.73,0.74,53,1,Bronze,0,2516.22,0
CUST_02668,224,44,287.74,0.67,27,3,Silver,0,12660.56,0
CUST_02669,320,33,466.79,0.65,7,3,Silver,0,15404.07,0
CUST_02670,362,33,143.1,0.48,92,7,Bronze,0,4722.3,1
CUST_02671,354,44,373.8,0.06,90,1,Bronze,0,16447.2,1
CUST_02672,10,20,50.54,0.95,82,7,Bronze,0,1010.8,0
CUST_02673,302,47,266.45,0.85,13,9,Bronze,0,12523.15,0
CUST_02674,231,36,443.14,0.49,72,1,Bronze,0,15953.04,0
CUST_02675,219,7,280.34,0.16,91,8,Gold,0,1962.38,1
CUST_02676,66,32,311.96,0.82,60,8,Bronze,0,9982.72,0
CUST_02677,112,48,454.74,0.43,14,5,Bronze,0,21827.52,0
CUST_02678,13,3,360.53,0.39,44,9,Bronze,0,1081.59,0
CUST_02679,86,39,350.98,0.67,70,4,Bronze,0,13688.22,0
CUST_02680,234,29,297.33,0.76,84,6,Silver,1,8622.57,0
CUST_02681,90,24,320.16,0.06,28,7,Silver,0,7683.84,0
CUST_02682,314,22,403.82,0.77,23,7,Bronze,1,8884.04,0
CUST_02683,54,6,489.82,0.73,12,2,Gold,0,2938.92,0
CUST_02684,12,48,399.71,0.59,24,2,Bronze,0,19186.08,0
CUST_02685,209,24,356.69,0.34,51,4,Bronze,0,8560.56,0
CUST_02686,14,40,76.42,0.16,22,4,Gold,0,3056.8,0
CUST_02687,121,23,410.37,0.1,62,1,Bronze,1,9438.51,0
CUST_02688,20,38,370.64,0.0,26,4,Bronze,1,14084.32,0
CUST_02689,75,10,387.51,0.21,86,0,Bronze,1,3875.1,0
CUST_02690,243,16,123.24,0.41,58,6,Bronze,0,1971.84,1
CUST_02691,223,11,452.69,0.24,71,6,Bronze,0,4979.59,1
CUST_02692,70,32,57.67,0.31,15,0,Silver,0,1845.44,0
CUST_02693,312,45,134.27,0.39,94,2,Silver,0,6042.15,0
CUST_02694,211,6,334.88,0.31,68,7,Silver,0,2009.28,1
CUST_02695,101,24,340.12,0.72,6,8,Bronze,1,8162.88,0
CUST_02696,186,33,163.53,0.49,2,2,Bronze,0,5396.49,0
CUST_02697,132,12,353.74,0.02,31,5,Bronze,0,4244.88,1
CUST_02698,111,27,200.09,0.23,24,5,Gold,0,5402.43,0
CUST_02699,132,38,10.09,0.71,35,5,Silver,0,383.42,0
CUST_02700,20,18,89.68,0.3,47,4,Bronze,0,1614.24,0
CUST_02701,24,45,442.48,0.92,31,5,Silver,0,19911.6,0
CUST_02702,227,39,119.12,0.71,89,5,Bronze,0,4645.68,0
CUST_02703,154,13,65.33,0.29,72,9,Bronze,0,849.29,1
CUST_02704,293,40,344.28,0.52,76,5,Bronze,0,13771.2,0
CUST_02705,230,30,225.95,0.67,2,7,Silver,0,6778.5,0
CUST_02706,310,49,400.33,0.19,79,5,Bronze,1,19616.17,0
CUST_02707,359,41,432.11,0.25,59,2,Gold,1,17716.51,0
CUST_02708,202,13,424.53,0.51,96,6,Bronze,0,5518.89,0
CUST_02709,38,34,163.37,0.92,63,5,Bronze,0,5554.58,0
CUST_02710,260,36,257.72,0.34,75,8,Bronze,0,9277.92,1
CUST_02711,188,30,328.57,0.4,17,3,Bronze,1,9857.1,0
CUST_02712,57,25,167.77,0.19,54,0,Bronze,0,4194.25,0
CUST_02713,20,2,30.14,0.59,21,5,Bronze,0,60.28,0
CUST_02714,273,36,252.88,0.74,22,8,Bronze,0,9103.68,0
CUST_02715,119,18,16.28,0.44,97,7,Bronze,0,293.04,0
CUST_02716,71,5,475.82,0.75,55,1,Bronze,0,2379.1,0
CUST_02717,4,19,400.37,0.3,29,2,Bronze,0,7607.03,0
CUST_02718,221,42,104.08,0.71,79,7,Bronze,0,4371.36,0
CUST_02719,14,18,150.91,0.26,21,8,Gold,0,2716.38,0
CUST_02720,3,32,491.59,0.78,2,7,Silver,1,15730.88,0
CUST_02721,216,21,193.04,0.83,42,9,Bronze,0,4053.84,0
CUST_02722,229,10,394.02,0.8,52,0,Gold,0,3940.2,0
CUST_02723,336,37,228.94,0.22,38,2,Silver,0,8470.78,1
CUST_02724,186,49,433.41,0.69,3,7,Bronze,0,21237.09,0
CUST_02725,55,22,354.84,0.54,25,0,Bronze,0,7806.48,0
CUST_02726,254,13,21.23,0.99,77,6,Gold,0,275.99,0
CUST_02727,24,17,154.25,0.36,88,3,Bronze,0,2622.25,0
CUST_02728,162,9,283.42,0.77,62,6,Bronze,0,2550.78,0
CUST_02729,158,24,463.83,0.37,95,3,Bronze,0,11131.92,0
CUST_02730,82,44,59.99,0.4,15,7,Bronze,0,2639.56,0
CUST_02731,159,14,304.57,0.11,70,5,Bronze,0,4263.98,1
CUST_02732,188,46,158.07,0.24,10,9,Bronze,0,7271.22,0
CUST_02733,60,8,445.77,0.16,73,9,Bronze,0,3566.16,0
CUST_02734,305,37,384.93,0.16,69,7,Bronze,0,14242.41,1
CUST_02735,319,19,191.15,0.01,44,0,Bronze,0,3631.85,1
CUST_02736,211,28,91.88,0.79,41,8,Silver,0,2572.64,0
CUST_02737,152,46,15.63,0.47,83,8,Gold,0,718.98,0
CUST_02738,109,41,314.36,0.8,20,5,Bronze,0,12888.76,0
CUST_02739,76,30,209.0,0.61,97,8,Silver,0,6270.0,0
CUST_02740,30,7,164.23,0.83,37,5,Bronze,0,1149.61,0
CUST_02741,314,26,492.9,0.5,95,5,Silver,0,12815.4,1
CUST_02742,117,40,238.41,0.09,39,3,Bronze,0,9536.4,0
CUST_02743,356,46,377.42,0.62,77,2,Gold,0,17361.32,0
CUST_02744,192,46,96.93,0.68,70,2,Silver,0,4458.78,0
CUST_02745,19,11,16.59,0.63,8,1,Silver,0,182.49,0
CUST_02746,173,14,214.61,0.8,43,3,Bronze,0,3004.54,0
CUST_02747,228,21,336.18,0.73,10,8,Silver,0,7059.78,0
CUST_02748,350,8,258.23,0.43,41,6,Bronze,0,2065.84,1
CUST_02749,183,3,446.33,0.82,4,2,Bronze,0,1338.99,0
CUST_02750,113,28,222.65,0.69,78,7,Silver,0,6234.2,0
CUST_02751,183,29,162.39,0.12,4,8,Silver,0,4709.31,1
CUST_02752,146,23,458.86,0.54,24,0,Bronze,0,10553.78,0
CUST_02753,319,18,209.33,0.73,21,0,Bronze,0,3767.94,0
CUST_02754,116,35,142.13,0.55,10,8,Silver,0,4974.55,0
CUST_02755,113,13,57.85,0.95,46,8,Silver,0,752.05,0
CUST_02756,251,12,398.72,0.1,89,6,Bronze,0,4784.64,1
CUST_02757,251,47,414.29,0.72,70,2,Silver,0,19471.63,0
CUST_02758,303,5,26.32,0.82,80,3,Gold,0,131.6,0
CUST_02759,313,39,185.74,0.7,44,6,Bronze,1,7243.86,0
CUST_02760,118,11,377.44,0.39,92,8,Bronze,1,4151.84,0
CUST_02761,301,11,473.73,0.39,33,7,Gold,0,5211.03,1
CUST_02762,161,47,195.13,0.59,94,7,Bronze,0,9171.11,0
CUST_02763,198,42,437.31,0.4,36,0,Bronze,0,18367.02,0
CUST_02764,260,47,202.92,0.88,25,5,Bronze,0,9537.24,0
CUST_02765,148,31,97.95,0.11,13,5,Gold,0,3036.45,0
CUST_02766,240,31,11.69,0.64,39,4,Gold,0,362.39,0
CUST_02767,47,13,171.79,0.13,79,0,Silver,0,2233.27,0
CUST_02768,198,14,195.45,0.54,38,2,Bronze,0,2736.3,0
CUST_02769,47,49,473.11,0.72,30,3,Bronze,0,23182.39,0
CUST_02770,78,45,110.97,0.17,14,9,Bronze,0,4993.65,0
CUST_02771,124,42,197.29,0.7,50,6,Bronze,0,8286.18,0
CUST_02772,75,25,22.33,0.14,68,4,Silver,0,558.25,0
CUST_02773,359,33,384.13,0.62,1,1,Bronze,0,12676.29,0
CUST_02774,137,33,458.42,0.51,61,2,Bronze,0,15127.86,0
CUST_02775,90,15,126.53,0.3,3,0,Bronze,0,1897.95,0
CUST_02776,325,16,220.21,0.11,50,5,Silver,0,3523.36,1
CUST_02777,61,44,69.84,0.74,61,7,Bronze,0,3072.96,0
CUST_02778,138,38,233.85,0.38,36,3,Bronze,0,8886.3,0
CUST_02779,50,6,75.34,0.09,4,1,Bronze,0,452.04,0
CUST_02780,259,44,266.44,0.77,43,3,Bronze,1,11723.36,0
CUST_02781,107,25,369.96,0.23,14,9,Bronze,0,9249.0,0
CUST_02782,113,15,281.14,0.74,89,3,Bronze,0,4217.1,0
CUST_02783,350,4,130.16,0.56,67,4,Silver,0,520.64,1
CUST_02784,254,4,183.36,0.19,7,2,Bronze,0,733.44,1
CUST_02785,118,30,322.9,0.08,8,8,Bronze,0,9687.0,0
CUST_02786,198,34,298.98,0.59,44,6,Gold,0,10165.32,0
CUST_02787,337,27,77.02,0.03,64,8,Bronze,0,2079.54,1
CUST_02788,51,31,424.03,0.07,7,6,Bronze,0,13144.93,0
CUST_02789,245,32,242.84,0.7,48,9,Bronze,0,7770.88,0
CUST_02790,35,44,89.56,0.54,62,3,Bronze,0,3940.64,0
CUST_02791,302,39,70.19,0.33,25,4,Bronze,0,2737.41,0
CUST_02792,69,9,483.12,0.54,81,6,Bronze,1,4348.08,0
CUST_02793,349,41,147.95,0.59,90,5,Bronze,0,6065.95,0
CUST_02794,320,8,455.21,0.57,68,8,Bronze,0,3641.68,1
CUST_02795,49,14,211.19,0.64,64,2,Silver,0,2956.66,0
CUST_02796,74,33,199.1,0.94,18,7,Bronze,0,6570.3,0
CUST_02797,192,23,353.46,0.39,4,9,Silver,0,8129.58,0
CUST_02798,261,21,14.84,0.3,17,3,Bronze,1,311.64,0
CUST_02799,356,12,175.66,0.04,47,8,Bronze,0,2107.92,1
CUST_02800,70,2,158.3,0.15,81,0,Silver,0,316.6,0
CUST_02801,90,13,435.37,0.11,45,4,Silver,0,5659.81,0
CUST_02802,260,4,269.27,0.34,89,3,Gold,1,1077.08,0
CUST_02803,126,20,188.64,0.61,58,4,Bronze,0,3772.8,0
CUST_02804,231,48,140.38,0.05,3,5,Bronze,0,6738.24,0
CUST_02805,295,14,299.35,0.73,12,0,Bronze,0,4190.9,0
CUST_02806,129,30,84.32,0.4,91,7,Gold,1,2529.6,0
CUST_02807,280,29,130.64,0.96,17,2,Bronze,0,3788.56,0
CUST_02808,313,8,153.87,0.57,22,6,Gold,0,1230.96,1
CUST_02809,100,12,307.88,0.77,39,6,Bronze,0,3694.56,0
CUST_02810,326,41,192.89,0.86,39,8,Gold,0,7908.49,0
CUST_02811,297,38,257.83,0.89,16,6,Bronze,0,9797.54,0
CUST_02812,182,26,328.71,0.52,51,7,Bronze,1,8546.46,0
CUST_02813,174,2,478.57,0.4,29,3,Bronze,0,957.14,0
CUST_02814,316,40,384.77,0.56,78,9,Bronze,1,15390.8,0
CUST_02815,364,14,208.58,0.4,71,3,Gold,1,2920.12,0
CUST_02816,188,6,376.65,0.24,41,9,Bronze,0,2259.9,1
CUST_02817,57,42,475.35,0.32,57,7,Bronze,0,19964.7,0
CUST_02818,31,40,254.7,0.23,28,3,Bronze,0,10188.0,0
CUST_02819,84,31,211.14,0.27,77,3,Bronze,0,6545.34,0
CUST_02820,152,17,48.23,0.09,80,9,Silver,0,819.91,1
CUST_02821,36,25,447.26,0.43,21,2,Bronze,0,11181.5,0
CUST_02822,213,32,130.75,0.24,4,2,Bronze,0,4184.0,0
CUST_02823,364,12,41.34,0.45,99,3,Bronze,1,496.08,0
CUST_02824,106,49,273.23,0.79,15,1,Bronze,1,13388.27,0
CUST_02825,342,13,424.49,0.45,53,2,Gold,0,5518.37,1
CUST_02826,220,19,209.25,0.95,90,1,Bronze,0,3975.75,0
CUST_02827,163,44,393.7,0.15,46,5,Bronze,0,17322.8,0
CUST_02828,220,48,419.83,0.85,7,2,Silver,0,20151.84,0
CUST_02829,270,25,232.66,0.25,18,1,Bronze,0,5816.5,1
CUST_02830,120,31,299.57,0.93,89,8,Bronze,1,9286.67,0
CUST_02831,336,37,271.62,0.23,21,7,Silver,0,10049.94,1
CUST_02832,182,25,470.21,0.75,8,4,Bronze,0,11755.25,0
CUST_02833,106,16,365.5,0.06,59,8,Bronze,0,5848.0,1
CUST_02834,217,38,463.42,0.63,20,4,Bronze,0,17609.96,0
CUST_02835,205,43,117.8,0.22,82,4,Bronze,0,5065.4,0
CUST_02836,70,49,162.02,0.67,83,3,Bronze,0,7938.98,0
CUST_02837,44,23,44.75,0.64,67,2,Bronze,0,1029.25,0
CUST_02838,329,14,254.95,0.92,55,9,Bronze,0,3569.3,1
CUST_02839,301,6,438.22,0.63,62,8,Silver,0,2629.32,1
CUST_02840,228,25,170.15,0.41,18,3,Bronze,0,4253.75,0
CUST_02841,184,23,72.86,0.19,91,6,Bronze,0,1675.78,0
CUST_02842,107,43,43.54,0.66,79,4,Bronze,0,1872.22,0
CUST_02843,84,12,229.28,0.12,56,6,Bronze,0,2751.36,0
CUST_02844,338,13,90.37,0.83,85,7,Gold,0,1174.81,1
CUST_02845,250,36,179.59,0.25,22,7,Silver,0,6465.24,1
CUST_02846,363,39,411.79,0.52,8,9,Bronze,1,16059.81,0
CUST_02847,21,34,198.18,0.6,11,5,Bronze,0,6738.12,0
CUST_02848,196,6,308.84,0.36,12,4,Silver,0,1853.04,1
CUST_02849,178,38,256.06,0.66,48,1,Gold,0,9730.28,0
CUST_02850,7,40,362.08,0.25,63,7,Bronze,0,14483.2,0
CUST_02851,70,8,86.52,0.03,27,4,Bronze,0,692.16,0
CUST_02852,127,8,461.02,0.96,35,7,Bronze,0,3688.16,0
CUST_02853,160,40,325.38,0.32,2,5,Bronze,0,13015.2,0
CUST_02854,248,33,142.77,0.71,99,7,Bronze,0,4711.41,0
CUST_02855,203,34,70.39,0.51,95,0,Silver,0,2393.26,0
CUST_02856,148,44,83.37,0.67,8,8,Bronze,1,3668.28,0
CUST_02857,143,15,393.5,0.11,20,8,Bronze,0,5902.5,1
CUST_02858,199,36,298.17,0.52,8,2,Gold,1,10734.12,0
CUST_02859,154,35,196.57,0.39,63,4,Bronze,0,6879.95,0
CUST_02860,142,46,173.12,0.45,68,6,Bronze,0,7963.52,0
CUST_02861,313,22,429.32,0.97,31,7,Bronze,0,9445.04,0
CUST_02862,165,23,438.63,0.14,32,6,Bronze,0,10088.49,0
CUST_02863,314,40,294.82,0.75,13,2,Silver,0,11792.8,0
CUST_02864,21,45,267.03,0.33,86,6,Bronze,0,12016.35,0
CUST_02865,82,22,410.06,0.29,26,0,Bronze,0,9021.32,0
CUST_02866,69,5,377.17,0.27,81,4,Bronze,0,1885.85,0
CUST_02867,131,31,206.16,0.35,29,8,Silver,0,6390.96,0
CUST_02868,87,13,50.54,0.36,91,1,Bronze,0,657.02,0
CUST_02869,218,28,386.57,0.27,86,2,Gold,0,10823.96,0
CUST_02870,305,20,92.66,0.67,18,8,Silver,1,1853.2,0
CUST_02871,345,33,18.02,0.05,69,2,Bronze,1,594.66,0
CUST_02872,341,16,423.22,0.33,12,7,Bronze,0,6771.52,1
CUST_02873,161,29,293.34,0.28,2,5,Bronze,0,8506.86,0
CUST_02874,178,23,446.92,0.75,42,6,Silver,1,10279.16,0
CUST_02875,117,24,247.45,0.15,7,4,Bronze,0,5938.8,0
CUST_02876,196,34,463.98,0.94,47,9,Bronze,0,15775.32,0
CUST_02877,327,7,183.45,0.17,90,6,Bronze,0,1284.15,1
CUST_02878,86,38,365.02,0.37,54,9,Silver,0,13870.76,0
CUST_02879,289,37,157.48,0.2,15,9,Bronze,0,5826.76,1
CUST_02880,81,4,10.57,0.29,58,2,Bronze,0,42.28,0
CUST_02881,152,34,196.07,0.76,33,4,Silver,0,6666.38,0
CUST_02882,61,42,371.51,0.48,67,5,Bronze,0,15603.42,0
CUST_02883,61,22,83.51,0.16,63,8,Bronze,0,1837.22,0
CUST_02884,354,5,257.35,0.05,48,3,Bronze,1,1286.75,1
CUST_02885,28,42,114.04,0.23,66,7,Gold,0,4789.68,0
CUST_02886,43,23,46.57,0.95,81,7,Silver,0,1071.11,0
CUST_02887,169,15,312.55,0.85,65,9,Bronze,0,4688.25,0
CUST_02888,86,31,476.46,0.44,36,5,Bronze,0,14770.26,0
CUST_02889,177,9,162.25,0.48,17,7,Bronze,0,1460.25,0
CUST_02890,17,43,294.52,0.9,2,4,Silver,0,12664.36,0
CUST_02891,98,25,477.27,0.59,33,0,Bronze,0,11931.75,0
CUST_02892,198,25,328.74,0.88,93,3,Gold,0,8218.5,0
CUST_02893,98,49,339.83,0.49,6,5,Bronze,0,16651.67,0
CUST_02894,65,21,97.67,0.2,43,8,Bronze,0,2051.07,0
CUST_02895,330,9,251.38,0.73,88,3,Bronze,1,2262.42,0
CUST_02896,341,48,189.87,0.53,11,5,Bronze,0,9113.76,0
CUST_02897,5,38,240.77,0.67,5,9,Bronze,0,9149.26,0
CUST_02898,2,22,402.41,0.16,30,4,Silver,0,8853.02,0
CUST_02899,22,43,235.74,0.65,10,8,Bronze,0,10136.82,0
CUST_02900,112,23,40.8,0.38,91,9,Gold,0,938.4,0
CUST_02901,57,49,453.72,0.33,91,5,Silver,1,22232.28,0
CUST_02902,66,4,276.96,0.67,24,2,Bronze,0,1107.84,0
CUST_02903,330,29,463.0,0.59,59,1,Bronze,1,13427.0,0
CUST_02904,98,15,290.45,0.65,67,2,Silver,0,4356.75,0
CUST_02905,144,1,44.12,0.97,61,5,Bronze,0,44.12,0
CUST_02906,125,30,280.91,0.7,26,9,Bronze,0,8427.3,0
CUST_02907,167,29,292.11,0.64,39,7,Bronze,0,8471.19,0
CUST_02908,86,20,115.03,0.61,82,7,Bronze,0,2300.6,0
CUST_02909,76,33,240.8,0.4,3,4,Gold,0,7946.4,0
CUST_02910,344,41,235.13,0.84,38,0,Bronze,0,9640.33,0
CUST_02911,294,44,315.21,0.38,42,0,Bronze,0,13869.24,0
CUST_02912,59,36,137.21,0.7,48,6,Bronze,0,4939.56,0
CUST_02913,138,22,295.06,0.29,89,1,Bronze,0,6491.32,0
CUST_02914,99,13,128.07,0.15,13,3,Bronze,0,1664.91,0
CUST_02915,192,7,228.76,0.13,89,9,Gold,1,1601.32,0
CUST_02916,243,8,70.13,0.63,88,4,Bronze,0,561.04,0
CUST_02917,319,28,28.28,0.33,56,7,Gold,1,791.84,0
CUST_02918,49,45,167.09,0.28,59,9,Bronze,1,7519.05,0
CUST_02919,32,43,144.54,0.59,63,8,Bronze,1,6215.22,0
CUST_02920,277,9,209.4,0.03,80,0,Bronze,0,1884.6,1
CUST_02921,20,25,481.37,0.25,43,8,Bronze,0,12034.25,0
CUST_02922,154,16,265.89,0.34,75,4,Bronze,0,4254.24,0
CUST_02923,68,10,281.06,0.71,57,3,Silver,1,2810.6,0
CUST_02924,214,11,471.38,0.55,21,9,Bronze,0,5185.18,1
CUST_02925,143,31,461.36,0.86,95,4,Bronze,0,14302.16,0
CUST_02926,232,12,443.21,0.33,54,8,Silver,0,5318.52,1
CUST_02927,213,31,58.02,0.3,79,7,Gold,0,1798.62,0
CUST_02928,79,14,320.81,0.03,53,9,Bronze,0,4491.34,1
CUST_02929,214,44,405.97,0.95,45,4,Bronze,0,17862.68,0
CUST_02930,116,32,419.43,0.5,36,9,Silver,0,13421.76,0
CUST_02931,92,17,293.17,0.5,63,4,Silver,0,4983.89,0
CUST_02932,270,35,18.57,0.92,1,0,Bronze,0,649.95,0
CUST_02933,168,1,487.12,0.29,92,8,Bronze,0,487.12,1
CUST_02934,58,29,241.38,0.33,97,2,Bronze,0,7000.02,0
CUST_02935,284,4,202.86,0.66,67,0,Bronze,0,811.44,0
CUST_02936,26,23,203.52,0.79,79,4,Silver,1,4680.96,0
CUST_02937,66,28,217.83,0.7,33,9,Bronze,0,6099.24,0
CUST_02938,248,16,128.67,0.79,32,2,Bronze,0,2058.72,0
CUST_02939,254,12,170.39,0.58,87,5,Bronze,0,2044.68,1
CUST_02940,44,21,492.83,0.86,58,6,Bronze,0,10349.43,0
CUST_02941,97,45,190.4,0.55,26,3,Gold,0,8568.0,0
CUST_02942,42,17,268.1,0.23,61,3,Bronze,0,4557.7,0
CUST_02943,227,40,425.66,0.54,17,1,Bronze,0,17026.4,0
CUST_02944,262,13,268.44,0.71,73,1,Silver,0,3489.72,0
CUST_02945,167,32,168.98,0.65,69,6,Silver,0,5407.36,0
CUST_02946,279,37,266.64,0.24,29,4,Bronze,0,9865.68,0
CUST_02947,89,15,65.9,0.04,63,4,Bronze,0,988.5,0
CUST_02948,178,12,73.7,0.25,6,1,Bronze,0,884.4,0
CUST_02949,197,49,350.11,0.98,59,6,Silver,0,17155.39,0
CUST_02950,307,15,459.56,0.18,99,1,Bronze,0,6893.4,1
CUST_02951,267,34,365.58,0.46,21,4,Bronze,0,12429.72,0
CUST_02952,268,6,46.56,0.64,45,4,Bronze,0,279.36,1
CUST_02953,74,17,207.42,0.88,45,2,Gold,0,3526.14,0
CUST_02954,8,48,11.25,0.76,87,1,Gold,0,540.0,0
CUST_02955,297,49,260.49,0.91,35,2,Silver,0,12764.01,0
CUST_02956,164,20,104.67,0.6,52,4,Bronze,1,2093.4,0
CUST_02957,85,9,435.39,0.87,46,5,Bronze,1,3918.51,0
CUST_02958,72,5,61.12,0.26,66,3,Gold,0,305.6,0
CUST_02959,55,23,10.7,0.43,57,6,Bronze,0,246.1,0
CUST_02960,47,33,231.06,0.84,42,1,Bronze,0,7624.98,0
CUST_02961,238,38,86.16,0.33,73,5,Bronze,1,3274.08,0
CUST_02962,104,14,371.61,0.87,77,8,Gold,0,5202.54,0
CUST_02963,210,17,460.77,0.36,98,9,Gold,0,7833.09,1
CUST_02964,42,19,30.55,0.36,16,4,Bronze,0,580.45,0
CUST_02965,316,33,203.84,0.31,5,3,Bronze,0,6726.72,1
CUST_02966,268,1,498.44,0.55,1,8,Bronze,0,498.44,1
CUST_02967,263,13,369.01,0.13,22,5,Silver,0,4797.13,1
CUST_02968,336,46,477.06,0.04,48,3,Bronze,1,21944.76,0
CUST_02969,259,27,90.4,0.9,26,0,Silver,0,2440.8,0
CUST_02970,283,6,118.47,0.93,34,8,Bronze,1,710.82,0
CUST_02971,114,6,85.86,0.08,58,9,Bronze,0,515.16,1
CUST_02972,363,33,158.16,0.55,85,2,Bronze,0,5219.28,0
CUST_02973,40,30,364.95,0.54,7,5,Bronze,0,10948.5,0
CUST_02974,220,46,90.82,0.37,25,0,Bronze,0,4177.72,0
CUST_02975,129,35,266.87,0.57,57,5,Bronze,0,9340.45,0
CUST_02976,8,23,141.91,0.46,12,2,Bronze,0,3263.93,0
CUST_02977,101,10,416.31,0.49,31,2,Silver,1,4163.1,0
CUST_02978,176,19,13.23,0.76,27,6,Silver,0,251.37,0
CUST_02979,107,28,119.33,0.53,86,8,Bronze,0,3341.24,0
CUST_02980,101,23,306.57,0.32,34,5,Bronze,0,7051.11,0
CUST_02981,260,4,57.39,0.58,81,0,Silver,0,229.56,0
CUST_02982,246,20,238.49,0.64,75,8,Bronze,0,4769.8,0
CUST_02983,275,19,223.74,0.66,93,4,Gold,0,4251.06,0
CUST_02984,32,42,427.74,0.62,34,1,Bronze,0,17965.08,0
CUST_02985,137,27,316.44,0.66,37,2,Silver,0,8543.88,0
CUST_02986,12,34,323.45,0.31,58,4,Bronze,1,10997.3,0
CUST_02987,302,4,476.39,0.45,60,1,Silver,0,1905.56,1
CUST_02988,16,38,491.36,0.67,26,2,Bronze,1,18671.68,0
CUST_02989,129,7,330.16,0.75,45,7,Bronze,0,2311.12,0
CUST_02990,63,48,265.78,0.43,45,5,Gold,1,12757.44,0
CUST_02991,109,7,307.88,0.37,32,1,Gold,0,2155.16,0
CUST_02992,21,26,197.4,0.72,69,1,Gold,0,5132.4,0
CUST_02993,158,26,493.85,0.22,84,0,Bronze,0,12840.1,0
CUST_02994,269,19,355.46,0.01,71,6,Bronze,1,6753.74,0
CUST_02995,162,9,152.59,0.47,23,5,Bronze,0,1373.31,0
CUST_02996,260,20,38.31,0.17,65,5,Bronze,0,766.2,1
CUST_02997,102,42,31.91,0.38,39,4,Bronze,0,1340.22,0
CUST_02998,223,45,110.41,0.29,67,2,Bronze,0,4968.45,0
CUST_02999,59,16,124.13,0.78,45,7,Bronze,1,1986.08,0
CUST_03000,247,17,213.37,0.33,67,2,Bronze,0,3627.29,1
CUST_03001,128,22,115.27,0.64,63,4,Bronze,0,2535.94,0
CUST_03002,283,13,319.15,0.67,70,7,Bronze,0,4148.95,1
CUST_03003,325,12,113.51,0.46,95,2,Bronze,0,1362.12,1
CUST_03004,25,10,102.06,0.08,54,4,Bronze,1,1020.6,0
CUST_03005,131,1,240.91,0.7,27,5,Bronze,0,240.91,0
CUST_03006,353,32,445.45,0.08,93,0,Bronze,1,14254.4,0
CUST_03007,196,30,239.47,0.1,79,1,Bronze,0,7184.1,0
CUST_03008,281,8,212.79,0.2,36,6,Bronze,0,1702.32,1
CUST_03009,154,21,293.27,0.28,5,8,Bronze,0,6158.67,0
CUST_03010,133,22,136.03,0.85,67,9,Bronze,0,2992.66,0
CUST_03011,227,18,183.18,0.67,51,3,Bronze,0,3297.24,0
CUST_03012,189,2,114.78,0.39,89,4,Silver,0,229.56,1
CUST_03013,265,48,290.19,0.98,32,3,Silver,0,13929.12,0
CUST_03014,134,44,351.72,0.24,21,2,Bronze,0,15475.68,0
CUST_03015,211,9,340.11,0.61,17,9,Bronze,0,3060.99,1
CUST_03016,60,3,134.86,0.85,73,1,Bronze,0,404.58,0
CUST_03017,364,26,392.03,0.8,26,2,Bronze,1,10192.78,0
CUST_03018,364,21,135.42,0.09,22,1,Bronze,0,2843.82,1
CUST_03019,213,30,83.65,0.7,41,7,Bronze,0,2509.5,0
CUST_03020,216,28,181.41,0.26,59,0,Bronze,0,5079.48,0
CUST_03021,226,36,302.89,0.36,87,4,Bronze,1,10904.04,0
CUST_03022,131,26,79.58,0.49,75,0,Silver,0,2069.08,0
CUST_03023,76,34,327.56,0.79,10,4,Bronze,0,11137.04,0
CUST_03024,286,8,432.9,0.17,87,2,Bronze,0,3463.2,1
CUST_03025,277,10,153.64,0.11,5,8,Bronze,0,1536.4,1
CUST_03026,156,48,230.6,0.15,55,0,Bronze,0,11068.8,0
CUST_03027,248,43,121.87,0.22,26,9,Bronze,0,5240.41,1
CUST_03028,218,14,187.02,0.06,4,0,Bronze,0,2618.28,1
CUST_03029,190,40,20.77,0.93,27,7,Bronze,0,830.8,0
CUST_03030,163,15,477.35,0.32,98,2,Bronze,0,7160.25,0
CUST_03031,180,17,213.79,0.18,58,6,Silver,0,3634.43,1
CUST_03032,34,18,396.55,0.64,3,9,Silver,0,7137.9,0
CUST_03033,41,32,79.9,0.79,50,4,Bronze,0,2556.8,0
CUST_03034,307,38,408.05,0.75,96,1,Silver,0,15505.9,0
CUST_03035,338,23,431.47,0.72,26,6,Silver,1,9923.81,0
CUST_03036,314,46,360.58,0.05,18,6,Bronze,0,16586.68,1
CUST_03037,75,23,452.57,0.78,7,2,Bronze,0,10409.11,0
CUST_03038,279,35,91.93,0.5,45,5,Bronze,0,3217.55,0
CUST_03039,176,39,243.48,0.65,13,4,Bronze,0,9495.72,0
CUST_03040,150,15,313.85,0.96,6,0,Bronze,0,4707.75,0
CUST_03041,273,24,302.13,0.81,35,0,Bronze,0,7251.12,0
CUST_03042,325,28,431.91,0.83,95,1,Bronze,0,12093.48,0
CUST_03043,108,16,115.69,0.18,53,6,Silver,1,1851.04,0
CUST_03044,139,16,96.07,0.48,68,2,Silver,1,1537.12,0
CUST_03045,350,40,134.16,0.95,42,8,Bronze,1,5366.4,0
CUST_03046,271,39,446.86,0.58,4,2,Bronze,0,17427.54,0
CUST_03047,347,6,471.1,0.1,60,9,Gold,0,2826.6,1
CUST_03048,289,2,289.12,0.73,45,3,Bronze,0,578.24,1
CUST_03049,212,13,255.67,0.04,72,7,Bronze,1,3323.71,0
CUST_03050,272,44,306.64,0.74,75,3,Silver,0,13492.16,0
CUST_03051,66,47,311.99,0.88,66,6,Bronze,0,14663.53,0
CUST_03052,248,9,93.45,0.43,82,4,Gold,0,841.05,1
CUST_03053,156,34,346.34,0.41,82,5,Bronze,0,11775.56,0
CUST_03054,47,17,231.65,0.3,22,7,Bronze,0,3938.05,0
CUST_03055,201,27,263.52,0.88,12,3,Bronze,0,7115.04,0
CUST_03056,148,29,24.86,0.55,81,5,Bronze,0,720.94,0
CUST_03057,124,37,384.63,0.58,51,9,Bronze,0,14231.31,0
CUST_03058,1,43,419.36,0.66,17,1,Bronze,0,18032.48,0
CUST_03059,247,22,313.52,0.3,36,8,Bronze,0,6897.44,1
CUST_03060,343,24,376.87,0.43,93,8,Gold,0,9044.88,1
CUST_03061,128,7,266.13,0.74,49,9,Silver,0,1862.91,0
CUST_03062,191,34,312.99,0.99,16,9,Bronze,0,10641.66,0
CUST_03063,67,48,203.34,0.03,75,5,Gold,1,9760.32,0
CUST_03064,4,12,398.02,0.04,44,5,Silver,0,4776.24,0
CUST_03065,303,23,239.45,0.43,22,9,Silver,0,5507.35,1
CUST_03066,294,15,343.3,0.66,94,6,Bronze,1,5149.5,0
CUST_03067,143,33,314.5,0.39,8,3,Bronze,1,10378.5,0
CUST_03068,191,13,354.13,1.0,18,6,Bronze,0,4603.69,0
CUST_03069,21,23,394.76,0.2,80,9,Bronze,1,9079.48,0
CUST_03070,227,38,261.23,0.01,84,0,Silver,0,9926.74,0
CUST_03071,313,32,408.4,0.19,72,6,Bronze,0,13068.8,1
CUST_03072,117,45,253.66,0.89,94,0,Bronze,1,11414.7,0
CUST_03073,302,35,478.75,0.15,38,7,Bronze,1,16756.25,0
CUST_03074,142,1,378.81,0.48,29,9,Bronze,0,378.81,1
CUST_03075,39,47,93.86,0.42,77,5,Bronze,0,4411.42,0
CUST_03076,355,45,416.5,0.67,81,0,Bronze,0,18742.5,0
CUST_03077,252,5,280.28,0.05,81,0,Bronze,1,1401.4,0
CUST_03078,333,13,492.39,0.66,73,3,Bronze,1,6401.07,0
CUST_03079,207,5,362.22,0.35,2,6,Silver,0,1811.1,1
CUST_03080,210,32,51.35,0.93,59,4,Silver,1,1643.2,0
CUST_03081,115,21,203.53,0.85,42,4,Bronze,0,4274.13,0
CUST_03082,225,24,263.46,0.4,88,7,Bronze,0,6323.04,0
CUST_03083,134,18,421.12,0.99,21,1,Bronze,0,7580.16,0
CUST_03084,251,21,367.38,0.05,2,3,Silver,0,7714.98,1
CUST_03085,219,10,190.99,0.79,5,3,Silver,1,1909.9,0
CUST_03086,91,24,330.18,0.43,17,7,Bronze,0,7924.32,0
CUST_03087,354,40,292.69,0.43,24,5,Gold,0,11707.6,1
CUST_03088,46,47,71.77,0.17,8,9,Silver,0,3373.19,0
CUST_03089,38,21,125.08,0.51,30,8,Bronze,0,2626.68,0
CUST_03090,142,25,177.15,0.08,50,9,Bronze,0,4428.75,1
CUST_03091,100,23,105.79,0.62,22,8,Bronze,0,2433.17,0
CUST_03092,328,22,83.57,0.24,59,3,Bronze,0,1838.54,1
CUST_03093,190,4,38.52,0.72,24,9,Bronze,0,154.08,0
CUST_03094,35,34,437.82,0.61,26,6,Bronze,0,14885.88,0
CUST_03095,147,6,151.58,0.75,61,2,Silver,0,909.48,0
CUST_03096,30,28,152.26,0.75,8,5,Gold,0,4263.28,0
CUST_03097,334,31,111.05,0.2,12,0,Bronze,0,3442.55,1
CUST_03098,84,35,242.94,0.0,14,4,Bronze,0,8502.9,0
CUST_03099,281,39,261.98,0.37,30,5,Silver,0,10217.22,0
CUST_03100,344,42,112.06,0.92,55,4,Silver,0,4706.52,0
CUST_03101,270,23,308.2,0.58,99,6,Bronze,0,7088.6,0
CUST_03102,154,6,364.27,0.73,61,3,Bronze,1,2185.62,0
CUST_03103,102,16,193.18,0.88,62,4,Silver,0,3090.88,0
CUST_03104,215,2,296.87,0.91,31,3,Bronze,0,593.74,0
CUST_03105,150,24,256.13,0.53,92,8,Bronze,0,6147.12,0
CUST_03106,83,17,105.82,0.54,27,1,Gold,0,1798.94,0
CUST_03107,110,45,367.71,0.85,1,0,Gold,0,16546.95,0
CUST_03108,275,1,402.71,0.81,41,3,Bronze,0,402.71,0
CUST_03109,201,6,327.91,0.7,14,5,Silver,0,1967.46,0
CUST_03110,284,5,168.71,0.6,74,9,Bronze,0,843.55,1
CUST_03111,173,45,464.13,0.62,50,7,Bronze,0,20885.85,0
CUST_03112,327,29,233.13,0.36,42,3,Bronze,0,6760.77,1
CUST_03113,206,12,140.28,0.84,71,0,Gold,0,1683.36,0
CUST_03114,63,39,210.03,0.62,40,8,Bronze,0,8191.17,0
CUST_03115,73,47,349.12,0.22,14,2,Bronze,1,16408.64,0
CUST_03116,251,3,424.51,0.24,91,5,Bronze,0,1273.53,1
CUST_03117,124,48,184.72,0.86,11,9,Bronze,1,8866.56,0
CUST_03118,121,1,123.99,0.63,63,7,Bronze,0,123.99,0
CUST_03119,275,27,316.98,0.4,49,4,Gold,1,8558.46,0
CUST_03120,120,48,461.4,0.19,37,6,Bronze,0,22147.2,0
CUST_03121,317,24,99.81,0.61,10,9,Bronze,0,2395.44,1
CUST_03122,164,44,403.48,0.18,54,8,Bronze,0,17753.12,0
CUST_03123,286,19,243.54,0.47,7,0,Bronze,0,4627.26,0
CUST_03124,265,8,401.76,0.68,81,7,Silver,0,3214.08,1
CUST_03125,320,44,257.72,0.57,12,1,Gold,0,11339.68,0
CUST_03126,161,47,194.89,0.92,55,0,Bronze,0,9159.83,0
CUST_03127,308,2,351.4,0.04,36,3,Silver,1,702.8,1
CUST_03128,89,30,451.31,0.28,7,5,Bronze,0,13539.3,0
CUST_03129,142,30,166.92,0.06,24,7,Gold,0,5007.6,0
CUST_03130,203,49,235.77,0.19,34,0,Gold,0,11552.73,0
CUST_03131,309,39,122.41,0.12,65,0,Bronze,1,4773.99,0
CUST_03132,227,45,99.87,0.73,29,9,Bronze,0,4494.15,0
CUST_03133,334,32,391.17,0.37,26,1,Silver,0,12517.44,1
CUST_03134,222,1,108.33,0.93,74,8,Bronze,1,108.33,0
CUST_03135,41,38,398.73,0.02,65,3,Bronze,1,15151.74,0
CUST_03136,196,13,220.32,0.65,45,6,Bronze,0,2864.16,0
CUST_03137,68,11,497.57,0.97,17,2,Bronze,0,5473.27,0
CUST_03138,264,10,106.7,0.18,36,0,Silver,1,1067.0,0
CUST_03139,2,48,55.56,0.44,73,0,Bronze,0,2666.88,0
CUST_03140,361,26,46.96,0.7,63,8,Silver,0,1220.96,1
CUST_03141,125,20,419.35,0.63,23,3,Bronze,0,8387.0,0
CUST_03142,110,17,224.51,0.57,93,2,Bronze,0,3816.67,0
CUST_03143,86,17,11.53,0.33,66,4,Silver,1,196.01,0
CUST_03144,120,4,438.64,0.73,82,0,Bronze,0,1754.56,0
CUST_03145,127,5,439.69,0.65,92,2,Bronze,0,2198.45,0
CUST_03146,255,23,405.14,0.16,42,3,Bronze,0,9318.22,1
CUST_03147,183,46,131.68,0.96,71,5,Bronze,0,6057.28,0
CUST_03148,16,10,192.65,0.56,75,8,Bronze,0,1926.5,0
CUST_03149,62,46,375.01,0.53,71,2,Bronze,1,17250.46,0
CUST_03150,158,28,249.78,0.85,43,3,Silver,0,6993.84,0
CUST_03151,268,33,85.38,0.64,88,4,Silver,0,2817.54,0
CUST_03152,35,43,128.97,0.07,55,7,Bronze,0,5545.71,0
CUST_03153,267,26,486.57,0.51,56,8,Bronze,1,12650.82,0
CUST_03154,64,48,84.0,0.78,79,2,Bronze,0,4032.0,0
CUST_03155,50,29,365.78,0.7,31,2,Silver,0,10607.62,0
CUST_03156,255,27,244.23,0.97,83,6,Bronze,0,6594.21,0
CUST_03157,149,18,376.81,0.02,56,8,Bronze,0,6782.58,1
CUST_03158,325,40,333.95,0.26,74,0,Bronze,1,13358.0,0
CUST_03159,304,10,225.19,0.55,48,0,Bronze,1,2251.9,0
CUST_03160,276,42,183.42,0.62,52,1,Bronze,0,7703.64,0
CUST_03161,357,5,379.64,0.27,72,5,Bronze,0,1898.2,1
CUST_03162,172,10,168.34,0.83,1,2,Silver,0,1683.4,0
CUST_03163,201,21,396.01,0.16,2,7,Bronze,0,8316.21,1
CUST_03164,324,24,343.12,0.0,93,4,Bronze,0,8234.88,1
CUST_03165,35,38,293.06,0.95,42,2,Silver,0,11136.28,0
CUST_03166,216,3,190.71,0.39,74,7,Gold,0,572.13,1
CUST_03167,65,40,110.49,0.96,9,7,Bronze,1,4419.6,0
CUST_03168,8,31,358.11,0.28,31,1,Silver,0,11101.41,0
CUST_03169,301,41,54.76,0.06,96,4,Bronze,1,2245.16,0
CUST_03170,343,37,485.57,0.77,2,2,Gold,1,17966.09,0
CUST_03171,332,2,489.59,0.84,24,6,Gold,0,979.18,1
CUST_03172,76,2,73.81,0.49,43,1,Silver,0,147.62,0
CUST_03173,174,39,60.93,0.07,70,8,Bronze,0,2376.27,0
CUST_03174,47,49,212.23,0.65,72,1,Bronze,0,10399.27,0
CUST_03175,15,42,482.2,0.18,89,1,Bronze,0,20252.4,0
CUST_03176,361,44,206.15,0.85,43,5,Bronze,0,9070.6,0
CUST_03177,147,34,188.26,0.27,51,2,Bronze,0,6400.84,0
CUST_03178,26,42,354.76,0.85,89,2,Bronze,0,14899.92,0
CUST_03179,308,20,97.58,0.43,46,9,Bronze,0,1951.6,1
CUST_03180,93,33,188.03,0.6,75,1,Silver,1,6204.99,0
CUST_03181,232,4,152.74,0.79,99,4,Silver,0,610.96,0
CUST_03182,21,45,304.75,0.04,1,4,Bronze,0,13713.75,0
CUST_03183,307,44,89.75,0.82,87,6,Silver,0,3949.0,0
CUST_03184,38,11,278.86,0.14,67,7,Bronze,0,3067.46,0
CUST_03185,276,42,430.2,0.36,1,7,Bronze,0,18068.4,0
CUST_03186,157,47,261.94,0.47,63,2,Bronze,0,12311.18,0
CUST_03187,179,5,344.91,0.9,76,5,Bronze,1,1724.55,0
CUST_03188,132,25,46.87,0.02,62,4,Bronze,0,1171.75,0
CUST_03189,311,49,230.01,0.56,61,3,Bronze,0,11270.49,0
CUST_03190,348,37,56.5,0.64,40,9,Bronze,0,2090.5,1
CUST_03191,28,34,303.74,0.32,95,5,Gold,0,10327.16,0
CUST_03192,260,9,147.72,0.29,29,3,Bronze,0,1329.48,1
CUST_03193,76,6,150.76,0.49,35,7,Bronze,0,904.56,0
CUST_03194,67,18,47.62,0.19,92,8,Bronze,0,857.16,0
CUST_03195,342,14,162.02,0.47,85,0,Silver,0,2268.28,1
CUST_03196,194,19,258.27,0.77,11,0,Bronze,0,4907.13,0
CUST_03197,162,14,296.48,0.85,90,3,Bronze,0,4150.72,0
CUST_03198,347,40,42.67,0.39,11,5,Bronze,0,1706.8,1
CUST_03199,361,17,329.22,0.62,63,7,Bronze,1,5596.74,0
CUST_03200,257,35,249.55,0.0,69,0,Bronze,0,8734.25,1
CUST_03201,72,29,273.08,0.55,56,2,Bronze,0,7919.32,0
CUST_03202,87,42,418.07,0.98,7,3,Bronze,0,17558.94,0
CUST_03203,262,17,177.69,0.31,51,9,Bronze,0,3020.73,1
CUST_03204,214,43,95.29,0.59,95,1,Bronze,0,4097.47,0
CUST_03205,153,8,280.39,0.76,39,8,Silver,0,2243.12,0
CUST_03206,210,1,473.06,0.61,42,2,Bronze,0,473.06,0
CUST_03207,61,45,263.76,0.42,72,3,Bronze,0,11869.2,0
CUST_03208,268,36,417.64,0.15,53,3,Bronze,0,15035.04,1
CUST_03209,262,7,380.95,0.46,91,0,Bronze,0,2666.65,1
CUST_03210,218,46,263.98,0.29,21,4,Bronze,0,12143.08,0
CUST_03211,283,5,327.3,0.7,30,4,Silver,0,1636.5,1
CUST_03212,136,24,209.27,0.44,78,1,Gold,0,5022.48,0
CUST_03213,362,28,270.01,0.85,1,0,Bronze,0,7560.28,0
CUST_03214,93,43,258.57,0.19,24,4,Bronze,0,11118.51,0
CUST_03215,109,17,357.46,0.42,6,4,Bronze,0,6076.82,0
CUST_03216,241,37,210.89,0.56,6,6,Bronze,1,7802.93,0
CUST_03217,355,20,58.89,0.13,69,9,Bronze,0,1177.8,1
CUST_03218,142,3,396.47,0.59,62,9,Silver,1,1189.41,0
CUST_03219,291,37,345.58,0.29,35,1,Silver,0,12786.46,0
CUST_03220,237,26,475.56,0.23,79,7,Silver,0,12364.56,1
CUST_03221,340,15,220.07,0.14,35,4,Silver,0,3301.05,1
CUST_03222,312,48,48.32,0.35,48,4,Bronze,0,2319.36,0
CUST_03223,177,8,69.59,0.93,72,8,Bronze,0,556.72,0
CUST_03224,141,13,388.93,0.03,43,1,Bronze,1,5056.09,0
CUST_03225,189,48,43.2,0.85,35,9,Silver,0,2073.6,0
CUST_03226,49,3,454.83,0.4,5,1,Bronze,0,1364.49,0
CUST_03227,302,1,148.01,0.56,31,4,Bronze,0,148.01,1
CUST_03228,190,9,450.45,0.51,31,0,Bronze,0,4054.05,0
CUST_03229,136,31,389.02,0.93,8,4,Bronze,0,12059.62,0
CUST_03230,43,41,436.89,0.77,6,4,Bronze,0,17912.49,0
CUST_03231,353,26,114.88,0.98,87,7,Silver,0,2986.88,0
CUST_03232,90,17,301.89,0.79,53,5,Bronze,0,5132.13,0
CUST_03233,295,34,55.86,0.3,80,5,Bronze,0,1899.24,1
CUST_03234,341,9,109.12,0.96,44,4,Silver,1,982.08,0
CUST_03235,245,13,161.85,0.98,49,4,Bronze,0,2104.05,0
CUST_03236,192,5,373.0,0.12,8,7,Gold,0,1865.0,1
CUST_03237,318,41,22.11,0.9,64,0,Bronze,0,906.51,0
CUST_03238,106,13,452.53,0.66,4,8,Gold,0,5882.89,0
CUST_03239,363,1,44.69,0.92,32,5,Silver,1,44.69,0
CUST_03240,310,25,194.48,0.92,53,8,Silver,0,4862.0,0
CUST_03241,233,47,49.73,0.89,67,1,Bronze,1,2337.31,0
CUST_03242,265,4,386.79,0.89,63,2,Bronze,0,1547.16,0
CUST_03243,344,36,79.24,0.12,80,0,Bronze,0,2852.64,1
CUST_03244,37,10,443.53,0.14,60,4,Silver,0,4435.3,0
CUST_03245,305,28,269.81,0.12,98,1,Bronze,0,7554.68,1
CUST_03246,41,6,474.75,0.09,77,0,Bronze,0,2848.5,0
CUST_03247,17,27,152.28,0.35,33,8,Silver,0,4111.56,0
CUST_03248,344,12,232.61,0.68,22,8,Bronze,1,2791.32,0
CUST_03249,277,48,350.18,0.35,31,5,Silver,0,16808.64,0
CUST_03250,307,3,417.64,0.72,24,7,Bronze,1,1252.92,0
CUST_03251,59,46,216.46,0.82,3,8,Bronze,0,9957.16,0
CUST_03252,183,33,447.29,0.67,33,4,Bronze,1,14760.57,0
CUST_03253,41,10,67.81,0.47,94,1,Silver,1,678.1,0
CUST_03254,39,31,357.26,0.3,26,3,Bronze,0,11075.06,0
CUST_03255,192,15,180.62,0.12,98,2,Bronze,0,2709.3,1
CUST_03256,267,7,59.65,0.49,51,9,Gold,0,417.55,1
CUST_03257,147,36,199.47,0.72,86,6,Bronze,0,7180.92,0
CUST_03258,333,14,441.31,0.55,30,9,Bronze,1,6178.34,0
CUST_03259,127,48,490.46,0.72,35,9,Bronze,1,23542.08,0
CUST_03260,46,14,202.47,0.34,25,9,Silver,0,2834.58,0
CUST_03261,45,3,444.34,0.07,28,7,Bronze,0,1333.02,0
CUST_03262,1,49,259.73,0.77,97,4,Bronze,0,12726.77,0
CUST_03263,168,46,361.34,0.22,87,1,Bronze,0,16621.64,0
CUST_03264,108,3,32.23,0.62,26,8,Bronze,0,96.69,0
CUST_03265,19,22,283.08,0.8,73,0,Bronze,0,6227.76,0
CUST_03266,332,19,44.38,0.14,8,4,Gold,1,843.22,0
CUST_03267,72,35,141.62,0.6,97,2,Bronze,0,4956.7,0
CUST_03268,109,12,287.74,0.69,15,7,Bronze,0,3452.88,0
CUST_03269,268,5,405.51,0.75,49,7,Bronze,0,2027.55,1
CUST_03270,240,10,284.84,0.15,8,0,Gold,0,2848.4,1
CUST_03271,301,41,468.73,0.83,55,3,Bronze,0,19217.93,0
CUST_03272,90,33,407.06,0.09,85,9,Silver,0,13432.98,0
CUST_03273,103,13,86.56,0.52,58,7,Bronze,1,1125.28,0
CUST_03274,250,35,200.59,0.44,3,8,Bronze,0,7020.65,0
CUST_03275,8,32,337.56,0.22,9,8,Bronze,0,10801.92,0
CUST_03276,153,11,469.82,0.3,14,1,Bronze,0,5168.02,0
CUST_03277,347,48,493.98,0.16,91,8,Bronze,0,23711.04,1
CUST_03278,174,38,383.96,0.43,20,7,Bronze,0,14590.48,0
CUST_03279,343,24,291.15,0.04,4,8,Silver,0,6987.6,1
CUST_03280,158,35,380.74,0.89,24,8,Bronze,0,13325.9,0
CUST_03281,215,19,143.89,0.16,91,2,Bronze,0,2733.91,1
CUST_03282,177,6,148.97,0.89,76,4,Bronze,0,893.82,0
CUST_03283,175,40,330.63,0.86,28,2,Bronze,0,13225.2,0
CUST_03284,340,45,437.2,0.45,99,5,Bronze,1,19674.0,0
CUST_03285,338,44,485.21,0.5,88,9,Bronze,0,21349.24,1
CUST_03286,146,42,177.25,0.3,31,4,Bronze,0,7444.5,0
CUST_03287,324,35,400.31,1.0,67,1,Bronze,0,14010.85,0
CUST_03288,161,4,427.25,0.67,94,2,Gold,0,1709.0,0
CUST_03289,127,33,315.35,0.95,64,6,Bronze,0,10406.55,0
CUST_03290,82,13,180.32,0.41,91,9,Bronze,0,2344.16,0
CUST_03291,147,36,313.35,0.88,17,9,Silver,0,11280.6,0
CUST_03292,239,43,296.38,0.45,6,4,Bronze,0,12744.34,0
CUST_03293,84,19,307.2,0.87,82,2,Bronze,0,5836.8,0
CUST_03294,113,43,313.44,0.13,60,3,Bronze,0,13477.92,0
CUST_03295,225,12,425.06,0.64,99,5,Bronze,0,5100.72,0
CUST_03296,332,11,93.34,0.68,91,7,Bronze,0,1026.74,1
CUST_03297,243,6,189.97,0.66,81,6,Bronze,0,1139.82,1
CUST_03298,143,12,297.14,0.45,11,2,Bronze,1,3565.68,0
CUST_03299,41,27,148.83,0.68,38,1,Bronze,0,4018.41,0
CUST_03300,258,41,489.3,0.24,34,2,Silver,0,20061.3,0
CUST_03301,285,25,138.94,0.6,47,4,Bronze,1,3473.5,0
CUST_03302,105,42,240.12,0.55,32,6,Gold,0,10085.04,0
CUST_03303,202,3,439.91,0.32,57,7,Gold,0,1319.73,1
CUST_03304,307,3,49.23,0.78,46,5,Bronze,0,147.69,1
CUST_03305,331,20,412.14,0.08,35,1,Bronze,0,8242.8,1
CUST_03306,266,28,289.79,0.17,92,1,Bronze,0,8114.12,1
CUST_03307,210,23,25.58,0.47,22,9,Bronze,0,588.34,0
CUST_03308,51,48,452.43,0.89,16,4,Bronze,1,21716.64,0
CUST_03309,118,3,29.21,0.58,76,4,Bronze,0,87.63,0
CUST_03310,201,42,262.46,0.84,5,0,Bronze,0,11023.32,0
CUST_03311,39,24,34.03,0.52,90,0,Bronze,0,816.72,0
CUST_03312,28,43,44.89,0.79,26,8,Silver,1,1930.27,0
CUST_03313,259,40,444.73,0.33,77,6,Bronze,0,17789.2,0
CUST_03314,84,6,385.25,0.82,24,7,Bronze,0,2311.5,0
CUST_03315,155,20,106.5,0.4,67,4,Bronze,0,2130.0,0
CUST_03316,117,11,314.03,0.56,32,2,Bronze,0,3454.33,0
CUST_03317,2,32,399.39,0.18,23,2,Bronze,0,12780.48,0
CUST_03318,93,27,445.9,0.92,49,2,Silver,0,12039.3,0
CUST_03319,166,21,239.47,0.7,62,0,Bronze,0,5028.87,0
CUST_03320,350,44,449.77,0.86,77,2,Bronze,0,19789.88,0
CUST_03321,296,48,258.85,0.21,79,1,Bronze,1,12424.8,0
CUST_03322,258,13,347.23,0.07,66,7,Silver,0,4513.99,1
CUST_03323,81,22,489.72,0.34,11,9,Silver,0,10773.84,0
CUST_03324,268,35,125.62,0.52,80,9,Gold,0,4396.7,0
CUST_03325,235,47,92.58,0.8,18,5,Silver,0,4351.26,0
CUST_03326,321,22,177.59,0.4,98,4,Bronze,0,3906.98,1
CUST_03327,311,28,90.56,0.27,10,0,Gold,0,2535.68,1
CUST_03328,301,21,149.24,0.37,77,1,Bronze,0,3134.04,1
CUST_03329,357,46,374.06,0.7,96,1,Bronze,0,17206.76,0
CUST_03330,213,18,243.99,0.34,60,6,Bronze,0,4391.82,1
CUST_03331,62,31,193.77,0.98,8,6,Bronze,1,6006.87,0
CUST_03332,49,46,190.67,0.17,71,5,Silver,0,8770.82,0
CUST_03333,127,37,105.32,0.75,48,7,Bronze,0,3896.84,0
CUST_03334,223,21,229.23,0.59,81,3,Silver,0,4813.83,0
CUST_03335,279,14,316.07,0.23,41,8,Silver,0,4424.98,1
CUST_03336,294,25,78.19,0.75,91,7,Silver,1,1954.75,0
CUST_03337,284,27,486.68,0.45,8,2,Bronze,1,13140.36,0
CUST_03338,277,40,227.21,0.68,93,2,Bronze,0,9088.4,0
CUST_03339,107,23,474.5,0.66,37,8,Silver,0,10913.5,0
CUST_03340,146,31,75.98,0.11,91,8,Bronze,1,2355.38,0
CUST_03341,99,47,385.94,0.84,37,4,Silver,0,18139.18,0
CUST_03342,73,29,312.64,0.68,64,9,Silver,1,9066.56,0
CUST_03343,122,47,411.83,0.78,59,0,Bronze,0,19356.01,0
CUST_03344,30,30,304.33,0.45,88,2,Bronze,0,9129.9,0
CUST_03345,188,26,481.79,0.2,45,4,Bronze,0,12526.54,0
CUST_03346,364,20,317.2,0.33,16,3,Silver,0,6344.0,1
CUST_03347,354,38,394.46,0.9,26,3,Bronze,0,14989.48,0
CUST_03348,288,19,440.02,0.94,31,0,Bronze,0,8360.38,0
CUST_03349,195,27,360.15,0.48,27,5,Bronze,0,9724.05,0
CUST_03350,156,25,266.88,0.3,90,9,Bronze,0,6672.0,0
CUST_03351,172,40,143.68,0.73,43,3,Bronze,0,5747.2,0
CUST_03352,335,38,428.7,0.77,15,0,Bronze,0,16290.6,0
CUST_03353,41,23,245.48,0.82,58,9,Bronze,0,5646.04,0
CUST_03354,63,29,314.15,0.03,49,5,Bronze,0,9110.35,0
CUST_03355,23,15,48.82,0.01,79,4,Bronze,0,732.3,0
CUST_03356,360,3,253.7,0.36,87,4,Silver,1,761.1,1
CUST_03357,75,10,352.1,0.15,25,1,Silver,0,3521.0,0
CUST_03358,48,15,296.2,0.8,68,0,Silver,0,4443.0,0
CUST_03359,160,16,229.79,0.53,36,6,Bronze,0,3676.64,0
CUST_03360,313,17,119.48,0.83,80,4,Bronze,0,2031.16,0
CUST_03361,118,19,161.74,0.18,47,2,Bronze,0,3073.06,0
CUST_03362,100,11,353.31,0.63,59,5,Silver,0,3886.41,0
CUST_03363,167,48,119.85,0.58,85,2,Bronze,0,5752.8,0
CUST_03364,290,5,314.65,0.34,52,5,Bronze,0,1573.25,1
CUST_03365,156,5,298.97,0.52,40,5,Silver,0,1494.85,0
CUST_03366,7,14,485.5,0.59,43,8,Bronze,0,6797.0,0
CUST_03367,196,26,39.78,0.89,56,7,Bronze,0,1034.28,0
CUST_03368,56,8,62.98,0.06,81,0,Bronze,0,503.84,0
CUST_03369,321,5,257.98,0.82,3,6,Bronze,0,1289.9,1
CUST_03370,193,7,268.28,0.98,71,8,Silver,0,1877.96,0
CUST_03371,47,16,29.56,0.73,12,1,Silver,0,472.96,0
CUST_03372,148,14,414.67,0.74,65,8,Gold,0,5805.38,0
CUST_03373,275,37,252.41,0.22,43,5,Bronze,0,9339.17,1
CUST_03374,157,41,179.86,0.52,70,2,Bronze,0,7374.26,0
CUST_03375,202,4,166.24,0.71,46,7,Bronze,0,664.96,0
CUST_03376,126,36,432.09,0.6,60,6,Gold,0,15555.24,0
CUST_03377,305,48,106.4,0.39,61,7,Bronze,0,5107.2,0
CUST_03378,294,17,88.6,0.94,49,7,Gold,0,1506.2,0
CUST_03379,64,47,114.46,0.51,87,6,Bronze,0,5379.62,0
CUST_03380,325,36,316.26,0.97,25,0,Bronze,0,11385.36,0
CUST_03381,176,6,407.36,0.56,89,9,Gold,0,2444.16,0
CUST_03382,116,16,172.18,0.79,3,9,Gold,0,2754.88,0
CUST_03383,204,29,95.0,0.74,68,9,Silver,0,2755.0,0
CUST_03384,321,36,112.51,0.66,63,7,Bronze,0,4050.36,0
CUST_03385,31,38,313.4,0.01,30,4,Bronze,1,11909.2,0
CUST_03386,113,37,130.56,0.08,97,1,Silver,0,4830.72,0
CUST_03387,325,48,439.87,0.58,93,1,Bronze,0,21113.76,0
CUST_03388,344,48,60.91,0.91,4,1,Silver,0,2923.68,0
CUST_03389,67,10,25.86,0.6,78,8,Bronze,0,258.6,0
CUST_03390,75,41,53.31,0.24,85,4,Bronze,1,2185.71,0
CUST_03391,45,36,424.37,0.32,71,2,Silver,1,15277.32,0
CUST_03392,260,29,329.1,0.62,21,5,Bronze,0,9543.9,0
CUST_03393,154,14,479.29,0.6,71,8,Bronze,0,6710.06,0
CUST_03394,155,4,174.79,0.96,1,8,Bronze,0,699.16,0
CUST_03395,363,44,114.21,0.53,60,8,Bronze,0,5025.24,1
CUST_03396,234,42,285.37,0.36,34,9,Bronze,1,11985.54,0
CUST_03397,51,36,273.54,0.52,87,3,Silver,0,9847.44,0
CUST_03398,306,45,299.6,0.79,3,4,Bronze,0,13482.0,0
CUST_03399,262,13,180.29,0.54,18,0,Bronze,1,2343.77,0
CUST_03400,315,46,12.89,0.33,43,9,Bronze,0,592.94,1
CUST_03401,125,18,27.17,0.34,76,5,Gold,0,489.06,0
CUST_03402,245,33,335.27,0.76,78,1,Bronze,0,11063.91,0
CUST_03403,30,21,266.4,0.07,41,6,Bronze,0,5594.4,0
CUST_03404,122,16,412.3,0.27,92,3,Silver,0,6596.8,0
CUST_03405,125,15,157.2,0.15,24,3,Silver,0,2358.0,0
CUST_03406,37,5,409.58,0.94,24,8,Bronze,1,2047.9,0
CUST_03407,170,6,218.49,0.09,3,0,Bronze,1,1310.94,0
CUST_03408,124,38,57.38,0.76,59,5,Gold,0,2180.44,0
CUST_03409,357,3,489.18,0.63,58,1,Bronze,0,1467.54,1
CUST_03410,35,48,260.85,0.63,73,5,Bronze,0,12520.8,0
CUST_03411,87,12,318.44,0.76,24,6,Gold,0,3821.28,0
CUST_03412,134,36,338.69,0.4,66,2,Bronze,0,12192.84,0
CUST_03413,196,33,187.58,0.4,40,3,Silver,0,6190.14,0
CUST_03414,274,36,376.29,0.29,92,1,Bronze,0,13546.44,0
CUST_03415,201,33,436.43,0.6,71,6,Bronze,1,14402.19,0
CUST_03416,285,31,199.72,0.93,9,8,Bronze,0,6191.32,0
CUST_03417,77,21,331.93,0.92,60,4,Bronze,0,6970.53,0
CUST_03418,59,27,380.99,0.7,39,4,Silver,1,10286.73,0
CUST_03419,126,27,103.16,0.91,33,8,Gold,0,2785.32,0
CUST_03420,109,8,172.97,0.96,34,7,Bronze,0,1383.76,0
CUST_03421,224,37,63.31,0.8,62,0,Bronze,0,2342.47,0
CUST_03422,278,32,305.08,0.41,85,1,Bronze,0,9762.56,0
CUST_03423,68,26,402.46,0.48,61,6,Silver,0,10463.96,0
CUST_03424,69,2,309.31,0.93,93,2,Silver,0,618.62,0
CUST_03425,165,12,98.09,0.67,27,5,Silver,0,1177.08,0
CUST_03426,305,22,277.72,0.82,17,0,Silver,0,6109.84,0
CUST_03427,162,17,419.12,0.12,60,7,Bronze,1,7125.04,0
CUST_03428,342,7,158.34,0.19,42,1,Bronze,0,1108.38,1
CUST_03429,309,43,418.0,0.34,47,0,Bronze,1,17974.0,0
CUST_03430,343,4,394.47,0.19,87,1,Bronze,0,1577.88,1
CUST_03431,42,37,20.65,0.91,53,7,Bronze,0,764.05,0
CUST_03432,354,38,127.33,0.22,21,9,Bronze,0,4838.54,1
CUST_03433,109,32,276.04,0.56,8,4,Bronze,0,8833.28,0
CUST_03434,51,11,361.63,0.09,73,8,Bronze,0,3977.93,0
CUST_03435,250,1,441.46,0.15,97,2,Bronze,0,441.46,1
CUST_03436,341,25,324.11,0.25,58,7,Gold,0,8102.75,1
CUST_03437,21,42,196.37,0.98,68,3,Silver,0,8247.54,0
CUST_03438,300,24,100.47,0.8,63,6,Bronze,0,2411.28,0
CUST_03439,139,43,382.42,0.67,59,9,Bronze,0,16444.06,0
CUST_03440,359,17,111.32,0.92,82,9,Bronze,0,1892.44,1
CUST_03441,324,8,350.76,0.96,96,7,Gold,0,2806.08,1
CUST_03442,92,45,98.79,0.45,30,2,Bronze,0,4445.55,0
CUST_03443,280,27,54.62,0.33,25,2,Bronze,0,1474.74,0
CUST_03444,125,18,133.04,0.32,97,0,Bronze,0,2394.72,0
CUST_03445,111,27,149.62,0.04,99,7,Silver,0,4039.74,0
CUST_03446,354,22,327.13,0.28,56,1,Bronze,1,7196.86,0
CUST_03447,139,16,88.83,0.36,34,6,Bronze,0,1421.28,0
CUST_03448,273,2,465.85,0.04,50,6,Bronze,0,931.7,1
CUST_03449,99,5,281.64,0.88,2,6,Bronze,0,1408.2,0
CUST_03450,252,18,250.56,0.85,77,3,Bronze,0,4510.08,0
CUST_03451,338,3,223.0,0.25,53,6,Silver,0,669.0,1
CUST_03452,104,27,287.63,0.8,41,9,Gold,0,7766.01,0
CUST_03453,214,17,21.0,0.8,23,7,Bronze,0,357.0,0
CUST_03454,249,16,495.14,0.34,61,8,Silver,0,7922.24,1
CUST_03455,152,6,283.19,0.7,87,6,Bronze,0,1699.14,0
CUST_03456,250,7,27.25,0.29,31,5,Bronze,1,190.75,0
CUST_03457,275,14,299.09,0.07,66,4,Silver,0,4187.26,1
CUST_03458,165,38,224.17,0.5,2,9,Bronze,0,8518.46,0
CUST_03459,341,40,21.78,0.44,69,9,Bronze,0,871.2,1
CUST_03460,8,15,462.97,0.14,60,6,Bronze,1,6944.55,0
CUST_03461,284,47,15.18,0.49,78,9,Bronze,0,713.46,0
CUST_03462,5,47,293.16,0.95,23,1,Silver,0,13778.52,0
CUST_03463,145,48,481.28,0.73,57,4,Silver,0,23101.44,0
CUST_03464,101,33,126.43,0.74,35,7,Bronze,1,4172.19,0
CUST_03465,164,43,134.55,0.76,1,5,Bronze,0,5785.65,0
CUST_03466,147,27,10.21,0.74,48,5,Silver,0,275.67,0
CUST_03467,64,29,42.51,0.02,49,0,Bronze,0,1232.79,0
CUST_03468,91,37,32.0,0.92,40,1,Bronze,0,1184.0,0
CUST_03469,117,5,413.1,0.83,62,2,Silver,0,2065.5,0
CUST_03470,354,29,420.0,0.27,15,6,Gold,0,12180.0,1
CUST_03471,267,32,366.08,0.55,30,9,Bronze,1,11714.56,0
CUST_03472,310,6,182.85,0.62,21,5,Bronze,0,1097.1,1
CUST_03473,173,2,412.41,0.13,8,4,Bronze,0,824.82,1
CUST_03474,47,6,274.49,0.25,7,8,Gold,0,1646.94,0
CUST_03475,140,46,159.11,0.02,34,9,Silver,0,7319.06,0
CUST_03476,246,43,224.27,0.86,64,6,Silver,0,9643.61,0
CUST_03477,149,4,42.23,0.02,42,8,Bronze,0,168.92,1
CUST_03478,246,29,473.01,0.32,53,2,Silver,0,13717.29,0
CUST_03479,5,25,313.37,0.08,96,7,Bronze,0,7834.25,0
CUST_03480,184,9,368.3,0.78,97,8,Gold,0,3314.7,0
CUST_03481,20,3,341.53,0.92,70,1,Bronze,0,1024.59,0
CUST_03482,46,26,337.2,0.56,10,3,Silver,0,8767.2,0
CUST_03483,12,48,18.46,0.14,90,1,Bronze,0,886.08,0
CUST_03484,70,43,267.43,0.56,58,6,Silver,0,11499.49,0
CUST_03485,17,27,412.64,0.77,90,3,Bronze,0,11141.28,0
CUST_03486,147,36,31.81,0.72,83,5,Bronze,0,1145.16,0
CUST_03487,154,32,478.52,0.74,99,7,Bronze,0,15312.64,0
CUST_03488,304,1,217.84,0.28,4,5,Bronze,0,217.84,1
CUST_03489,108,16,152.05,0.07,89,3,Bronze,0,2432.8,0
CUST_03490,236,48,270.59,0.15,8,5,Bronze,0,12988.32,0
CUST_03491,308,11,402.59,0.96,12,0,Bronze,0,4428.49,0
CUST_03492,352,26,242.63,0.61,88,5,Bronze,0,6308.38,1
CUST_03493,70,40,326.1,0.73,88,9,Bronze,0,13044.0,0
CUST_03494,183,1,254.96,0.9,81,7,Bronze,1,254.96,0
CUST_03495,250,26,319.32,0.85,25,3,Bronze,0,8302.32,0
CUST_03496,228,28,77.64,0.22,97,8,Gold,0,2173.92,1
CUST_03497,102,9,28.95,0.06,27,5,Bronze,0,260.55,0
CUST_03498,75,44,77.08,0.93,2,5,Bronze,0,3391.52,0
CUST_03499,216,22,150.06,0.98,73,3,Bronze,0,3301.32,0
CUST_03500,203,8,134.14,0.57,55,7,Silver,0,1073.12,0
CUST_03501,192,49,311.44,0.89,58,4,Bronze,0,15260.56,0
CUST_03502,249,42,233.39,0.23,33,0,Silver,0,9802.38,0
CUST_03503,242,27,29.02,0.11,83,6,Bronze,0,783.54,1
CUST_03504,179,39,27.08,0.5,49,7,Silver,0,1056.12,0
CUST_03505,219,19,54.39,0.81,5,5,Gold,0,1033.41,0
CUST_03506,82,25,183.01,0.65,47,6,Bronze,0,4575.25,0
CUST_03507,92,38,13.03,0.64,84,6,Bronze,0,495.14,0
CUST_03508,175,21,252.05,0.02,24,3,Silver,0,5293.05,1
CUST_03509,239,24,186.73,0.32,95,3,Silver,0,4481.52,0
CUST_03510,260,24,282.17,0.94,44,0,Bronze,0,6772.08,0
CUST_03511,163,19,363.2,0.13,68,1,Gold,0,6900.8,0
CUST_03512,48,47,132.98,0.73,96,2,Silver,0,6250.06,0
CUST_03513,329,2,86.97,0.76,99,4,Bronze,0,173.94,1
CUST_03514,328,14,146.25,0.73,14,9,Bronze,1,2047.5,0
CUST_03515,116,32,10.86,0.99,36,8,Bronze,1,347.52,0
CUST_03516,337,42,68.81,0.41,51,4,Bronze,0,2890.02,0
CUST_03517,337,32,377.91,0.68,6,5,Bronze,0,12093.12,0
CUST_03518,225,28,119.18,0.19,17,6,Gold,0,3337.04,1
CUST_03519,352,48,497.21,0.4,82,3,Gold,0,23866.08,0
CUST_03520,328,39,92.24,0.49,72,7,Bronze,0,3597.36,1
CUST_03521,147,40,396.5,0.21,51,5,Bronze,0,15860.0,0
CUST_03522,63,42,355.47,0.91,52,0,Silver,0,14929.74,0
CUST_03523,294,47,167.84,0.72,12,5,Silver,0,7888.48,0
CUST_03524,323,40,172.06,0.28,81,1,Bronze,0,6882.4,0
CUST_03525,325,13,286.14,0.13,95,3,Bronze,0,3719.82,1
CUST_03526,13,12,427.66,0.29,1,3,Gold,0,5131.92,0
CUST_03527,189,8,199.23,0.62,11,9,Bronze,0,1593.84,0
CUST_03528,287,15,39.98,0.83,16,9,Bronze,0,599.7,0
CUST_03529,208,26,193.47,0.5,92,4,Silver,0,5030.22,0
CUST_03530,114,12,111.58,0.1,9,9,Bronze,0,1338.96,1
CUST_03531,22,43,470.21,0.25,8,1,Gold,0,20219.03,0
CUST_03532,349,46,351.66,0.35,25,5,Gold,0,16176.36,1
CUST_03533,214,27,34.91,0.64,74,2,Bronze,0,942.57,0
CUST_03534,171,18,153.56,0.25,40,8,Bronze,0,2764.08,1
CUST_03535,323,45,34.61,0.23,67,5,Bronze,0,1557.45,1
CUST_03536,54,36,416.71,0.29,23,2,Bronze,0,15001.56,0
CUST_03537,298,49,454.09,0.59,62,2,Bronze,0,22250.41,0
CUST_03538,320,27,65.02,0.49,23,4,Silver,0,1755.54,1
CUST_03539,126,9,225.74,0.84,44,5,Silver,0,2031.66,0
CUST_03540,277,39,466.62,0.7,56,3,Bronze,0,18198.18,0
CUST_03541,204,1,81.15,0.67,68,4,Gold,0,81.15,0
CUST_03542,194,7,153.03,0.15,23,2,Gold,0,1071.21,1
CUST_03543,169,26,159.09,0.06,9,9,Gold,0,4136.34,1
CUST_03544,152,7,24.73,0.51,4,3,Silver,0,173.11,0
CUST_03545,35,7,27.77,0.07,34,7,Bronze,0,194.39,0
CUST_03546,184,8,476.87,0.36,82,7,Bronze,0,3814.96,1
CUST_03547,286,16,289.84,0.03,34,0,Bronze,0,4637.44,1
CUST_03548,57,3,160.26,0.18,98,3,Silver,0,480.78,0
CUST_03549,222,45,195.55,0.11,42,1,Bronze,0,8799.75,0
CUST_03550,303,10,360.27,0.8,3,3,Gold,0,3602.7,0
CUST_03551,163,7,189.59,0.35,83,4,Gold,0,1327.13,0
CUST_03552,19,21,121.6,0.08,34,0,Bronze,0,2553.6,0
CUST_03553,264,37,59.9,0.27,90,4,Silver,0,2216.3,0
CUST_03554,282,31,367.18,0.68,99,6,Silver,0,11382.58,0
CUST_03555,113,23,98.48,0.75,95,4,Bronze,0,2265.04,0
CUST_03556,327,27,44.13,0.12,43,6,Bronze,1,1191.51,0
CUST_03557,30,22,219.21,0.78,91,8,Bronze,0,4822.62,0
CUST_03558,135,39,29.39,0.37,67,7,Gold,0,1146.21,0
CUST_03559,67,27,482.85,0.68,37,0,Gold,0,13036.95,0
CUST_03560,65,49,317.37,0.67,12,9,Bronze,1,15551.13,0
CUST_03561,292,4,84.82,0.79,87,9,Bronze,0,339.28,1
CUST_03562,25,24,94.5,0.7,81,1,Bronze,0,2268.0,0
CUST_03563,37,23,289.22,0.04,16,5,Bronze,0,6652.06,0
CUST_03564,1,48,184.72,0.52,62,4,Bronze,0,8866.56,0
CUST_03565,37,19,389.39,0.17,17,0,Bronze,1,7398.41,0
CUST_03566,141,42,277.45,0.97,15,1,Bronze,0,11652.9,0
CUST_03567,232,3,222.33,0.26,26,2,Bronze,0,666.99,1
CUST_03568,136,27,481.86,0.42,45,9,Silver,0,13010.22,0
CUST_03569,188,3,201.46,0.2,2,4,Bronze,0,604.38,1
CUST_03570,128,28,206.3,0.13,17,6,Silver,0,5776.4,0
CUST_03571,201,17,336.23,0.6,65,5,Bronze,0,5715.91,0
CUST_03572,127,31,406.64,0.49,94,2,Bronze,0,12605.84,0
CUST_03573,257,10,316.85,0.37,96,5,Silver,0,3168.5,1
CUST_03574,164,49,352.32,0.09,30,3,Silver,1,17263.68,0
CUST_03575,35,22,192.74,0.74,68,2,Bronze,0,4240.28,0
CUST_03576,194,30,244.95,0.01,44,3,Bronze,0,7348.5,0
CUST_03577,191,49,106.55,0.46,96,7,Bronze,0,5220.95,0
CUST_03578,104,21,343.32,0.63,60,0,Bronze,0,7209.72,0
CUST_03579,23,36,118.51,0.43,99,2,Silver,0,4266.36,0
CUST_03580,265,23,10.62,0.13,1,9,Bronze,0,244.26,1
CUST_03581,290,38,467.54,0.78,19,7,Bronze,1,17766.52,0
CUST_03582,260,12,159.95,0.32,33,9,Bronze,1,1919.4,0
CUST_03583,358,25,106.35,0.13,83,8,Silver,0,2658.75,1
CUST_03584,75,20,141.39,0.55,36,2,Bronze,1,2827.8,0
CUST_03585,355,49,171.92,0.02,91,8,Bronze,0,8424.08,1
CUST_03586,72,49,242.53,0.32,77,9,Bronze,0,11883.97,0
CUST_03587,259,42,43.98,0.75,91,9,Bronze,0,1847.16,0
CUST_03588,188,7,35.81,0.91,78,3,Bronze,0,250.67,0
CUST_03589,173,29,153.53,0.59,24,3,Gold,0,4452.37,0
CUST_03590,290,48,154.93,0.22,99,6,Bronze,0,7436.64,0
CUST_03591,45,29,67.65,0.22,83,5,Silver,0,1961.85,0
CUST_03592,61,13,208.35,0.6,25,9,Gold,0,2708.55,0
CUST_03593,83,3,149.17,0.41,11,2,Bronze,0,447.51,0
CUST_03594,123,2,22.77,0.18,9,7,Bronze,0,45.54,1
CUST_03595,358,16,444.0,0.79,6,4,Silver,1,7104.0,0
CUST_03596,16,30,444.15,0.2,58,1,Bronze,0,13324.5,0
CUST_03597,66,38,112.5,0.32,29,9,Gold,0,4275.0,0
CUST_03598,145,6,89.81,0.06,73,2,Bronze,0,538.86,1
CUST_03599,162,45,278.17,0.7,97,6,Bronze,0,12517.65,0
CUST_03600,234,7,319.07,0.28,87,9,Bronze,1,2233.49,0
CUST_03601,144,5,479.2,0.23,79,8,Gold,0,2396.0,1
CUST_03602,358,7,194.9,0.3,11,0,Silver,0,1364.3,1
CUST_03603,188,34,312.92,0.87,23,5,Silver,1,10639.28,0
CUST_03604,322,32,440.31,0.52,26,8,Gold,0,14089.92,1
CUST_03605,13,49,230.48,0.16,1,6,Gold,0,11293.52,0
CUST_03606,184,13,69.95,0.77,94,2,Bronze,0,909.35,0
CUST_03607,111,30,194.95,0.21,81,6,Silver,1,5848.5,0
CUST_03608,290,25,76.92,0.41,47,1,Silver,0,1923.0,0
CUST_03609,295,21,18.15,0.57,41,9,Bronze,0,381.15,1
CUST_03610,215,21,378.26,0.58,23,1,Bronze,0,7943.46,0
CUST_03611,120,28,126.83,0.07,5,0,Gold,0,3551.24,0
CUST_03612,55,48,10.98,0.84,99,2,Bronze,0,527.04,0
CUST_03613,27,20,437.49,0.48,50,0,Bronze,1,8749.8,0
CUST_03614,118,34,227.46,0.99,9,7,Bronze,0,7733.64,0
CUST_03615,221,5,127.04,0.72,4,7,Bronze,0,635.2,0
CUST_03616,231,18,138.77,0.99,71,3,Bronze,0,2497.86,0
CUST_03617,53,39,127.86,0.45,65,0,Bronze,0,4986.54,0
CUST_03618,295,43,105.33,0.14,80,1,Bronze,0,4529.19,0
CUST_03619,321,11,422.2,0.73,57,1,Bronze,0,4644.2,0
CUST_03620,233,17,93.46,0.78,25,1,Bronze,0,1588.82,0
CUST_03621,158,48,285.31,0.85,58,8,Silver,0,13694.88,0
CUST_03622,269,45,47.89,0.3,6,6,Gold,0,2155.05,0
CUST_03623,21,22,475.27,0.51,14,8,Bronze,1,10455.94,0
CUST_03624,53,37,305.62,0.86,63,9,Bronze,1,11307.94,0
CUST_03625,275,20,452.54,0.86,75,9,Gold,0,9050.8,0
CUST_03626,313,48,204.96,0.03,65,1,Silver,0,9838.08,1
CUST_03627,281,48,407.23,0.67,52,4,Bronze,0,19547.04,0
CUST_03628,214,48,428.29,0.6,65,0,Gold,0,20557.92,0
CUST_03629,31,46,354.45,0.08,8,1,Silver,0,16304.7,0
CUST_03630,337,6,55.54,0.93,96,3,Bronze,0,333.24,0
CUST_03631,183,34,17.88,0.45,97,9,Bronze,0,607.92,0
CUST_03632,23,14,92.59,0.67,8,0,Silver,1,1296.26,0
CUST_03633,32,48,67.87,0.88,14,7,Bronze,0,3257.76,0
CUST_03634,74,23,365.32,0.13,24,5,Bronze,1,8402.36,0
CUST_03635,10,20,282.93,0.86,64,0,Silver,0,5658.6,0
CUST_03636,54,13,267.72,0.72,93,8,Bronze,0,3480.36,0
CUST_03637,52,47,133.9,0.84,25,0,Bronze,0,6293.3,0
CUST_03638,148,44,85.76,0.49,6,3,Bronze,0,3773.44,0
CUST_03639,160,41,111.21,0.03,1,4,Bronze,1,4559.61,0
CUST_03640,14,32,206.14,0.67,87,8,Bronze,0,6596.48,0
CUST_03641,178,26,372.67,0.37,33,1,Bronze,0,9689.42,0
CUST_03642,53,14,134.71,0.4,14,8,Bronze,0,1885.94,0
CUST_03643,335,36,352.32,0.44,63,0,Bronze,0,12683.52,0
CUST_03644,22,8,250.84,0.49,56,3,Bronze,1,2006.72,0
CUST_03645,30,40,443.87,0.66,62,6,Bronze,0,17754.8,0
CUST_03646,191,22,124.13,0.73,28,3,Silver,0,2730.86,0
CUST_03647,260,22,230.92,0.78,29,7,Silver,0,5080.24,0
CUST_03648,205,16,57.37,0.67,23,6,Silver,1,917.92,0
CUST_03649,59,27,174.23,0.8,44,5,Bronze,0,4704.21,0
CUST_03650,264,10,258.37,0.12,38,4,Bronze,1,2583.7,0
CUST_03651,12,25,369.04,0.84,49,9,Bronze,0,9226.0,0
CUST_03652,119,31,107.06,0.39,43,2,Bronze,0,3318.86,0
CUST_03653,290,21,116.87,0.53,10,7,Bronze,0,2454.27,1
CUST_03654,338,27,319.47,0.43,27,3,Gold,0,8625.69,1
CUST_03655,248,17,197.4,0.48,8,7,Bronze,0,3355.8,1
CUST_03656,354,33,246.23,0.29,68,0,Bronze,0,8125.59,1
CUST_03657,127,31,419.71,0.17,85,1,Silver,0,13011.01,0
CUST_03658,75,42,254.55,0.1,85,1,Bronze,0,10691.1,0
CUST_03659,361,26,329.72,0.45,30,5,Bronze,0,8572.72,1
CUST_03660,204,21,331.82,0.13,13,4,Gold,0,6968.22,1
CUST_03661,49,36,403.77,0.24,58,9,Silver,0,14535.72,0
CUST_03662,79,1,322.69,0.13,3,9,Bronze,0,322.69,1
CUST_03663,241,4,41.76,0.11,84,6,Bronze,1,167.04,0
CUST_03664,349,4,177.66,0.88,5,1,Bronze,0,710.64,1
CUST_03665,154,26,494.76,0.67,22,8,Bronze,0,12863.76,0
CUST_03666,274,4,106.29,0.92,58,1,Bronze,0,425.16,0
CUST_03667,96,49,297.5,0.64,66,0,Bronze,1,14577.5,0
CUST_03668,214,9,423.04,0.84,89,1,Bronze,0,3807.36,0
CUST_03669,294,30,297.41,0.56,40,2,Bronze,0,8922.3,0
CUST_03670,209,45,192.41,0.46,88,5,Bronze,0,8658.45,0
CUST_03671,343,4,49.31,0.53,5,6,Silver,0,197.24,1
CUST_03672,88,5,187.22,0.32,16,5,Silver,0,936.1,0
CUST_03673,306,45,99.21,0.66,15,0,Bronze,0,4464.45,0
CUST_03674,264,23,480.82,0.9,77,8,Silver,0,11058.86,0
CUST_03675,325,16,360.37,0.78,75,7,Silver,1,5765.92,0
CUST_03676,320,22,377.2,0.46,80,1,Bronze,0,8298.4,1
CUST_03677,157,37,223.62,0.95,18,0,Bronze,0,8273.94,0
CUST_03678,156,8,63.88,0.99,89,6,Bronze,0,511.04,0
CUST_03679,139,48,140.69,0.49,47,2,Bronze,1,6753.12,0
CUST_03680,121,33,137.26,0.86,4,2,Silver,1,4529.58,0
CUST_03681,65,38,248.52,0.0,53,9,Bronze,0,9443.76,0
CUST_03682,107,43,235.88,0.07,58,8,Bronze,0,10142.84,0
CUST_03683,147,16,222.37,0.02,85,1,Bronze,0,3557.92,0
CUST_03684,137,5,253.03,0.77,75,4,Bronze,1,1265.15,0
CUST_03685,162,16,493.64,0.08,58,3,Gold,0,7898.24,1
CUST_03686,100,7,156.19,0.02,59,0,Bronze,0,1093.33,0
CUST_03687,338,1,311.48,0.15,34,5,Gold,0,311.48,1
CUST_03688,307,9,127.36,0.31,30,5,Bronze,0,1146.24,1
CUST_03689,141,18,238.64,0.46,54,0,Gold,0,4295.52,0
CUST_03690,83,45,108.02,0.07,68,6,Silver,0,4860.9,0
CUST_03691,177,47,283.51,0.5,78,5,Silver,0,13324.97,0
CUST_03692,198,3,139.86,0.25,75,3,Bronze,0,419.58,1
CUST_03693,112,24,28.03,0.27,68,6,Silver,0,672.72,0
CUST_03694,56,28,409.48,0.82,26,2,Bronze,1,11465.44,0
CUST_03695,179,10,72.85,0.99,3,9,Bronze,0,728.5,0
CUST_03696,186,9,190.34,0.46,57,5,Bronze,0,1713.06,0
CUST_03697,218,13,243.82,0.32,37,5,Silver,1,3169.66,0
CUST_03698,316,48,221.92,0.93,38,9,Bronze,0,10652.16,0
CUST_03699,217,35,365.58,0.5,41,5,Silver,0,12795.3,0
CUST_03700,120,23,302.42,0.73,4,2,Bronze,0,6955.66,0
CUST_03701,175,47,154.73,0.41,26,9,Bronze,0,7272.31,0
CUST_03702,23,17,35.33,0.2,39,4,Bronze,0,600.61,0
CUST_03703,213,46,386.12,0.65,42,0,Bronze,0,17761.52,0
CUST_03704,235,7,182.74,0.66,11,5,Bronze,0,1279.18,0
CUST_03705,13,16,445.97,0.46,11,6,Bronze,0,7135.52,0
CUST_03706,101,40,203.58,0.27,54,4,Bronze,1,8143.2,0
CUST_03707,24,36,361.65,0.83,38,4,Silver,0,13019.4,0
CUST_03708,364,20,470.39,0.28,20,5,Bronze,0,9407.8,1
CUST_03709,11,24,329.06,0.66,26,6,Bronze,0,7897.44,0
CUST_03710,273,47,212.61,0.38,76,3,Bronze,1,9992.67,0
CUST_03711,281,5,288.03,0.47,93,6,Bronze,0,1440.15,1
CUST_03712,94,45,276.29,0.21,14,4,Gold,0,12433.05,0
CUST_03713,201,6,296.56,0.65,50,6,Silver,0,1779.36,0
CUST_03714,21,28,81.94,0.23,25,0,Bronze,0,2294.32,0
CUST_03715,340,5,352.27,0.49,55,9,Bronze,0,1761.35,1
CUST_03716,211,49,81.07,0.33,51,1,Bronze,1,3972.43,0
CUST_03717,140,39,17.16,0.96,90,1,Bronze,0,669.24,0
CUST_03718,293,38,316.14,0.98,10,6,Bronze,0,12013.32,0
CUST_03719,298,2,67.29,0.75,14,8,Bronze,0,134.58,1
CUST_03720,101,43,387.5,0.98,5,6,Bronze,0,16662.5,0
CUST_03721,304,39,434.32,0.11,57,5,Gold,0,16938.48,1
CUST_03722,359,21,472.92,0.99,22,2,Gold,0,9931.32,0
CUST_03723,28,40,335.59,0.1,75,4,Bronze,0,13423.6,0
CUST_03724,41,37,246.19,0.42,29,9,Bronze,0,9109.03,0
CUST_03725,355,18,182.62,0.24,7,1,Gold,0,3287.16,1
CUST_03726,303,48,250.55,0.95,18,8,Bronze,0,12026.4,0
CUST_03727,146,46,103.27,0.64,31,5,Gold,0,4750.42,0
CUST_03728,256,12,180.73,0.6,43,8,Bronze,0,2168.76,1
CUST_03729,227,17,361.79,1.0,84,8,Bronze,0,6150.43,0
CUST_03730,236,37,116.54,0.61,35,6,Bronze,0,4311.98,0
CUST_03731,361,46,139.39,0.65,71,4,Silver,0,6411.94,0
CUST_03732,13,38,377.17,0.04,94,3,Silver,0,14332.46,0
CUST_03733,210,15,97.14,0.86,4,0,Bronze,0,1457.1,0
CUST_03734,229,7,130.48,0.97,51,8,Bronze,0,913.36,0
CUST_03735,100,14,18.6,0.96,94,5,Bronze,1,260.4,0
CUST_03736,31,1,362.83,0.22,30,1,Bronze,0,362.83,0
CUST_03737,16,38,312.77,0.23,94,6,Silver,1,11885.26,0
CUST_03738,137,3,350.25,0.37,53,5,Bronze,0,1050.75,0
CUST_03739,329,37,115.02,0.31,82,3,Silver,0,4255.74,1
CUST_03740,166,44,346.81,0.31,74,5,Gold,0,15259.64,0
CUST_03741,310,31,302.22,0.61,14,5,Bronze,0,9368.82,0
CUST_03742,100,43,189.4,0.81,36,4,Silver,0,8144.2,0
CUST_03743,109,13,224.53,0.94,87,0,Bronze,0,2918.89,0
CUST_03744,343,48,288.28,0.07,12,2,Bronze,1,13837.44,0
CUST_03745,173,18,251.71,0.28,76,6,Bronze,0,4530.78,0
CUST_03746,237,17,324.5,0.26,34,1,Silver,0,5516.5,1
CUST_03747,162,17,98.68,0.36,26,9,Bronze,0,1677.56,0
CUST_03748,216,11,274.95,0.42,6,9,Gold,0,3024.45,1
CUST_03749,264,20,230.64,0.39,53,0,Silver,0,4612.8,0
CUST_03750,263,10,235.9,0.95,15,7,Bronze,1,2359.0,0
CUST_03751,292,29,240.0,0.44,19,6,Bronze,1,6960.0,0
CUST_03752,274,48,441.92,0.55,47,5,Bronze,0,21212.16,0
CUST_03753,3,34,411.13,0.75,87,9,Silver,0,13978.42,0
CUST_03754,28,17,318.49,0.73,77,4,Bronze,0,5414.33,0
CUST_03755,326,42,361.08,0.58,95,5,Bronze,0,15165.36,0
CUST_03756,149,13,30.97,0.86,61,0,Gold,0,402.61,0
CUST_03757,28,44,374.56,0.62,90,8,Bronze,0,16480.64,0
CUST_03758,310,47,248.22,0.87,52,0,Bronze,0,11666.34,0
CUST_03759,65,39,165.7,0.3,18,3,Bronze,0,6462.3,0
CUST_03760,356,27,78.49,0.13,60,2,Silver,0,2119.23,1
CUST_03761,21,26,46.85,0.82,47,3,Bronze,1,1218.1,0
CUST_03762,252,28,31.99,0.38,57,0,Bronze,0,895.72,0
CUST_03763,235,13,89.28,0.65,33,9,Bronze,1,1160.64,0
CUST_03764,227,12,24.77,0.74,32,3,Bronze,0,297.24,0
CUST_03765,13,44,368.99,0.33,4,3,Bronze,1,16235.56,0
CUST_03766,313,28,131.82,0.51,41,2,Silver,0,3690.96,0
CUST_03767,49,2,190.68,0.89,19,7,Bronze,0,381.36,0
CUST_03768,118,37,413.13,0.88,7,6,Silver,1,15285.81,0
CUST_03769,54,34,66.18,0.75,99,8,Silver,0,2250.12,0
CUST_03770,138,23,419.44,0.76,26,1,Gold,0,9647.12,0
CUST_03771,53,45,323.37,0.9,87,9,Bronze,0,14551.65,0
CUST_03772,44,29,177.59,0.74,98,2,Silver,0,5150.11,0
CUST_03773,303,35,67.73,0.34,51,5,Bronze,0,2370.55,1
CUST_03774,53,11,54.83,0.12,56,1,Bronze,0,603.13,0
CUST_03775,74,48,174.4,0.42,71,1,Bronze,1,8371.2,0
CUST_03776,46,33,78.77,0.09,75,9,Bronze,0,2599.41,0
CUST_03777,13,11,141.18,0.12,51,1,Bronze,0,1552.98,0
CUST_03778,165,9,35.95,0.95,8,1,Silver,0,323.55,0
CUST_03779,102,14,301.55,0.68,13,4,Bronze,0,4221.7,0
CUST_03780,280,9,81.19,0.85,32,0,Bronze,0,730.71,0
CUST_03781,258,39,380.8,0.64,34,6,Bronze,1,14851.2,0
CUST_03782,337,48,116.91,0.42,18,0,Bronze,0,5611.68,0
CUST_03783,356,3,401.01,0.03,79,0,Gold,0,1203.03,1
CUST_03784,138,29,103.04,0.96,55,4,Bronze,0,2988.16,0
CUST_03785,163,19,363.47,0.07,43,6,Bronze,0,6905.93,1
CUST_03786,111,36,173.21,0.61,24,2,Bronze,0,6235.56,0
CUST_03787,102,32,295.73,0.1,21,6,Bronze,1,9463.36,0
CUST_03788,17,7,28.94,0.28,18,8,Bronze,0,202.58,0
CUST_03789,268,28,252.67,0.19,14,3,Bronze,0,7074.76,1
CUST_03790,182,44,82.86,0.55,53,4,Gold,1,3645.84,0
CUST_03791,24,18,248.3,0.89,19,7,Silver,0,4469.4,0
CUST_03792,29,5,79.27,0.64,77,8,Bronze,0,396.35,0
CUST_03793,171,23,224.17,0.66,57,4,Bronze,0,5155.91,0
CUST_03794,228,22,64.2,0.91,64,4,Bronze,0,1412.4,0
CUST_03795,188,26,117.78,0.75,80,1,Bronze,0,3062.28,0
CUST_03796,346,42,301.59,0.87,2,8,Bronze,0,12666.78,0
CUST_03797,230,12,488.56,0.42,57,5,Bronze,0,5862.72,1
CUST_03798,321,40,230.1,0.87,34,4,Bronze,0,9204.0,0
CUST_03799,340,19,346.72,0.65,49,4,Silver,0,6587.68,1
CUST_03800,119,47,274.32,0.14,90,3,Bronze,0,12893.04,0
CUST_03801,156,1,254.2,0.04,54,0,Bronze,0,254.2,1
CUST_03802,272,3,41.71,0.24,22,5,Bronze,1,125.13,0
CUST_03803,175,27,80.71,0.38,84,0,Bronze,0,2179.17,0
CUST_03804,104,18,442.7,0.84,93,9,Silver,0,7968.6,0
CUST_03805,92,30,210.98,0.74,82,1,Bronze,0,6329.4,0
CUST_03806,186,2,311.02,0.96,93,6,Bronze,0,622.04,0
CUST_03807,283,5,268.83,0.56,44,0,Bronze,0,1344.15,1
CUST_03808,181,29,195.65,0.75,91,7,Bronze,0,5673.85,0
CUST_03809,170,33,200.03,0.28,35,7,Bronze,0,6600.99,0
CUST_03810,187,42,282.18,0.68,29,6,Bronze,0,11851.56,0
CUST_03811,175,20,79.16,0.71,6,6,Bronze,0,1583.2,0
CUST_03812,222,30,199.76,0.85,37,0,Gold,0,5992.8,0
CUST_03813,233,42,229.02,0.54,89,2,Bronze,1,9618.84,0
CUST_03814,162,5,492.71,0.65,85,8,Bronze,0,2463.55,0
CUST_03815,134,21,182.21,0.2,58,4,Bronze,0,3826.41,0
CUST_03816,224,15,325.84,0.74,64,4,Gold,0,4887.6,0
CUST_03817,153,20,77.33,0.84,31,6,Gold,0,1546.6,0
CUST_03818,33,8,42.09,0.59,50,9,Bronze,0,336.72,0
CUST_03819,55,49,437.06,0.12,80,7,Gold,0,21415.94,0
CUST_03820,7,31,368.06,0.31,60,5,Silver,0,11409.86,0
CUST_03821,244,12,165.57,0.48,14,4,Gold,0,1986.84,1
CUST_03822,313,21,257.24,0.68,70,0,Silver,0,5402.04,0
CUST_03823,126,30,76.51,0.32,11,9,Bronze,1,2295.3,0
CUST_03824,12,27,356.51,0.84,27,9,Silver,0,9625.77,0
CUST_03825,16,44,44.46,0.37,69,9,Silver,0,1956.24,0
CUST_03826,208,26,380.95,0.04,79,8,Bronze,1,9904.7,0
CUST_03827,43,33,277.95,0.79,38,5,Silver,0,9172.35,0
CUST_03828,135,26,146.64,0.64,62,2,Bronze,1,3812.64,0
CUST_03829,228,26,432.66,0.8,53,9,Gold,0,11249.16,0
CUST_03830,111,36,493.18,0.35,80,6,Bronze,0,17754.48,0
CUST_03831,307,40,134.63,0.02,18,3,Bronze,0,5385.2,1
CUST_03832,160,1,405.06,0.07,97,2,Gold,0,405.06,1
CUST_03833,331,15,377.58,0.11,99,6,Bronze,0,5663.7,1
CUST_03834,264,1,376.12,0.81,52,5,Bronze,1,376.12,0
CUST_03835,225,11,479.05,0.3,24,3,Bronze,0,5269.55,1
CUST_03836,217,2,248.44,1.0,99,9,Silver,0,496.88,0
CUST_03837,45,1,340.34,0.76,7,7,Bronze,0,340.34,0
CUST_03838,214,31,413.7,0.6,14,1,Gold,1,12824.7,0
CUST_03839,59,44,244.97,0.98,50,5,Gold,0,10778.68,0
CUST_03840,132,16,245.9,0.32,94,2,Bronze,0,3934.4,0
CUST_03841,104,22,166.14,0.17,24,7,Bronze,0,3655.08,0
CUST_03842,195,42,392.6,0.74,79,7,Bronze,1,16489.2,0
CUST_03843,157,18,346.24,0.28,13,0,Bronze,0,6232.32,0
CUST_03844,98,47,231.06,0.96,19,1,Bronze,0,10859.82,0
CUST_03845,226,17,215.47,0.99,29,3,Bronze,0,3662.99,0
CUST_03846,205,30,45.57,0.93,22,0,Silver,0,1367.1,0
CUST_03847,79,10,13.19,0.94,2,2,Gold,0,131.9,0
CUST_03848,124,35,269.16,0.62,77,3,Bronze,0,9420.6,0
CUST_03849,218,21,214.57,0.69,36,9,Bronze,0,4505.97,0
CUST_03850,4,16,400.06,0.09,38,2,Bronze,0,6400.96,0
CUST_03851,90,6,275.9,0.76,18,4,Silver,0,1655.4,0
CUST_03852,104,3,468.99,0.2,51,9,Bronze,1,1406.97,0
CUST_03853,119,41,106.11,0.84,15,6,Bronze,0,4350.51,0
CUST_03854,133,43,495.17,0.96,99,7,Bronze,0,21292.31,0
CUST_03855,312,21,155.98,0.21,52,7,Bronze,0,3275.58,1
CUST_03856,96,13,324.79,0.08,17,1,Bronze,1,4222.27,0
CUST_03857,331,18,255.91,0.48,77,0,Bronze,0,4606.38,1
CUST_03858,143,24,186.19,0.79,22,5,Bronze,0,4468.56,0
CUST_03859,288,27,78.26,0.77,54,0,Bronze,1,2113.02,0
CUST_03860,28,4,76.07,0.7,52,5,Bronze,1,304.28,0
CUST_03861,278,22,358.64,0.82,85,6,Bronze,0,7890.08,0
CUST_03862,233,24,195.04,0.17,90,8,Silver,0,4680.96,1
CUST_03863,17,40,481.04,0.65,46,9,Bronze,0,19241.6,0
CUST_03864,59,45,169.57,0.61,4,9,Bronze,0,7630.65,0
CUST_03865,90,10,491.93,0.15,7,0,Bronze,0,4919.3,0
CUST_03866,199,2,110.66,0.41,10,6,Bronze,1,221.32,0
CUST_03867,362,40,60.38,0.85,15,3,Bronze,0,2415.2,0
CUST_03868,26,6,163.16,0.97,26,8,Bronze,0,978.96,0
CUST_03869,25,48,443.94,0.67,80,3,Bronze,0,21309.12,0
CUST_03870,301,18,265.71,0.92,40,1,Bronze,0,4782.78,0
CUST_03871,339,17,76.47,0.13,98,0,Silver,0,1299.99,1
CUST_03872,267,38,109.22,0.98,61,6,Bronze,0,4150.36,0
CUST_03873,181,45,162.52,0.03,81,6,Bronze,0,7313.4,0
CUST_03874,360,23,299.18,0.53,16,2,Bronze,0,6881.14,1
CUST_03875,68,46,172.87,0.29,98,4,Bronze,0,7952.02,0
CUST_03876,351,30,376.06,0.81,93,9,Bronze,0,11281.8,1
CUST_03877,321,21,311.98,0.22,18,6,Bronze,0,6551.58,1
CUST_03878,49,10,438.17,0.01,75,7,Bronze,1,4381.7,0
CUST_03879,175,43,255.47,0.41,76,8,Bronze,0,10985.21,0
CUST_03880,52,13,172.28,0.06,2,9,Silver,0,2239.64,0
CUST_03881,102,12,498.17,0.29,54,9,Gold,0,5978.04,0
CUST_03882,216,9,184.26,0.64,18,0,Bronze,1,1658.34,0
CUST_03883,188,4,220.02,0.29,54,8,Bronze,0,880.08,1
CUST_03884,57,39,406.47,0.25,38,5,Silver,0,15852.33,0
CUST_03885,47,24,53.43,0.16,97,5,Silver,0,1282.32,0
CUST_03886,159,34,199.38,0.14,73,6,Bronze,0,6778.92,0
CUST_03887,174,39,52.0,0.53,15,8,Bronze,0,2028.0,0
CUST_03888,242,41,78.26,0.68,64,6,Gold,0,3208.66,0
CUST_03889,282,5,12.27,0.45,92,6,Silver,0,61.35,1
CUST_03890,241,15,14.68,0.12,8,2,Bronze,0,220.2,1
CUST_03891,5,4,196.34,0.65,46,9,Bronze,0,785.36,0
CUST_03892,84,39,406.49,0.56,39,8,Bronze,1,15853.11,0
CUST_03893,308,8,297.63,0.38,52,3,Bronze,0,2381.04,1
CUST_03894,361,49,321.11,0.33,8,5,Silver,0,15734.39,1
CUST_03895,248,45,264.43,0.18,50,6,Gold,0,11899.35,0
CUST_03896,54,24,411.7,0.15,50,8,Bronze,0,9880.8,0
CUST_03897,161,28,441.39,0.34,83,9,Bronze,0,12358.92,0
CUST_03898,226,43,426.37,0.04,68,2,Bronze,0,18333.91,0
CUST_03899,15,27,407.94,0.44,27,1,Silver,0,11014.38,0
CUST_03900,224,1,99.53,0.6,77,1,Silver,1,99.53,0
CUST_03901,61,34,301.0,0.94,38,1,Bronze,0,10234.0,0
CUST_03902,122,17,295.26,0.63,21,8,Silver,0,5019.42,0
CUST_03903,277,37,268.69,0.62,90,7,Bronze,0,9941.53,0
CUST_03904,46,38,245.6,0.37,45,8,Silver,0,9332.8,0
CUST_03905,294,26,53.69,0.13,58,8,Bronze,0,1395.94,1
CUST_03906,62,24,60.06,0.45,23,0,Bronze,0,1441.44,0
CUST_03907,86,39,452.12,0.6,54,9,Bronze,0,17632.68,0
CUST_03908,210,21,318.79,0.72,30,9,Bronze,0,6694.59,0
CUST_03909,78,30,138.54,0.83,95,8,Bronze,0,4156.2,0
CUST_03910,202,47,146.86,0.26,95,0,Silver,0,6902.42,0
CUST_03911,302,48,309.0,0.24,16,4,Bronze,0,14832.0,0
CUST_03912,223,13,209.4,0.57,52,3,Bronze,0,2722.2,0
CUST_03913,222,37,226.25,0.57,41,7,Bronze,1,8371.25,0
CUST_03914,3,3,39.72,0.22,71,4,Bronze,0,119.16,0
CUST_03915,6,32,77.98,0.59,81,8,Bronze,0,2495.36,0
CUST_03916,93,35,202.74,0.35,24,0,Bronze,0,7095.9,0
CUST_03917,8,19,352.85,0.64,20,7,Silver,1,6704.15,0
CUST_03918,235,14,33.53,0.29,27,5,Gold,0,469.42,1
CUST_03919,108,48,173.93,0.59,2,0,Bronze,0,8348.64,0
CUST_03920,161,22,350.59,0.77,60,1,Bronze,0,7712.98,0
CUST_03921,209,17,398.1,0.98,51,3,Silver,0,6767.7,0
CUST_03922,240,4,103.21,0.91,1,4,Bronze,0,412.84,0
CUST_03923,331,45,368.43,0.5,98,0,Silver,0,16579.35,0
CUST_03924,333,40,478.15,0.49,91,9,Silver,0,19126.0,1
CUST_03925,50,19,454.34,0.44,6,6,Bronze,0,8632.46,0
CUST_03926,11,37,396.79,0.03,38,3,Bronze,0,14681.23,0
CUST_03927,351,2,359.04,0.17,54,0,Bronze,0,718.08,1
CUST_03928,156,15,125.22,0.06,60,5,Bronze,0,1878.3,1
CUST_03929,70,2,320.61,0.7,27,8,Bronze,0,641.22,0
CUST_03930,169,11,325.2,0.41,80,8,Bronze,0,3577.2,0
CUST_03931,272,45,209.34,0.06,62,3,Silver,0,9420.3,0
CUST_03932,68,23,251.58,0.69,63,6,Gold,0,5786.34,0
CUST_03933,355,10,350.07,0.64,99,9,Bronze,0,3500.7,1
CUST_03934,252,3,476.53,0.72,91,0,Bronze,0,1429.59,0
CUST_03935,48,5,154.7,0.6,35,9,Bronze,0,773.5,0
CUST_03936,184,3,130.72,0.16,58,8,Silver,0,392.16,1
CUST_03937,320,38,304.89,0.06,61,0,Silver,0,11585.82,1
CUST_03938,187,13,74.09,0.82,36,8,Bronze,0,963.17,0
CUST_03939,90,42,295.44,0.22,92,5,Bronze,0,12408.48,0
CUST_03940,332,19,53.54,0.54,56,9,Silver,0,1017.26,1
CUST_03941,139,40,250.39,0.49,67,6,Bronze,1,10015.6,0
CUST_03942,357,35,314.0,0.92,57,3,Bronze,0,10990.0,0
CUST_03943,89,24,44.35,0.55,41,8,Bronze,0,1064.4,0
CUST_03944,274,24,111.41,0.58,31,5,Bronze,0,2673.84,0
CUST_03945,19,17,174.33,0.32,3,5,Bronze,1,2963.61,0
CUST_03946,311,40,190.61,0.96,38,9,Bronze,0,7624.4,0
CUST_03947,358,10,341.29,0.61,53,5,Silver,0,3412.9,1
CUST_03948,154,2,269.22,0.0,52,3,Bronze,0,538.44,1
CUST_03949,260,44,197.23,0.56,24,6,Bronze,0,8678.12,0
CUST_03950,108,23,230.83,0.36,26,1,Bronze,0,5309.09,0
CUST_03951,285,6,16.36,0.03,92,1,Silver,1,98.16,1
CUST_03952,59,2,387.56,0.43,73,5,Silver,1,775.12,0
CUST_03953,125,21,30.09,0.77,37,8,Gold,0,631.89,0
CUST_03954,354,35,416.37,0.5,91,2,Bronze,0,14572.95,0
CUST_03955,273,49,275.09,0.64,48,6,Silver,0,13479.41,0
CUST_03956,107,29,268.63,0.64,67,8,Bronze,0,7790.27,0
CUST_03957,299,7,355.24,0.67,41,8,Bronze,0,2486.68,1
CUST_03958,245,29,431.18,0.39,49,2,Bronze,0,12504.22,0
CUST_03959,336,37,471.9,0.37,28,0,Bronze,0,17460.3,0
CUST_03960,247,23,276.25,0.0,32,1,Bronze,0,6353.75,1
CUST_03961,8,33,83.82,0.15,99,7,Bronze,0,2766.06,0
CUST_03962,141,8,440.53,0.95,71,6,Bronze,0,3524.24,0
CUST_03963,362,12,29.93,0.84,71,0,Gold,0,359.16,0
CUST_03964,8,46,405.6,0.28,85,2,Bronze,0,18657.6,0
CUST_03965,352,48,343.41,0.4,32,7,Bronze,0,16483.68,1
CUST_03966,94,10,453.32,0.94,38,6,Silver,0,4533.2,0
CUST_03967,321,15,449.76,0.25,20,4,Bronze,0,6746.4,1
CUST_03968,39,24,36.05,0.53,8,2,Bronze,0,865.2,0
CUST_03969,81,26,308.63,0.02,68,6,Bronze,0,8024.38,0
CUST_03970,187,47,71.09,0.62,26,4,Bronze,1,3341.23,0
CUST_03971,84,42,48.45,0.93,79,0,Bronze,0,2034.9,0
CUST_03972,88,39,229.66,0.88,70,4,Silver,0,8956.74,0
CUST_03973,242,3,57.82,0.5,48,2,Bronze,0,173.46,1
CUST_03974,342,2,366.67,0.65,96,1,Gold,0,733.34,1
CUST_03975,93,6,484.78,0.57,69,2,Bronze,0,2908.68,0
CUST_03976,86,21,289.1,0.07,46,9,Silver,0,6071.1,0
CUST_03977,44,9,125.23,0.16,58,3,Bronze,1,1127.07,0
CUST_03978,137,10,423.17,0.96,70,0,Bronze,0,4231.7,0
CUST_03979,74,36,428.02,0.26,67,3,Bronze,1,15408.72,0
CUST_03980,36,3,369.07,0.38,29,8,Bronze,0,1107.21,0
CUST_03981,101,41,311.41,0.51,83,0,Bronze,0,12767.81,0
CUST_03982,156,24,435.22,0.98,10,6,Bronze,0,10445.28,0
CUST_03983,255,22,90.01,0.69,71,7,Bronze,0,1980.22,0
CUST_03984,171,49,466.48,0.63,65,8,Bronze,0,22857.52,0
CUST_03985,216,14,474.13,0.52,65,6,Bronze,0,6637.82,0
CUST_03986,170,42,437.28,0.7,17,8,Silver,0,18365.76,0
CUST_03987,252,45,132.82,0.66,22,9,Silver,0,5976.9,0
CUST_03988,360,44,430.51,0.9,14,2,Bronze,1,18942.44,0
CUST_03989,322,27,253.84,0.54,6,0,Silver,0,6853.68,0
CUST_03990,55,33,301.52,0.42,30,1,Bronze,0,9950.16,0
CUST_03991,91,22,421.89,0.81,47,9,Silver,1,9281.58,0
CUST_03992,278,29,24.5,0.8,97,0,Bronze,0,710.5,0
CUST_03993,101,19,187.84,0.17,20,1,Bronze,0,3568.96,0
CUST_03994,155,19,409.69,0.24,16,8,Silver,0,7784.11,0
CUST_03995,349,6,408.84,0.96,68,4,Silver,0,2453.04,1
CUST_03996,364,45,425.86,0.44,34,3,Silver,1,19163.7,0
CUST_03997,141,19,92.92,0.52,1,1,Bronze,0,1765.48,0
CUST_03998,173,13,355.88,0.31,77,2,Bronze,0,4626.44,0
CUST_03999,10,26,81.79,0.48,48,8,Bronze,0,2126.54,0
CUST_04000,228,22,394.7,0.74,8,2,Gold,1,8683.4,0
CUST_04001,265,21,130.11,0.48,22,7,Bronze,0,2732.31,1
CUST_04002,248,36,371.53,0.31,68,0,Silver,1,13375.08,0
CUST_04003,247,2,232.95,0.1,34,4,Gold,0,465.9,1
CUST_04004,155,47,493.27,0.93,60,1,Bronze,0,23183.69,0
CUST_04005,34,44,294.15,0.87,45,3,Silver,0,12942.6,0
CUST_04006,129,30,319.96,0.79,37,1,Bronze,0,9598.8,0
CUST_04007,160,27,190.4,0.69,23,2,Bronze,0,5140.8,0
CUST_04008,89,7,369.91,0.52,84,4,Silver,0,2589.37,0
CUST_04009,93,20,252.49,0.9,24,1,Bronze,1,5049.8,0
CUST_04010,327,31,18.85,0.79,91,8,Bronze,0,584.35,0
CUST_04011,241,23,308.2,0.82,13,7,Bronze,0,7088.6,0
CUST_04012,323,13,416.93,0.31,69,4,Bronze,0,5420.09,1
CUST_04013,117,17,126.03,0.42,80,0,Bronze,0,2142.51,0
CUST_04014,94,4,118.32,0.71,60,4,Bronze,0,473.28,0
CUST_04015,163,14,308.35,0.37,38,3,Bronze,0,4316.9,0
CUST_04016,99,20,410.81,0.49,48,8,Gold,0,8216.2,0
CUST_04017,113,13,132.31,0.65,93,1,Bronze,1,1720.03,0
CUST_04018,359,3,466.81,0.44,26,6,Bronze,0,1400.43,1
CUST_04019,91,26,464.42,0.79,86,1,Bronze,0,12074.92,0
CUST_04020,346,26,108.26,0.12,88,2,Bronze,0,2814.76,1
CUST_04021,206,18,139.25,0.72,77,2,Bronze,0,2506.5,0
CUST_04022,17,32,353.29,0.15,85,9,Bronze,0,11305.28,0
CUST_04023,274,14,476.35,0.94,1,7,Bronze,1,6668.9,0
CUST_04024,173,47,357.84,0.31,4,1,Bronze,0,16818.48,0
CUST_04025,116,3,228.0,0.8,67,0,Silver,0,684.0,0
CUST_04026,349,1,92.81,0.52,87,5,Gold,0,92.81,1
CUST_04027,181,26,235.89,0.09,80,5,Bronze,0,6133.14,0
CUST_04028,91,24,307.32,0.58,13,0,Bronze,0,7375.68,0
CUST_04029,82,49,172.17,0.91,39,4,Silver,0,8436.33,0
CUST_04030,324,35,260.03,0.16,31,8,Gold,1,9101.05,0
CUST_04031,114,14,73.8,0.32,24,9,Bronze,0,1033.2,0
CUST_04032,257,3,231.57,0.44,79,9,Gold,0,694.71,1
CUST_04033,58,13,54.48,0.28,5,4,Silver,0,708.24,0
CUST_04034,154,47,34.05,0.94,49,6,Bronze,0,1600.35,0
CUST_04035,116,14,430.05,0.38,86,5,Bronze,0,6020.7,0
CUST_04036,343,21,110.49,0.66,86,9,Bronze,0,2320.29,1
CUST_04037,266,26,291.83,0.22,11,3,Bronze,1,7587.58,0
CUST_04038,315,3,83.0,0.22,24,1,Bronze,0,249.0,1
CUST_04039,203,40,138.64,0.18,45,9,Bronze,0,5545.6,0
CUST_04040,41,4,187.06,0.43,74,4,Bronze,1,748.24,0
CUST_04041,105,36,80.4,0.53,34,9,Bronze,1,2894.4,0
CUST_04042,193,43,32.52,0.01,11,8,Bronze,1,1398.36,0
CUST_04043,278,1,439.81,0.83,57,2,Gold,0,439.81,0
CUST_04044,354,40,15.8,0.51,29,2,Bronze,0,632.0,0
CUST_04045,237,47,40.05,0.16,22,6,Bronze,0,1882.35,0
CUST_04046,221,33,404.49,0.07,33,9,Bronze,1,13348.17,0
CUST_04047,68,7,148.18,0.06,72,1,Bronze,0,1037.26,0
CUST_04048,197,11,364.18,0.26,49,7,Bronze,0,4005.98,1
CUST_04049,256,27,81.65,0.5,96,6,Silver,1,2204.55,0
CUST_04050,139,14,126.27,0.86,23,7,Bronze,0,1767.78,0
CUST_04051,312,22,290.66,0.9,69,9,Bronze,0,6394.52,0
CUST_04052,149,16,494.43,0.83,95,5,Bronze,0,7910.88,0
CUST_04053,99,46,45.99,0.33,29,4,Bronze,0,2115.54,0
CUST_04054,76,12,206.27,0.31,6,3,Bronze,0,2475.24,0
CUST_04055,282,49,31.11,0.99,52,7,Bronze,0,1524.39,0
CUST_04056,109,46,107.62,0.68,89,1,Bronze,0,4950.52,0
CUST_04057,188,10,454.66,0.3,89,5,Silver,0,4546.6,1
CUST_04058,199,24,57.27,0.33,95,9,Bronze,1,1374.48,0
CUST_04059,303,46,429.86,0.43,14,5,Silver,1,19773.56,0
CUST_04060,327,18,97.12,0.62,17,4,Silver,0,1748.16,1
CUST_04061,154,22,432.27,0.9,80,1,Bronze,0,9509.94,0
CUST_04062,40,9,273.63,0.2,28,4,Silver,0,2462.67,0
CUST_04063,133,17,440.32,0.08,9,2,Bronze,0,7485.44,0
CUST_04064,132,38,84.33,0.41,66,6,Bronze,0,3204.54,0
CUST_04065,279,40,383.4,0.25,4,6,Gold,0,15336.0,1
CUST_04066,362,13,343.54,0.58,20,7,Bronze,0,4466.02,1
CUST_04067,84,37,276.04,0.7,41,9,Bronze,0,10213.48,0
CUST_04068,242,6,407.19,0.31,36,8,Silver,0,2443.14,1
CUST_04069,116,21,327.66,0.69,6,0,Bronze,0,6880.86,0
CUST_04070,109,36,439.75,0.34,65,3,Silver,0,15831.0,0
CUST_04071,221,7,196.72,0.63,50,5,Bronze,0,1377.04,0
CUST_04072,41,36,299.06,0.63,64,6,Bronze,0,10766.16,0
CUST_04073,147,25,436.59,0.28,3,4,Bronze,0,10914.75,0
CUST_04074,112,11,115.26,0.64,37,5,Bronze,0,1267.86,0
CUST_04075,103,44,248.01,0.38,3,0,Bronze,0,10912.44,0
CUST_04076,46,14,480.76,0.34,33,4,Bronze,0,6730.64,0
CUST_04077,324,45,242.06,0.29,59,1,Bronze,0,10892.7,0
CUST_04078,271,29,133.89,0.35,15,1,Silver,1,3882.81,0
CUST_04079,195,10,182.03,0.79,56,0,Bronze,0,1820.3,0
CUST_04080,280,48,443.69,0.25,61,9,Bronze,0,21297.12,1
CUST_04081,283,5,477.89,0.68,68,8,Bronze,0,2389.45,1
CUST_04082,40,8,475.55,0.9,79,3,Bronze,0,3804.4,0
CUST_04083,189,46,352.48,0.35,71,3,Silver,0,16214.08,0
CUST_04084,164,5,259.7,0.03,68,8,Silver,0,1298.5,1
CUST_04085,24,24,99.52,0.02,62,4,Gold,1,2388.48,0
CUST_04086,24,40,70.38,0.14,67,3,Silver,0,2815.2,0
CUST_04087,4,26,39.29,0.11,23,6,Bronze,0,1021.54,0
CUST_04088,323,6,18.68,0.75,14,4,Bronze,0,112.08,1
CUST_04089,290,16,440.28,0.29,6,7,Bronze,0,7044.48,1
CUST_04090,181,36,406.45,0.65,33,2,Gold,0,14632.2,0
CUST_04091,248,12,288.23,0.04,9,7,Bronze,0,3458.76,1
CUST_04092,116,11,499.37,0.3,12,5,Bronze,0,5493.07,0
CUST_04093,279,3,477.0,0.23,99,8,Bronze,1,1431.0,1
CUST_04094,69,44,331.0,0.28,95,5,Silver,0,14564.0,0
CUST_04095,351,37,237.64,0.19,51,3,Bronze,1,8792.68,0
CUST_04096,254,6,84.56,0.62,3,1,Bronze,0,507.36,0
CUST_04097,181,19,262.64,0.66,56,2,Bronze,0,4990.16,0
CUST_04098,318,18,87.29,0.15,46,6,Gold,0,1571.22,1
CUST_04099,169,16,205.24,0.74,36,9,Bronze,0,3283.84,0
CUST_04100,313,23,471.9,0.25,13,4,Bronze,0,10853.7,1
CUST_04101,249,43,177.57,0.28,13,6,Gold,0,7635.51,0
CUST_04102,188,37,84.87,0.83,58,6,Silver,0,3140.19,0
CUST_04103,54,9,295.37,0.9,98,5,Bronze,0,2658.33,0
CUST_04104,326,3,305.16,0.82,85,1,Bronze,0,915.48,1
CUST_04105,357,8,104.96,0.15,34,4,Silver,0,839.68,1
CUST_04106,313,38,106.33,1.0,43,9,Bronze,0,4040.54,0
CUST_04107,138,4,494.88,0.67,28,5,Silver,0,1979.52,0
CUST_04108,168,12,129.21,0.51,56,7,Silver,0,1550.52,0
CUST_04109,103,44,420.71,0.95,47,0,Silver,0,18511.24,0
CUST_04110,85,31,240.46,0.82,35,9,Bronze,0,7454.26,0
CUST_04111,317,25,223.14,0.69,78,6,Bronze,0,5578.5,0
CUST_04112,212,16,154.53,0.84,82,4,Bronze,0,2472.48,0
CUST_04113,3,42,389.17,0.39,19,6,Gold,0,16345.14,0
CUST_04114,179,14,441.52,0.68,83,2,Bronze,0,6181.28,0
CUST_04115,342,13,137.95,0.19,97,3,Bronze,0,1793.35,1
CUST_04116,303,41,56.6,0.99,51,1,Bronze,0,2320.6,0
CUST_04117,332,7,77.09,0.59,99,5,Silver,0,539.63,1
CUST_04118,38,12,398.47,0.81,20,4,Bronze,0,4781.64,0
CUST_04119,239,37,223.56,0.41,29,0,Silver,0,8271.72,0
CUST_04120,169,4,74.64,0.76,72,0,Silver,0,298.56,0
CUST_04121,343,2,176.74,0.39,89,7,Bronze,0,353.48,1
CUST_04122,314,35,261.98,0.59,81,7,Bronze,1,9169.3,0
CUST_04123,306,44,427.51,0.78,65,5,Bronze,0,18810.44,0
CUST_04124,30,3,324.45,0.12,38,8,Bronze,0,973.35,0
CUST_04125,190,4,96.26,0.36,49,0,Bronze,0,385.04,0
CUST_04126,357,38,87.76,0.54,94,9,Bronze,0,3334.88,1
CUST_04127,25,12,212.04,0.33,28,7,Bronze,0,2544.48,0
CUST_04128,112,19,46.84,0.31,33,1,Silver,0,889.96,0
CUST_04129,206,10,380.23,0.28,13,7,Bronze,0,3802.3,1
CUST_04130,185,1,206.71,0.23,88,2,Bronze,1,206.71,0
CUST_04131,47,17,178.08,0.85,44,5,Bronze,0,3027.36,0
CUST_04132,228,16,259.46,0.92,86,6,Bronze,0,4151.36,0
CUST_04133,39,9,357.39,0.7,52,2,Silver,0,3216.51,0
CUST_04134,16,9,288.98,0.03,77,1,Bronze,0,2600.82,0
CUST_04135,22,9,403.18,0.79,76,0,Gold,0,3628.62,0
CUST_04136,213,12,318.39,0.53,41,4,Bronze,0,3820.68,0
CUST_04137,310,41,396.11,0.76,49,0,Gold,0,16240.51,0
CUST_04138,149,15,351.42,0.44,7,0,Gold,0,5271.3,0
CUST_04139,241,2,104.63,0.04,36,4,Bronze,1,209.26,1
CUST_04140,272,11,35.65,0.68,93,2,Bronze,0,392.15,0
CUST_04141,59,11,452.66,0.44,93,9,Bronze,1,4979.26,0
CUST_04142,287,8,473.37,0.87,26,2,Gold,0,3786.96,0
CUST_04143,202,32,366.2,0.74,27,6,Silver,0,11718.4,0
CUST_04144,32,6,364.86,0.36,24,2,Bronze,0,2189.16,0
CUST_04145,162,20,142.37,0.72,95,1,Bronze,0,2847.4,0
CUST_04146,255,39,275.8,0.5,71,2,Silver,0,10756.2,0
CUST_04147,254,35,496.2,0.2,81,3,Bronze,1,17367.0,0
CUST_04148,9,8,429.51,0.42,33,8,Bronze,0,3436.08,0
CUST_04149,139,49,159.15,0.22,98,1,Bronze,0,7798.35,0
CUST_04150,10,43,157.51,0.0,18,5,Silver,0,6772.93,0
CUST_04151,214,34,246.95,0.25,5,4,Silver,0,8396.3,0
CUST_04152,273,19,208.25,0.21,1,5,Bronze,0,3956.75,1
CUST_04153,324,7,191.86,0.0,71,4,Bronze,0,1343.02,1
CUST_04154,48,31,317.22,0.78,98,5,Bronze,0,9833.82,0
CUST_04155,111,18,15.63,0.08,3,3,Bronze,0,281.34,0
CUST_04156,153,40,384.04,0.45,36,7,Bronze,0,15361.6,0
CUST_04157,123,14,372.63,0.42,35,8,Bronze,0,5216.82,0
CUST_04158,357,39,416.86,0.18,51,9,Silver,0,16257.54,1
CUST_04159,102,36,422.31,0.97,12,6,Bronze,0,15203.16,0
CUST_04160,241,17,287.54,0.6,15,0,Bronze,0,4888.18,0
CUST_04161,321,37,392.24,0.81,4,4,Bronze,1,14512.88,0
CUST_04162,191,44,251.27,0.5,56,6,Bronze,0,11055.88,0
CUST_04163,217,9,476.25,0.72,97,4,Bronze,0,4286.25,0
CUST_04164,51,20,103.44,0.97,16,4,Bronze,0,2068.8,0
CUST_04165,292,45,458.65,0.35,93,4,Bronze,0,20639.25,0
CUST_04166,81,28,136.68,0.5,6,4,Bronze,0,3827.04,0
CUST_04167,88,20,60.33,0.51,63,4,Bronze,0,1206.6,0
CUST_04168,194,41,225.16,0.99,23,0,Bronze,0,9231.56,0
CUST_04169,104,36,311.31,0.23,77,5,Bronze,0,11207.16,0
CUST_04170,271,27,123.19,0.68,44,5,Bronze,0,3326.13,0
CUST_04171,96,8,282.34,0.14,1,7,Bronze,0,2258.72,0
CUST_04172,198,32,405.87,0.93,57,4,Bronze,0,12987.84,0
CUST_04173,1,1,135.97,0.59,76,1,Bronze,0,135.97,0
CUST_04174,167,17,294.36,0.86,27,6,Bronze,0,5004.12,0
CUST_04175,126,9,176.26,0.9,25,0,Bronze,1,1586.34,0
CUST_04176,313,20,269.59,0.56,86,4,Bronze,0,5391.8,1
CUST_04177,81,45,336.79,0.68,62,4,Bronze,0,15155.55,0
CUST_04178,251,32,181.71,0.7,98,2,Bronze,0,5814.72,0
CUST_04179,169,2,497.3,0.46,18,1,Bronze,0,994.6,0
CUST_04180,73,32,286.25,0.43,80,3,Bronze,0,9160.0,0
CUST_04181,141,45,413.99,0.19,93,6,Bronze,0,18629.55,0
CUST_04182,70,9,365.32,0.38,30,9,Silver,0,3287.88,0
CUST_04183,262,30,427.87,0.99,30,2,Silver,0,12836.1,0
CUST_04184,340,20,95.16,0.27,84,5,Silver,0,1903.2,1
CUST_04185,308,38,119.05,0.76,47,6,Bronze,0,4523.9,0
CUST_04186,245,1,248.83,0.06,22,1,Bronze,0,248.83,1
CUST_04187,3,5,427.64,0.47,42,2,Bronze,0,2138.2,0
CUST_04188,337,35,106.83,0.06,34,8,Bronze,0,3739.05,1
CUST_04189,63,36,485.82,0.48,63,0,Bronze,0,17489.52,0
CUST_04190,49,1,72.53,0.03,4,7,Silver,0,72.53,1
CUST_04191,76,14,95.79,0.61,31,0,Bronze,1,1341.06,0
CUST_04192,175,9,91.94,0.59,51,2,Silver,0,827.46,0
CUST_04193,109,30,297.14,0.8,50,5,Bronze,0,8914.2,0
CUST_04194,183,24,459.6,0.58,14,7,Bronze,0,11030.4,0
CUST_04195,192,4,135.0,0.93,8,6,Bronze,1,540.0,0
CUST_04196,65,14,280.99,0.78,69,2,Bronze,0,3933.86,0
CUST_04197,337,25,96.13,0.13,8,5,Bronze,0,2403.25,1
CUST_04198,271,4,319.26,0.27,11,0,Bronze,0,1277.04,1
CUST_04199,100,25,70.39,0.03,29,7,Bronze,1,1759.75,0
CUST_04200,32,10,250.74,0.39,55,8,Gold,0,2507.4,0
CUST_04201,352,35,331.04,0.51,85,8,Silver,0,11586.4,1
CUST_04202,128,7,293.77,0.95,39,3,Silver,0,2056.39,0
CUST_04203,339,42,78.6,0.52,13,3,Gold,0,3301.2,0
CUST_04204,43,13,89.07,0.78,64,6,Bronze,0,1157.91,0
CUST_04205,78,4,338.98,0.27,49,6,Silver,0,1355.92,0
CUST_04206,314,43,406.37,0.15,19,5,Bronze,0,17473.91,1
CUST_04207,289,36,454.96,0.81,67,6,Bronze,0,16378.56,0
CUST_04208,270,14,408.67,0.25,98,0,Bronze,0,5721.38,1
CUST_04209,162,18,487.22,0.87,83,8,Bronze,0,8769.96,0
CUST_04210,189,8,210.04,0.17,96,5,Silver,1,1680.32,0
CUST_04211,247,32,172.27,0.85,52,7,Bronze,0,5512.64,0
CUST_04212,216,27,23.81,0.77,78,4,Silver,0,642.87,0
CUST_04213,315,42,230.45,0.61,71,6,Gold,0,9678.9,0
CUST_04214,339,37,329.17,0.85,20,2,Bronze,0,12179.29,0
CUST_04215,168,23,409.55,0.33,96,9,Bronze,0,9419.65,0
CUST_04216,339,7,141.05,0.17,54,0,Bronze,0,987.35,1
CUST_04217,193,12,261.66,0.16,95,6,Bronze,1,3139.92,0
CUST_04218,283,25,334.38,0.27,86,4,Bronze,0,8359.5,1
CUST_04219,336,3,280.29,0.45,5,0,Silver,1,840.87,0
CUST_04220,13,26,144.27,0.88,95,8,Bronze,0,3751.02,0
CUST_04221,240,4,400.18,0.09,79,8,Bronze,0,1600.72,1
CUST_04222,320,42,94.95,0.92,62,5,Bronze,1,3987.9,0
CUST_04223,147,36,453.44,0.93,17,8,Silver,0,16323.84,0
CUST_04224,204,15,476.77,0.73,53,6,Bronze,0,7151.55,0
CUST_04225,80,32,189.13,0.9,37,7,Silver,0,6052.16,0
CUST_04226,43,29,194.33,0.77,19,1,Bronze,1,5635.57,0
CUST_04227,89,10,374.21,0.53,10,1,Bronze,0,3742.1,0
CUST_04228,148,21,233.58,0.6,44,3,Bronze,0,4905.18,0
CUST_04229,95,16,24.02,0.63,98,0,Bronze,0,384.32,0
CUST_04230,151,47,460.74,0.13,49,7,Bronze,0,21654.78,0
CUST_04231,2,19,221.07,0.19,89,4,Gold,0,4200.33,0
CUST_04232,22,29,109.71,0.52,37,6,Silver,0,3181.59,0
CUST_04233,313,18,282.28,0.12,58,1,Bronze,1,5081.04,0
CUST_04234,328,44,117.26,0.96,92,4,Bronze,0,5159.44,0
CUST_04235,7,16,110.95,0.51,15,8,Silver,0,1775.2,0
CUST_04236,206,1,277.41,0.38,20,8,Gold,1,277.41,0
CUST_04237,114,48,201.61,0.16,55,1,Bronze,0,9677.28,0
CUST_04238,272,2,290.77,0.42,13,1,Bronze,1,581.54,0
CUST_04239,83,15,498.44,0.3,20,4,Bronze,0,7476.6,0
CUST_04240,179,39,430.92,0.09,43,2,Bronze,0,16805.88,0
CUST_04241,210,28,13.76,0.97,95,0,Bronze,0,385.28,0
CUST_04242,328,1,34.77,0.26,82,0,Silver,0,34.77,1
CUST_04243,124,5,308.94,0.69,41,4,Bronze,0,1544.7,0
CUST_04244,113,42,316.87,0.09,48,2,Bronze,1,13308.54,0
CUST_04245,12,22,440.31,0.91,56,8,Bronze,0,9686.82,0
CUST_04246,126,36,318.24,0.59,92,2,Gold,0,11456.64,0
CUST_04247,53,46,121.58,0.66,68,2,Gold,0,5592.68,0
CUST_04248,331,13,239.57,0.78,88,2,Silver,0,3114.41,0
CUST_04249,283,1,406.4,0.61,44,0,Silver,0,406.4,1
CUST_04250,140,16,462.18,0.07,73,2,Silver,0,7394.88,0
CUST_04251,97,41,126.09,0.43,47,4,Silver,0,5169.69,0
CUST_04252,5,22,274.41,0.26,50,7,Bronze,0,6037.02,0
CUST_04253,57,32,87.87,0.49,32,6,Bronze,0,2811.84,0
CUST_04254,334,16,253.53,0.4,96,3,Gold,0,4056.48,1
CUST_04255,69,15,54.16,0.83,54,3,Silver,0,812.4,0
CUST_04256,118,46,471.45,0.25,39,3,Bronze,0,21686.7,0
CUST_04257,59,42,322.65,0.2,85,7,Bronze,0,13551.3,0
CUST_04258,33,12,428.57,0.96,58,7,Bronze,0,5142.84,0
CUST_04259,318,1,499.16,0.95,61,1,Bronze,0,499.16,0
CUST_04260,50,17,99.51,0.99,91,6,Bronze,1,1691.67,0
CUST_04261,19,41,350.13,0.57,72,4,Bronze,0,14355.33,0
CUST_04262,214,28,444.62,0.11,83,1,Bronze,0,12449.36,0
CUST_04263,197,7,292.21,0.88,93,2,Gold,0,2045.47,0
CUST_04264,47,9,323.45,0.15,19,6,Silver,0,2911.05,0
CUST_04265,167,22,209.76,0.16,69,5,Bronze,0,4614.72,0
CUST_04266,289,26,340.63,0.19,22,5,Silver,0,8856.38,1
CUST_04267,141,12,203.83,0.65,35,6,Bronze,0,2445.96,0
CUST_04268,84,7,243.54,0.11,10,5,Bronze,0,1704.78,0
CUST_04269,182,46,60.43,0.78,15,1,Silver,0,2779.78,0
CUST_04270,79,47,13.83,0.06,2,7,Silver,0,650.01,0
CUST_04271,215,15,37.02,0.11,22,6,Bronze,0,555.3,1
CUST_04272,14,38,104.34,0.43,99,5,Silver,1,3964.92,0
CUST_04273,215,21,233.74,0.38,83,4,Gold,0,4908.54,0
CUST_04274,128,14,20.29,0.99,12,5,Bronze,0,284.06,0
CUST_04275,310,2,86.41,0.97,98,2,Bronze,0,172.82,0
CUST_04276,248,8,392.91,0.19,62,1,Gold,0,3143.28,1
CUST_04277,29,45,383.46,0.95,45,8,Gold,0,17255.7,0
CUST_04278,280,6,396.97,0.69,58,0,Bronze,0,2381.82,0
CUST_04279,338,37,461.56,0.41,20,1,Bronze,0,17077.72,0
CUST_04280,319,37,68.34,0.74,51,9,Gold,0,2528.58,0
CUST_04281,202,33,89.94,0.9,7,9,Bronze,0,2968.02,0
CUST_04282,361,41,173.44,0.18,24,0,Bronze,0,7111.04,1
CUST_04283,57,6,458.42,0.2,67,7,Bronze,0,2750.52,0
CUST_04284,218,26,389.98,0.41,70,3,Bronze,0,10139.48,0
CUST_04285,62,39,168.82,0.17,97,5,Bronze,0,6583.98,0
CUST_04286,157,41,52.94,0.36,53,4,Bronze,0,2170.54,0
CUST_04287,202,37,312.03,0.65,34,7,Bronze,1,11545.11,0
CUST_04288,17,14,135.84,0.81,33,9,Bronze,0,1901.76,0
CUST_04289,322,37,270.26,0.3,93,6,Bronze,0,9999.62,1
CUST_04290,6,8,471.48,0.28,23,0,Bronze,0,3771.84,0
CUST_04291,58,39,290.58,0.78,58,7,Bronze,1,11332.62,0
CUST_04292,325,13,462.68,0.38,68,3,Gold,0,6014.84,1
CUST_04293,318,13,202.59,0.82,69,6,Bronze,0,2633.67,1
CUST_04294,169,40,320.34,0.99,98,2,Gold,0,12813.6,0
CUST_04295,82,43,448.01,0.98,80,1,Bronze,0,19264.43,0
CUST_04296,219,28,298.11,0.66,40,0,Gold,0,8347.08,0
CUST_04297,177,18,311.3,0.38,47,9,Silver,0,5603.4,0
CUST_04298,204,19,360.99,0.07,43,4,Gold,1,6858.81,0
CUST_04299,71,38,442.23,0.74,61,2,Bronze,0,16804.74,0
CUST_04300,266,32,53.21,0.98,42,2,Bronze,0,1702.72,0
CUST_04301,98,22,175.06,0.07,62,7,Bronze,1,3851.32,0
CUST_04302,345,2,204.87,0.01,67,0,Gold,0,409.74,1
CUST_04303,291,13,455.76,0.83,55,1,Bronze,0,5924.88,0
CUST_04304,208,23,478.44,0.1,49,0,Gold,0,11004.12,0
CUST_04305,2,25,68.99,0.08,49,6,Bronze,1,1724.75,0
CUST_04306,124,28,68.36,0.91,78,3,Bronze,1,1914.08,0
CUST_04307,280,11,468.08,0.08,33,2,Bronze,0,5148.88,1
CUST_04308,74,33,154.93,0.11,28,2,Bronze,0,5112.69,0
CUST_04309,166,24,128.49,0.57,57,9,Bronze,1,3083.76,0
CUST_04310,22,2,27.46,0.76,41,2,Bronze,1,54.92,0
CUST_04311,154,30,145.04,0.4,79,1,Bronze,0,4351.2,0
CUST_04312,295,17,349.83,0.42,4,4,Silver,1,5947.11,0
CUST_04313,219,40,218.76,0.63,20,0,Bronze,0,8750.4,0
CUST_04314,157,34,263.27,0.51,89,4,Bronze,0,8951.18,0
CUST_04315,230,38,459.47,0.02,35,9,Bronze,0,17459.86,1
CUST_04316,20,22,66.2,0.11,53,7,Gold,0,1456.4,0
CUST_04317,41,5,44.91,0.58,39,6,Bronze,0,224.55,0
CUST_04318,148,48,427.45,0.79,53,2,Bronze,1,20517.6,0
CUST_04319,108,40,389.68,0.76,86,8,Bronze,0,15587.2,0
CUST_04320,84,16,139.23,0.74,99,9,Bronze,0,2227.68,0
CUST_04321,322,13,168.87,0.77,92,6,Silver,0,2195.31,1
CUST_04322,309,26,162.04,0.04,10,0,Gold,0,4213.04,1
CUST_04323,290,31,327.43,0.9,80,5,Bronze,0,10150.33,0
CUST_04324,323,39,39.99,0.89,87,3,Bronze,0,1559.61,0
CUST_04325,134,48,249.81,0.53,83,5,Bronze,0,11990.88,0
CUST_04326,207,23,75.6,0.25,65,2,Silver,0,1738.8,0
CUST_04327,283,48,411.67,0.59,1,4,Bronze,0,19760.16,0
CUST_04328,266,12,196.52,0.56,53,2,Bronze,0,2358.24,0
CUST_04329,73,14,268.51,0.22,46,6,Bronze,1,3759.14,0
CUST_04330,352,18,24.37,0.6,26,4,Bronze,0,438.66,1
CUST_04331,48,27,38.55,0.8,98,3,Bronze,0,1040.85,0
CUST_04332,326,28,340.78,0.81,2,9,Silver,0,9541.84,0
CUST_04333,233,18,385.72,0.06,28,6,Bronze,0,6942.96,1
CUST_04334,100,16,357.92,0.2,84,6,Bronze,0,5726.72,0
CUST_04335,59,16,371.14,0.67,27,9,Gold,0,5938.24,0
CUST_04336,258,13,61.26,0.86,28,8,Bronze,0,796.38,0
CUST_04337,65,29,349.79,0.52,31,2,Bronze,0,10143.91,0
CUST_04338,83,9,99.06,0.71,47,9,Bronze,0,891.54,0
CUST_04339,154,26,58.03,0.02,7,7,Silver,0,1508.78,1
CUST_04340,266,28,381.01,0.61,72,6,Bronze,0,10668.28,0
CUST_04341,309,41,445.81,0.96,96,8,Gold,0,18278.21,0
CUST_04342,79,13,361.19,0.66,75,1,Silver,0,4695.47,0
CUST_04343,315,36,404.73,0.92,48,5,Bronze,0,14570.28,0
CUST_04344,150,9,495.63,0.57,26,4,Silver,0,4460.67,0
CUST_04345,48,47,76.03,0.84,55,2,Bronze,1,3573.41,0
CUST_04346,248,14,482.92,0.12,89,6,Bronze,1,6760.88,0
CUST_04347,278,12,304.59,0.12,7,4,Bronze,1,3655.08,0
CUST_04348,356,32,408.49,0.12,84,5,Bronze,0,13071.68,1
CUST_04349,98,38,328.58,0.49,57,3,Bronze,0,12486.04,0
CUST_04350,25,3,289.32,0.33,58,6,Bronze,0,867.96,0
CUST_04351,284,16,354.77,0.72,94,6,Bronze,0,5676.32,0
CUST_04352,301,20,166.93,0.9,1,4,Bronze,0,3338.6,0
CUST_04353,68,32,462.89,0.62,82,6,Bronze,0,14812.48,0
CUST_04354,7,23,66.49,0.21,72,6,Silver,0,1529.27,0
CUST_04355,305,17,165.84,0.93,29,9,Gold,0,2819.28,0
CUST_04356,137,16,25.27,0.53,22,7,Silver,0,404.32,0
CUST_04357,164,38,142.95,0.72,96,0,Bronze,0,5432.1,0
CUST_04358,83,8,116.92,0.89,40,3,Bronze,1,935.36,0
CUST_04359,138,19,34.32,0.99,62,0,Bronze,0,652.08,0
CUST_04360,73,30,250.97,0.51,14,2,Bronze,0,7529.1,0
CUST_04361,237,34,239.63,0.81,2,7,Bronze,0,8147.42,0
CUST_04362,46,14,48.1,0.57,35,6,Gold,1,673.4,0
CUST_04363,106,22,138.31,0.49,71,2,Bronze,0,3042.82,0
CUST_04364,288,44,477.13,0.54,67,3,Gold,0,20993.72,0
CUST_04365,262,17,64.26,0.48,79,1,Bronze,1,1092.42,0
CUST_04366,176,15,159.46,0.42,98,1,Silver,1,2391.9,0
CUST_04367,166,48,27.57,0.72,22,4,Gold,0,1323.36,0
CUST_04368,145,32,82.95,0.25,18,1,Bronze,0,2654.4,0
CUST_04369,330,13,352.7,0.62,46,6,Gold,0,4585.1,1
CUST_04370,283,21,189.69,0.71,82,0,Bronze,0,3983.49,0
CUST_04371,54,49,231.52,0.89,63,8,Gold,0,11344.48,0
CUST_04372,178,40,86.92,0.33,98,9,Silver,0,3476.8,0
CUST_04373,244,33,344.25,0.86,36,0,Bronze,0,11360.25,0
CUST_04374,341,27,378.25,0.95,46,0,Bronze,0,10212.75,0
CUST_04375,127,35,98.74,0.65,37,8,Bronze,1,3455.9,0
CUST_04376,271,16,32.05,0.77,18,6,Bronze,0,512.8,0
CUST_04377,132,28,49.66,0.41,43,9,Bronze,0,1390.48,0
CUST_04378,93,34,331.95,0.95,29,3,Bronze,0,11286.3,0
CUST_04379,73,47,76.4,0.67,76,2,Bronze,0,3590.8,0
CUST_04380,248,1,252.02,0.31,18,4,Bronze,0,252.02,1
CUST_04381,348,41,84.79,0.4,95,1,Gold,0,3476.39,0
CUST_04382,273,48,93.37,0.62,15,5,Silver,1,4481.76,0
CUST_04383,43,31,12.14,0.23,59,5,Bronze,1,376.34,0
CUST_04384,41,36,167.2,0.75,94,0,Bronze,0,6019.2,0
CUST_04385,170,44,54.0,0.22,28,9,Silver,0,2376.0,0
CUST_04386,212,33,203.04,0.59,53,8,Bronze,0,6700.32,0
CUST_04387,168,33,302.91,0.7,15,0,Bronze,1,9996.03,0
CUST_04388,39,39,190.09,0.86,43,5,Bronze,0,7413.51,0
CUST_04389,245,18,355.49,0.73,33,6,Bronze,0,6398.82,0
CUST_04390,151,23,373.31,0.8,2,7,Bronze,0,8586.13,0
CUST_04391,111,23,351.34,0.91,59,1,Bronze,0,8080.82,0
CUST_04392,47,15,468.99,0.6,8,7,Gold,0,7034.85,0
CUST_04393,63,26,126.27,0.85,33,9,Bronze,0,3283.02,0
CUST_04394,225,30,102.83,0.23,35,1,Bronze,0,3084.9,0
CUST_04395,69,25,308.76,0.81,18,1,Bronze,0,7719.0,0
CUST_04396,299,45,301.49,0.22,90,8,Bronze,1,13567.05,0
CUST_04397,290,16,259.95,0.93,21,6,Silver,0,4159.2,0
CUST_04398,296,39,12.13,0.33,64,7,Bronze,0,473.07,1
CUST_04399,203,48,282.07,0.17,28,0,Bronze,0,13539.36,0
CUST_04400,61,45,467.07,0.15,84,9,Gold,0,21018.15,0
CUST_04401,318,14,173.94,0.19,45,5,Bronze,1,2435.16,1
CUST_04402,314,17,484.12,0.45,20,0,Bronze,0,8230.04,1
CUST_04403,161,12,184.81,0.52,4,4,Bronze,0,2217.72,0
CUST_04404,331,29,78.53,0.91,36,1,Bronze,0,2277.37,0
CUST_04405,16,32,205.22,0.38,98,8,Bronze,0,6567.04,0
CUST_04406,338,24,252.36,0.22,77,2,Bronze,1,6056.64,0
CUST_04407,94,13,318.44,0.74,95,9,Silver,0,4139.72,0
CUST_04408,304,20,257.39,0.13,52,6,Bronze,0,5147.8,1
CUST_04409,138,15,272.99,0.89,39,1,Gold,1,4094.85,0
CUST_04410,338,4,21.79,0.41,71,9,Gold,0,87.16,1
CUST_04411,38,34,134.27,0.61,81,3,Silver,0,4565.18,0
CUST_04412,127,28,162.24,0.19,12,9,Bronze,1,4542.72,0
CUST_04413,275,2,493.67,0.15,55,2,Bronze,0,987.34,1
CUST_04414,164,47,154.83,0.8,94,0,Bronze,0,7277.01,0
CUST_04415,319,30,449.32,0.43,48,9,Bronze,0,13479.6,1
CUST_04416,77,26,159.32,0.99,98,5,Silver,0,4142.32,0
CUST_04417,174,47,57.09,0.52,86,4,Gold,0,2683.23,0
CUST_04418,358,26,131.33,0.85,85,5,Silver,0,3414.58,0
CUST_04419,321,20,143.69,0.98,9,0,Bronze,0,2873.8,0
CUST_04420,91,42,489.34,0.28,12,7,Bronze,0,20552.28,0
CUST_04421,238,28,340.4,0.8,81,3,Bronze,0,9531.2,0
CUST_04422,264,20,466.52,0.02,80,6,Silver,0,9330.4,1
CUST_04423,179,11,419.15,0.68,69,7,Silver,0,4610.65,0
CUST_04424,209,10,293.51,0.75,83,2,Bronze,0,2935.1,0
CUST_04425,73,23,340.94,0.48,57,3,Bronze,0,7841.62,0
CUST_04426,107,37,316.17,0.16,28,8,Silver,0,11698.29,0
CUST_04427,345,41,336.47,0.62,17,8,Bronze,0,13795.27,0
CUST_04428,295,19,139.74,0.9,22,6,Gold,0,2655.06,0
CUST_04429,284,45,209.98,0.93,35,2,Silver,0,9449.1,0
CUST_04430,353,18,300.38,0.75,59,3,Bronze,0,5406.84,1
CUST_04431,182,49,27.6,0.26,79,6,Silver,0,1352.4,0
CUST_04432,37,27,246.59,0.87,19,5,Silver,0,6657.93,0
CUST_04433,137,6,431.27,0.89,50,5,Bronze,0,2587.62,0
CUST_04434,338,10,251.26,0.37,26,3,Bronze,0,2512.6,1
CUST_04435,56,2,280.64,0.18,60,9,Silver,0,561.28,0
CUST_04436,187,24,108.93,0.87,44,7,Silver,0,2614.32,0
CUST_04437,341,38,399.23,0.89,56,8,Bronze,0,15170.74,0
CUST_04438,258,28,185.85,0.1,99,9,Gold,0,5203.8,1
CUST_04439,58,28,478.73,0.97,43,6,Bronze,0,13404.44,0
CUST_04440,363,45,496.92,0.53,23,7,Bronze,1,22361.4,0
CUST_04441,123,39,458.84,0.99,74,9,Silver,0,17894.76,0
CUST_04442,188,2,51.59,0.45,22,1,Bronze,0,103.18,0
CUST_04443,230,46,173.26,0.53,47,3,Bronze,0,7969.96,0
CUST_04444,168,5,473.12,0.27,55,2,Silver,1,2365.6,0
CUST_04445,114,11,404.22,0.9,11,5,Bronze,0,4446.42,0
CUST_04446,252,10,456.48,0.44,55,1,Silver,1,4564.8,0
CUST_04447,107,43,290.55,0.81,26,6,Bronze,1,12493.65,0
CUST_04448,37,2,245.39,0.08,1,7,Bronze,0,490.78,0
CUST_04449,335,15,62.18,0.79,62,3,Bronze,1,932.7,0
CUST_04450,92,39,421.34,0.49,21,7,Bronze,1,16432.26,0
CUST_04451,18,41,375.12,0.01,8,7,Gold,0,15379.92,0
CUST_04452,354,37,38.85,0.23,20,2,Bronze,1,1437.45,0
CUST_04453,63,7,112.61,0.19,45,0,Bronze,0,788.27,0
CUST_04454,150,20,283.07,0.75,81,2,Silver,0,5661.4,0
CUST_04455,139,34,345.36,0.48,79,9,Bronze,0,11742.24,0
CUST_04456,186,35,77.46,0.16,85,0,Silver,0,2711.1,0
CUST_04457,185,34,129.96,0.26,65,1,Bronze,1,4418.64,0
CUST_04458,205,22,104.62,0.5,60,7,Bronze,0,2301.64,0
CUST_04459,260,31,117.8,0.02,67,3,Bronze,0,3651.8,1
CUST_04460,214,23,461.15,0.42,95,8,Bronze,0,10606.45,0
CUST_04461,256,19,360.75,0.68,56,6,Silver,0,6854.25,0
CUST_04462,135,4,371.18,0.52,31,2,Gold,0,1484.72,0
CUST_04463,61,24,399.06,0.6,85,0,Gold,1,9577.44,0
CUST_04464,363,20,184.72,0.33,87,0,Bronze,0,3694.4,1
CUST_04465,310,39,385.92,0.18,81,0,Bronze,0,15050.88,0
CUST_04466,88,28,489.42,0.81,22,9,Bronze,1,13703.76,0
CUST_04467,324,39,352.21,0.91,62,2,Silver,0,13736.19,0
CUST_04468,207,17,214.21,0.51,56,4,Silver,0,3641.57,0
CUST_04469,129,19,361.02,0.31,86,7,Bronze,1,6859.38,0
CUST_04470,311,48,451.39,0.51,72,7,Bronze,1,21666.72,0
CUST_04471,3,35,73.09,0.88,8,1,Silver,1,2558.15,0
CUST_04472,242,32,139.99,0.69,62,8,Bronze,0,4479.68,0
CUST_04473,121,47,460.46,0.86,78,8,Bronze,0,21641.62,0
CUST_04474,102,46,473.65,0.33,24,6,Bronze,0,21787.9,0
CUST_04475,38,47,247.23,0.71,22,9,Bronze,0,11619.81,0
CUST_04476,341,46,193.53,0.65,15,4,Bronze,0,8902.38,0
CUST_04477,133,39,148.56,0.57,84,4,Bronze,0,5793.84,0
CUST_04478,202,35,254.39,0.53,91,7,Bronze,1,8903.65,0
CUST_04479,348,30,467.92,0.55,28,7,Bronze,0,14037.6,1
CUST_04480,21,17,83.41,0.85,22,4,Gold,0,1417.97,0
CUST_04481,242,42,215.72,0.92,31,5,Bronze,0,9060.24,0
CUST_04482,109,47,456.69,0.11,73,5,Silver,0,21464.43,0
CUST_04483,303,29,181.07,0.57,62,5,Bronze,0,5251.03,0
CUST_04484,84,6,386.36,0.92,87,4,Bronze,0,2318.16,0
CUST_04485,83,17,200.74,0.13,69,8,Silver,1,3412.58,0
CUST_04486,291,17,404.41,0.41,39,0,Silver,0,6874.97,1
CUST_04487,69,14,490.69,0.09,81,9,Bronze,0,6869.66,0
CUST_04488,129,24,200.03,0.11,40,2,Bronze,1,4800.72,0
CUST_04489,196,37,424.1,0.9,69,6,Bronze,0,15691.7,0
CUST_04490,140,40,494.32,0.45,55,8,Silver,0,19772.8,0
CUST_04491,283,39,492.08,0.69,71,1,Silver,0,19191.12,0
CUST_04492,312,32,222.55,0.14,64,3,Bronze,0,7121.6,1
CUST_04493,234,36,248.02,0.02,8,7,Bronze,0,8928.72,1
CUST_04494,23,37,158.67,0.89,71,4,Gold,0,5870.79,0
CUST_04495,153,48,163.87,0.57,86,7,Bronze,1,7865.76,0
CUST_04496,277,14,251.31,0.02,44,1,Bronze,0,3518.34,1
CUST_04497,61,27,108.25,0.99,38,7,Bronze,0,2922.75,0
CUST_04498,319,19,358.45,0.49,21,5,Bronze,0,6810.55,1
CUST_04499,52,31,272.79,0.48,4,4,Bronze,0,8456.49,0
CUST_04500,344,46,450.05,0.62,32,1,Bronze,0,20702.3,0
CUST_04501,153,9,407.19,0.01,55,6,Gold,0,3664.71,1
CUST_04502,237,38,168.01,0.57,93,0,Bronze,0,6384.38,0
CUST_04503,311,17,257.84,0.63,60,5,Silver,0,4383.28,1
CUST_04504,302,19,377.75,0.3,59,2,Silver,0,7177.25,1
CUST_04505,32,44,104.67,0.73,94,5,Silver,0,4605.48,0
CUST_04506,55,4,25.48,0.38,67,0,Bronze,0,101.92,0
CUST_04507,352,48,427.63,0.72,5,0,Bronze,1,20526.24,0
CUST_04508,36,11,77.4,0.14,83,1,Bronze,0,851.4,0
CUST_04509,110,22,445.81,0.91,72,9,Bronze,1,9807.82,0
CUST_04510,177,4,457.67,0.88,37,6,Bronze,0,1830.68,0
CUST_04511,362,17,235.74,0.15,95,3,Bronze,0,4007.58,1
CUST_04512,314,8,405.32,0.94,27,3,Bronze,1,3242.56,0
CUST_04513,295,46,187.96,0.56,13,3,Bronze,0,8646.16,0
CUST_04514,336,34,430.55,0.7,6,4,Bronze,0,14638.7,0
CUST_04515,97,11,414.09,0.84,65,1,Silver,0,4554.99,0
CUST_04516,213,31,48.47,0.08,30,6,Silver,0,1502.57,1
CUST_04517,317,11,295.47,0.17,75,2,Bronze,0,3250.17,1
CUST_04518,137,38,323.6,0.29,52,2,Bronze,0,12296.8,0
CUST_04519,6,21,10.42,0.48,41,1,Silver,0,218.82,0
CUST_04520,109,46,490.16,0.35,95,5,Bronze,0,22547.36,0
CUST_04521,35,30,209.22,0.51,80,3,Bronze,0,6276.6,0
CUST_04522,39,10,263.5,0.19,15,3,Silver,0,2635.0,0
CUST_04523,150,26,105.45,0.68,5,7,Silver,0,2741.7,0
CUST_04524,118,27,309.35,0.06,15,1,Bronze,0,8352.45,0
CUST_04525,261,8,407.2,0.36,1,6,Bronze,0,3257.6,1
CUST_04526,87,39,297.09,0.18,15,1,Bronze,0,11586.51,0
CUST_04527,76,8,396.14,0.73,60,5,Bronze,0,3169.12,0
CUST_04528,313,8,368.24,0.88,48,4,Bronze,0,2945.92,0
CUST_04529,214,34,126.45,0.08,54,7,Bronze,0,4299.3,1
CUST_04530,285,16,223.55,0.79,55,5,Bronze,0,3576.8,0
CUST_04531,239,41,82.83,0.9,72,6,Bronze,0,3396.03,0
CUST_04532,165,13,30.55,0.97,86,5,Bronze,0,397.15,0
CUST_04533,87,23,40.9,0.58,27,7,Bronze,0,940.7,0
CUST_04534,141,12,471.82,0.33,98,1,Bronze,0,5661.84,0
CUST_04535,160,27,492.42,0.32,30,6,Gold,0,13295.34,0
CUST_04536,46,22,56.54,0.38,76,4,Bronze,1,1243.88,0
CUST_04537,112,32,174.24,0.61,60,8,Silver,0,5575.68,0
CUST_04538,45,49,66.07,0.49,66,8,Bronze,0,3237.43,0
CUST_04539,247,27,418.77,0.65,46,7,Gold,0,11306.79,0
CUST_04540,104,2,253.19,0.04,52,7,Bronze,0,506.38,1
CUST_04541,85,45,314.42,0.11,86,3,Bronze,0,14148.9,0
CUST_04542,134,33,274.56,0.98,81,7,Gold,0,9060.48,0
CUST_04543,108,26,358.02,1.0,35,1,Silver,1,9308.52,0
CUST_04544,18,28,166.37,0.75,42,4,Gold,0,4658.36,0
CUST_04545,94,19,77.37,0.26,56,3,Bronze,1,1470.03,0
CUST_04546,150,43,18.63,0.95,45,4,Bronze,0,801.09,0
CUST_04547,246,5,228.39,0.21,52,4,Bronze,0,1141.95,1
CUST_04548,289,33,454.84,0.73,23,4,Gold,0,15009.72,0
CUST_04549,209,20,159.58,0.12,29,6,Bronze,0,3191.6,1
CUST_04550,126,30,106.02,0.65,29,0,Bronze,0,3180.6,0
CUST_04551,235,45,463.76,0.76,57,1,Bronze,1,20869.2,0
CUST_04552,122,8,61.67,0.86,19,6,Bronze,0,493.36,0
CUST_04553,138,38,35.38,0.73,81,0,Bronze,0,1344.44,0
CUST_04554,115,17,440.91,0.92,8,8,Bronze,0,7495.47,0
CUST_04555,162,44,353.45,0.52,50,2,Bronze,0,15551.8,0
CUST_04556,201,1,216.81,0.68,7,5,Bronze,0,216.81,0
CUST_04557,234,3,378.65,0.37,11,3,Bronze,0,1135.95,1
CUST_04558,28,46,373.31,0.01,67,2,Silver,0,17172.26,0
CUST_04559,11,26,29.63,0.76,66,7,Bronze,0,770.38,0
CUST_04560,206,31,341.36,0.87,83,1,Bronze,0,10582.16,0
CUST_04561,167,8,324.03,0.17,28,2,Bronze,0,2592.24,1
CUST_04562,247,43,482.25,0.03,56,7,Silver,0,20736.75,1
CUST_04563,47,46,483.65,0.16,28,2,Bronze,0,22247.9,0
CUST_04564,246,8,195.12,0.9,89,7,Bronze,0,1560.96,0
CUST_04565,127,35,299.02,0.3,75,6,Bronze,0,10465.7,0
CUST_04566,147,39,79.27,0.23,40,1,Bronze,1,3091.53,0
CUST_04567,118,28,42.56,0.01,2,0,Bronze,0,1191.68,0
CUST_04568,152,4,222.06,0.3,76,0,Bronze,0,888.24,0
CUST_04569,72,16,348.04,0.72,61,1,Silver,0,5568.64,0
CUST_04570,363,13,288.2,0.96,76,6,Bronze,0,3746.6,1
CUST_04571,137,20,220.53,0.31,25,8,Bronze,0,4410.6,0
CUST_04572,175,5,410.88,0.24,95,6,Silver,0,2054.4,1
CUST_04573,289,37,399.27,0.89,54,2,Silver,0,14772.99,0
CUST_04574,19,20,368.65,0.85,17,7,Bronze,0,7373.0,0
CUST_04575,195,24,47.75,0.33,48,7,Bronze,1,1146.0,0
CUST_04576,330,36,400.27,0.07,12,8,Gold,1,14409.72,0
CUST_04577,175,34,460.52,0.99,61,8,Bronze,1,15657.68,0
CUST_04578,354,45,39.13,0.68,94,8,Gold,0,1760.85,0
CUST_04579,141,48,206.82,0.93,2,3,Bronze,0,9927.36,0
CUST_04580,246,34,494.29,0.34,80,9,Bronze,0,16805.86,1
CUST_04581,93,19,303.63,0.65,65,3,Bronze,1,5768.97,0
CUST_04582,239,17,261.65,0.67,52,1,Gold,0,4448.05,0
CUST_04583,205,5,96.95,0.87,34,7,Silver,0,484.75,0
CUST_04584,48,25,287.09,0.99,45,1,Bronze,0,7177.25,0
CUST_04585,245,18,225.13,0.11,1,2,Bronze,1,4052.34,0
CUST_04586,320,8,72.45,0.63,52,8,Bronze,1,579.6,0
CUST_04587,317,27,237.52,0.34,67,1,Gold,0,6413.04,1
CUST_04588,295,15,90.56,0.81,98,0,Bronze,0,1358.4,0
CUST_04589,128,45,368.03,0.75,76,4,Bronze,0,16561.35,0
CUST_04590,344,13,487.09,0.89,56,6,Gold,0,6332.17,1
CUST_04591,282,16,240.09,0.34,58,3,Bronze,0,3841.44,1
CUST_04592,17,22,319.86,0.18,91,3,Bronze,0,7036.92,0
CUST_04593,71,20,221.18,0.02,50,2,Bronze,0,4423.6,0
CUST_04594,269,13,77.84,0.26,25,5,Bronze,0,1011.92,1
CUST_04595,325,20,485.57,0.37,12,7,Bronze,0,9711.4,1
CUST_04596,282,2,73.49,0.95,97,1,Bronze,0,146.98,0
CUST_04597,305,35,64.7,0.49,73,5,Bronze,0,2264.5,0
CUST_04598,7,47,234.99,0.56,65,7,Bronze,0,11044.53,0
CUST_04599,314,19,332.85,0.88,56,0,Silver,0,6324.15,0
CUST_04600,305,45,183.91,0.89,50,3,Silver,0,8275.95,0
CUST_04601,103,37,104.33,0.53,87,0,Bronze,0,3860.21,0
CUST_04602,309,6,411.29,0.11,28,3,Bronze,1,2467.74,1
CUST_04603,193,14,187.92,0.27,3,8,Silver,0,2630.88,1
CUST_04604,241,4,105.22,0.46,38,5,Bronze,1,420.88,0
CUST_04605,62,22,188.89,0.75,64,5,Silver,0,4155.58,0
CUST_04606,17,39,115.13,0.71,54,4,Bronze,0,4490.07,0
CUST_04607,171,36,264.53,0.64,36,2,Bronze,0,9523.08,0
CUST_04608,25,34,337.46,0.88,44,1,Bronze,0,11473.64,0
CUST_04609,251,27,401.78,0.8,44,8,Bronze,0,10848.06,0
CUST_04610,253,7,121.51,0.98,69,8,Bronze,0,850.57,0
CUST_04611,207,3,91.81,0.89,93,6,Bronze,0,275.43,0
CUST_04612,29,47,19.61,0.2,53,1,Gold,0,921.67,0
CUST_04613,117,33,121.76,0.06,13,3,Silver,0,4018.08,0
CUST_04614,282,2,21.71,0.41,44,7,Silver,0,43.42,1
CUST_04615,144,42,179.28,0.62,4,9,Bronze,0,7529.76,0
CUST_04616,25,16,81.39,0.64,70,5,Bronze,0,1302.24,0
CUST_04617,310,25,294.15,0.27,51,4,Silver,0,7353.75,1
CUST_04618,156,15,198.03,0.86,70,9,Bronze,0,2970.45,0
CUST_04619,73,24,55.86,0.33,11,1,Bronze,0,1340.64,0
CUST_04620,120,15,205.93,0.92,91,0,Bronze,0,3088.95,0
CUST_04621,312,31,112.58,0.47,54,0,Bronze,0,3489.98,0
CUST_04622,321,14,343.29,0.01,62,0,Bronze,0,4806.06,1
CUST_04623,93,14,188.57,0.16,59,5,Bronze,1,2639.98,0
CUST_04624,86,6,82.04,0.1,99,3,Bronze,1,492.24,0
CUST_04625,336,14,181.3,0.04,61,8,Silver,1,2538.2,1
CUST_04626,364,17,119.95,0.71,40,8,Bronze,0,2039.15,1
CUST_04627,118,18,399.93,0.19,4,2,Silver,0,7198.74,0
CUST_04628,233,20,491.85,0.84,27,5,Bronze,0,9837.0,0
CUST_04629,199,17,22.49,0.26,16,5,Bronze,0,382.33,1
CUST_04630,206,16,348.11,0.03,82,9,Bronze,1,5569.76,0
CUST_04631,339,40,139.34,0.82,7,9,Bronze,0,5573.6,0
CUST_04632,147,39,42.54,0.47,11,0,Bronze,0,1659.06,0
CUST_04633,271,32,17.03,0.6,72,8,Bronze,0,544.96,0
CUST_04634,139,44,441.69,0.34,64,3,Bronze,0,19434.36,0
CUST_04635,181,9,183.27,0.05,52,5,Gold,0,1649.43,1
CUST_04636,30,27,497.33,0.37,6,9,Bronze,0,13427.91,0
CUST_04637,57,46,226.76,0.52,48,7,Bronze,0,10430.96,0
CUST_04638,232,33,101.92,0.01,69,0,Bronze,1,3363.36,0
CUST_04639,146,10,390.8,0.57,6,7,Bronze,0,3908.0,0
CUST_04640,48,17,463.98,0.89,61,5,Bronze,0,7887.66,0
CUST_04641,194,49,409.65,0.22,66,0,Gold,1,20072.85,0
CUST_04642,224,49,375.15,0.93,95,8,Bronze,0,18382.35,0
CUST_04643,136,36,174.0,0.1,96,8,Silver,0,6264.0,0
CUST_04644,22,17,41.6,0.83,73,9,Bronze,1,707.2,0
CUST_04645,6,18,108.64,0.84,79,7,Bronze,0,1955.52,0
CUST_04646,204,23,228.94,0.26,85,6,Silver,1,5265.62,0
CUST_04647,239,34,478.54,0.96,53,0,Bronze,0,16270.36,0
CUST_04648,185,8,364.2,0.42,28,0,Silver,0,2913.6,0
CUST_04649,360,13,415.86,0.14,91,7,Bronze,1,5406.18,1
CUST_04650,292,23,145.87,0.59,5,9,Bronze,0,3355.01,1
CUST_04651,335,20,345.07,1.0,81,7,Bronze,0,6901.4,0
CUST_04652,220,22,432.59,0.9,58,0,Silver,0,9516.98,0
CUST_04653,116,47,244.91,0.28,24,7,Gold,0,11510.77,0
CUST_04654,313,23,220.65,0.58,31,7,Silver,0,5074.95,1
CUST_04655,49,41,362.51,0.12,99,9,Bronze,0,14862.91,0
CUST_04656,173,35,284.36,0.46,41,9,Bronze,0,9952.6,0
CUST_04657,82,3,496.65,0.52,68,2,Bronze,0,1489.95,0
CUST_04658,322,34,218.3,0.32,84,0,Bronze,0,7422.2,0
CUST_04659,333,33,96.21,0.48,81,2,Bronze,0,3174.93,0
CUST_04660,45,46,241.25,0.92,46,7,Bronze,0,11097.5,0
CUST_04661,335,17,125.25,0.5,10,7,Bronze,0,2129.25,1
CUST_04662,20,45,285.01,0.83,37,6,Silver,0,12825.45,0
CUST_04663,221,19,71.64,0.32,21,1,Silver,0,1361.16,0
CUST_04664,123,30,475.49,0.97,21,4,Silver,0,14264.7,0
CUST_04665,234,23,431.31,0.09,80,9,Bronze,0,9920.13,1
CUST_04666,221,15,86.23,0.59,97,7,Bronze,0,1293.45,0
CUST_04667,323,14,94.47,0.79,10,2,Bronze,0,1322.58,0
CUST_04668,339,2,261.09,0.81,82,5,Bronze,1,522.18,0
CUST_04669,3,39,388.71,0.2,97,1,Silver,0,15159.69,0
CUST_04670,182,49,117.35,0.4,93,7,Silver,0,5750.15,0
CUST_04671,206,18,39.88,0.62,95,8,Gold,1,717.84,0
CUST_04672,320,6,277.31,0.32,24,0,Bronze,0,1663.86,1
CUST_04673,40,32,348.88,0.66,12,3,Bronze,0,11164.16,0
CUST_04674,59,21,129.74,0.38,20,5,Bronze,1,2724.54,0
CUST_04675,62,40,372.49,0.35,70,1,Silver,1,14899.6,0
CUST_04676,132,28,475.82,0.11,8,5,Bronze,0,13322.96,0
CUST_04677,60,27,77.17,0.04,78,6,Bronze,0,2083.59,0
CUST_04678,331,2,260.4,0.84,5,5,Bronze,0,520.8,1
CUST_04679,122,33,37.85,0.49,54,9,Bronze,0,1249.05,0
CUST_04680,107,16,111.26,0.56,36,9,Silver,0,1780.16,0
CUST_04681,96,39,54.01,0.37,38,7,Bronze,0,2106.39,0
CUST_04682,347,22,207.96,0.14,3,4,Bronze,0,4575.12,1
CUST_04683,235,43,412.21,0.45,36,2,Silver,0,17725.03,0
CUST_04684,62,47,292.79,0.23,22,1,Bronze,0,13761.13,0
CUST_04685,256,13,119.07,0.84,8,1,Silver,0,1547.91,0
CUST_04686,49,2,29.65,0.99,61,1,Silver,0,59.3,0
CUST_04687,348,14,281.17,0.89,78,9,Bronze,0,3936.38,1
CUST_04688,159,38,75.07,0.53,7,4,Bronze,1,2852.66,0
CUST_04689,124,41,177.94,0.63,68,9,Silver,0,7295.54,0
CUST_04690,317,28,259.99,0.95,62,3,Bronze,0,7279.72,0
CUST_04691,207,7,452.83,0.54,19,1,Bronze,0,3169.81,0
CUST_04692,48,18,50.09,0.64,47,4,Silver,0,901.62,0
CUST_04693,136,41,337.62,0.63,24,6,Bronze,0,13842.42,0
CUST_04694,201,36,16.9,0.71,80,4,Bronze,0,608.4,0
CUST_04695,250,41,318.66,0.64,6,7,Silver,0,13065.06,0
CUST_04696,314,36,280.25,0.67,8,5,Gold,0,10089.0,0
CUST_04697,357,44,407.81,0.73,25,8,Bronze,0,17943.64,0
CUST_04698,318,4,270.51,0.81,96,9,Silver,1,1082.04,0
CUST_04699,295,30,182.78,0.4,89,4,Bronze,0,5483.4,1
CUST_04700,314,24,128.95,0.75,74,7,Bronze,0,3094.8,0
CUST_04701,209,20,51.77,0.1,41,5,Bronze,0,1035.4,1
CUST_04702,355,46,271.96,0.88,58,6,Bronze,1,12510.16,0
CUST_04703,211,31,445.28,0.29,81,7,Bronze,1,13803.68,0
CUST_04704,192,24,262.22,0.4,60,3,Bronze,0,6293.28,0
CUST_04705,44,7,372.16,0.8,3,3,Bronze,0,2605.12,0
CUST_04706,29,26,156.23,0.64,9,5,Silver,0,4061.98,0
CUST_04707,59,13,229.58,0.31,52,1,Bronze,0,2984.54,0
CUST_04708,71,8,169.06,0.23,58,8,Silver,0,1352.48,0
CUST_04709,92,5,63.54,0.96,60,7,Bronze,1,317.7,0
CUST_04710,265,44,214.32,0.09,82,1,Silver,0,9430.08,0
CUST_04711,220,13,384.5,0.0,49,0,Bronze,0,4998.5,1
CUST_04712,215,29,203.54,0.67,94,9,Bronze,0,5902.66,0
CUST_04713,277,20,328.59,0.61,5,3,Bronze,0,6571.8,0
CUST_04714,64,14,381.72,0.74,62,3,Bronze,0,5344.08,0
CUST_04715,346,32,168.14,0.73,32,1,Gold,0,5380.48,0
CUST_04716,292,27,400.78,0.86,27,4,Bronze,1,10821.06,0
CUST_04717,245,25,176.07,0.92,85,2,Bronze,1,4401.75,0
CUST_04718,62,4,135.49,0.78,24,2,Bronze,0,541.96,0
CUST_04719,332,21,119.0,0.23,38,9,Bronze,0,2499.0,1
CUST_04720,170,18,107.95,0.46,67,2,Bronze,0,1943.1,0
CUST_04721,269,39,371.19,0.64,16,3,Gold,0,14476.41,0
CUST_04722,267,15,444.88,0.54,15,4,Bronze,0,6673.2,1
CUST_04723,54,38,123.02,0.16,25,3,Bronze,0,4674.76,0
CUST_04724,16,48,51.77,0.59,72,8,Bronze,0,2484.96,0
CUST_04725,8,24,163.75,0.89,4,3,Bronze,1,3930.0,0
CUST_04726,104,8,332.35,0.42,32,6,Bronze,0,2658.8,0
CUST_04727,59,28,190.57,0.67,45,9,Silver,0,5335.96,0
CUST_04728,313,21,279.1,0.62,56,4,Bronze,0,5861.1,1
CUST_04729,40,16,374.71,0.38,35,9,Bronze,0,5995.36,0
CUST_04730,237,16,210.15,0.57,53,8,Bronze,0,3362.4,1
CUST_04731,94,35,499.85,0.21,30,8,Silver,0,17494.75,0
CUST_04732,222,17,156.0,0.55,49,7,Bronze,0,2652.0,0
CUST_04733,204,9,489.34,0.8,94,5,Gold,0,4404.06,0
CUST_04734,138,35,109.48,0.76,81,5,Bronze,0,3831.8,0
CUST_04735,300,29,64.36,0.36,83,1,Bronze,0,1866.44,0
CUST_04736,207,39,377.91,0.11,52,6,Bronze,0,14738.49,0
CUST_04737,336,18,354.13,0.8,95,8,Bronze,0,6374.34,1
CUST_04738,81,12,407.47,0.27,81,8,Bronze,0,4889.64,0
CUST_04739,218,19,178.36,0.05,2,1,Bronze,1,3388.84,0
CUST_04740,2,48,466.1,0.45,59,8,Bronze,0,22372.8,0
CUST_04741,178,22,68.55,0.74,37,6,Bronze,1,1508.1,0
CUST_04742,346,49,24.84,0.81,29,4,Bronze,0,1217.16,0
CUST_04743,279,15,157.28,0.98,30,4,Bronze,0,2359.2,0
CUST_04744,146,1,400.69,0.19,22,5,Bronze,0,400.69,1
CUST_04745,318,2,339.76,0.29,75,7,Bronze,0,679.52,1
CUST_04746,224,8,223.74,0.61,97,1,Silver,1,1789.92,0
CUST_04747,62,22,135.56,0.81,19,2,Bronze,0,2982.32,0
CUST_04748,294,25,39.04,0.23,67,9,Bronze,0,976.0,1
CUST_04749,239,2,175.38,0.41,86,6,Silver,0,350.76,1
CUST_04750,195,9,235.41,0.41,18,2,Bronze,1,2118.69,0
CUST_04751,166,9,346.64,0.77,94,0,Gold,0,3119.76,0
CUST_04752,222,13,326.53,0.24,65,5,Bronze,0,4244.89,1
CUST_04753,61,6,474.2,0.97,84,6,Bronze,0,2845.2,0
CUST_04754,129,30,59.19,0.51,5,8,Bronze,0,1775.7,0
CUST_04755,173,15,174.81,0.28,76,0,Bronze,1,2622.15,0
CUST_04756,156,15,245.97,0.28,11,8,Bronze,0,3689.55,0
CUST_04757,110,7,338.64,0.02,88,9,Bronze,1,2370.48,0
CUST_04758,269,11,252.77,0.69,58,6,Bronze,0,2780.47,1
CUST_04759,356,40,457.25,0.78,18,7,Bronze,0,18290.0,0
CUST_04760,278,38,308.25,0.03,72,2,Silver,0,11713.5,1
CUST_04761,74,40,29.44,0.59,93,4,Bronze,0,1177.6,0
CUST_04762,207,2,65.69,0.78,56,2,Bronze,0,131.38,0
CUST_04763,279,48,379.21,0.38,22,6,Bronze,0,18202.08,0
CUST_04764,326,39,360.74,0.43,56,1,Bronze,0,14068.86,0
CUST_04765,340,10,85.21,0.36,66,5,Bronze,0,852.1,1
CUST_04766,357,44,38.87,0.32,23,9,Silver,0,1710.28,1
CUST_04767,340,17,293.57,0.49,16,1,Gold,0,4990.69,1
CUST_04768,204,7,321.51,0.17,44,8,Gold,1,2250.57,0
CUST_04769,161,40,76.3,0.44,72,5,Bronze,0,3052.0,0
CUST_04770,28,39,242.07,0.94,68,4,Bronze,0,9440.73,0
CUST_04771,257,4,159.86,0.03,14,5,Bronze,0,639.44,1
CUST_04772,165,35,466.34,0.16,9,5,Bronze,1,16321.9,0
CUST_04773,63,47,117.41,0.78,75,5,Silver,0,5518.27,0
CUST_04774,22,36,369.3,0.13,16,9,Bronze,0,13294.8,0
CUST_04775,70,31,263.89,0.27,13,5,Bronze,0,8180.59,0
CUST_04776,96,25,15.65,0.45,36,8,Bronze,0,391.25,0
CUST_04777,163,41,263.33,0.94,44,6,Bronze,0,10796.53,0
CUST_04778,79,13,58.74,0.18,81,0,Bronze,0,763.62,0
CUST_04779,5,18,332.94,0.92,14,9,Bronze,0,5992.92,0
CUST_04780,316,21,287.11,0.72,93,8,Bronze,0,6029.31,1
CUST_04781,120,48,15.11,0.67,17,5,Bronze,0,725.28,0
CUST_04782,302,1,110.3,0.72,65,9,Bronze,0,110.3,1
CUST_04783,178,36,390.35,0.03,84,7,Bronze,1,14052.6,0
CUST_04784,176,8,145.13,0.1,97,2,Bronze,0,1161.04,1
CUST_04785,217,48,254.65,0.33,54,2,Bronze,0,12223.2,0
CUST_04786,56,21,162.88,0.07,2,8,Silver,0,3420.48,0
CUST_04787,187,43,461.55,0.99,17,8,Bronze,0,19846.65,0
CUST_04788,232,21,272.92,0.58,23,4,Bronze,0,5731.32,0
CUST_04789,255,27,351.13,0.49,86,4,Bronze,0,9480.51,0
CUST_04790,104,19,50.9,0.79,1,2,Bronze,1,967.1,0
CUST_04791,77,23,29.76,0.98,12,6,Bronze,0,684.48,0
CUST_04792,230,43,137.02,0.96,13,6,Bronze,0,5891.86,0
CUST_04793,258,35,161.48,0.79,78,2,Gold,0,5651.8,0
CUST_04794,264,40,346.96,0.38,74,7,Bronze,0,13878.4,0
CUST_04795,331,42,288.87,0.07,12,5,Silver,0,12132.54,1
CUST_04796,182,48,193.54,0.1,57,2,Gold,0,9289.92,0
CUST_04797,256,5,330.52,0.0,86,5,Bronze,0,1652.6,1
CUST_04798,38,41,90.15,0.0,18,0,Bronze,0,3696.15,0
CUST_04799,176,8,41.11,0.94,83,5,Bronze,0,328.88,0
CUST_04800,27,11,428.71,0.93,94,6,Bronze,0,4715.81,0
CUST_04801,276,16,286.33,0.67,15,3,Gold,1,4581.28,0
CUST_04802,140,39,328.06,0.73,39,3,Silver,0,12794.34,0
CUST_04803,299,47,160.55,0.51,78,2,Silver,0,7545.85,0
CUST_04804,287,24,192.26,0.24,73,4,Bronze,0,4614.24,1
CUST_04805,91,21,50.36,0.91,69,0,Bronze,0,1057.56,0
CUST_04806,61,23,429.92,0.28,33,5,Silver,1,9888.16,0
CUST_04807,347,49,300.3,0.74,48,1,Bronze,0,14714.7,0
CUST_04808,163,38,50.98,0.25,5,3,Bronze,0,1937.24,0
CUST_04809,351,47,404.22,0.87,88,5,Silver,0,18998.34,0
CUST_04810,143,8,227.62,0.65,8,5,Bronze,0,1820.96,0
CUST_04811,253,7,384.9,0.64,19,9,Silver,0,2694.3,1
CUST_04812,269,2,16.18,0.1,52,6,Bronze,0,32.36,1
CUST_04813,291,30,24.08,0.42,12,0,Silver,1,722.4,0
CUST_04814,187,13,93.68,0.52,72,5,Bronze,0,1217.84,0
CUST_04815,304,23,113.35,0.29,8,8,Bronze,0,2607.05,1
CUST_04816,291,29,384.34,0.88,55,7,Silver,0,11145.86,0
CUST_04817,86,38,356.28,0.84,84,7,Gold,0,13538.64,0
CUST_04818,166,37,311.88,0.49,93,5,Bronze,1,11539.56,0
CUST_04819,114,20,443.58,0.34,34,3,Bronze,1,8871.6,0
CUST_04820,356,33,131.1,0.8,82,0,Gold,0,4326.3,0
CUST_04821,183,29,453.16,0.2,65,4,Bronze,0,13141.64,0
CUST_04822,207,15,455.64,0.07,75,4,Bronze,0,6834.6,1
CUST_04823,256,23,222.79,0.05,47,6,Bronze,0,5124.17,1
CUST_04824,235,42,56.25,0.04,35,0,Bronze,0,2362.5,0
CUST_04825,355,3,366.01,0.49,32,5,Bronze,0,1098.03,1
CUST_04826,3,37,175.1,0.26,51,6,Bronze,1,6478.7,0
CUST_04827,208,29,399.52,0.69,80,0,Bronze,0,11586.08,0
CUST_04828,197,45,90.21,0.65,6,2,Silver,0,4059.45,0
CUST_04829,341,8,274.36,0.54,9,9,Gold,1,2194.88,0
CUST_04830,125,22,258.96,0.35,40,8,Silver,1,5697.12,0
CUST_04831,138,29,59.15,0.85,86,7,Bronze,0,1715.35,0
CUST_04832,339,2,188.03,0.71,48,9,Bronze,0,376.06,1
CUST_04833,25,41,51.53,0.27,72,5,Bronze,0,2112.73,0
CUST_04834,68,49,237.72,0.5,96,7,Bronze,0,11648.28,0
CUST_04835,61,45,423.02,0.16,26,1,Gold,0,19035.9,0
CUST_04836,29,1,142.4,0.33,82,6,Silver,1,142.4,0
CUST_04837,19,44,384.78,1.0,37,1,Bronze,0,16930.32,0
CUST_04838,171,20,99.88,0.22,52,2,Silver,0,1997.6,0
CUST_04839,74,21,340.13,0.7,12,1,Bronze,0,7142.73,0
CUST_04840,61,37,458.61,0.24,38,4,Bronze,0,16968.57,0
CUST_04841,153,8,168.72,0.94,98,9,Bronze,0,1349.76,0
CUST_04842,276,27,451.2,0.31,68,4,Silver,0,12182.4,1
CUST_04843,48,47,257.66,0.35,16,5,Bronze,0,12110.02,0
CUST_04844,211,35,165.23,0.59,61,5,Bronze,0,5783.05,0
CUST_04845,343,6,449.29,0.59,24,6,Bronze,0,2695.74,1
CUST_04846,139,45,25.7,0.58,78,7,Gold,0,1156.5,0
CUST_04847,110,44,23.73,0.57,17,3,Bronze,0,1044.12,0
CUST_04848,183,19,303.92,0.31,95,8,Bronze,0,5774.48,1
CUST_04849,28,18,400.41,0.43,4,2,Bronze,0,7207.38,0
CUST_04850,197,1,378.26,0.59,50,4,Bronze,0,378.26,0
CUST_04851,191,25,48.94,0.67,98,2,Silver,0,1223.5,0
CUST_04852,315,27,475.62,0.25,3,1,Bronze,0,12841.74,1
CUST_04853,51,7,354.5,0.7,8,4,Bronze,0,2481.5,0
CUST_04854,149,44,475.06,0.92,12,8,Bronze,1,20902.64,0
CUST_04855,268,42,171.26,0.76,35,5,Bronze,0,7192.92,0
CUST_04856,50,29,350.03,0.08,66,3,Silver,0,10150.87,0
CUST_04857,246,31,431.37,0.47,53,6,Gold,0,13372.47,0
CUST_04858,113,44,196.43,0.44,93,9,Bronze,0,8642.92,0
CUST_04859,170,43,482.78,0.34,87,4,Bronze,0,20759.54,0
CUST_04860,166,36,139.85,0.49,33,6,Bronze,0,5034.6,0
CUST_04861,14,19,164.65,0.44,18,1,Bronze,0,3128.35,0
CUST_04862,203,6,460.96,0.01,58,1,Bronze,0,2765.76,1
CUST_04863,288,25,485.13,0.24,86,8,Bronze,0,12128.25,1
CUST_04864,189,31,149.75,0.21,78,3,Bronze,0,4642.25,0
CUST_04865,155,9,76.83,0.35,93,0,Bronze,0,691.47,0
CUST_04866,55,20,381.94,0.17,45,8,Bronze,0,7638.8,0
CUST_04867,182,10,465.54,0.07,15,0,Bronze,0,4655.4,1
CUST_04868,210,37,304.35,0.2,15,1,Bronze,0,11260.95,0
CUST_04869,75,27,320.91,0.85,45,8,Gold,0,8664.57,0
CUST_04870,277,13,383.84,0.8,68,2,Bronze,0,4989.92,0
CUST_04871,133,41,85.01,0.44,69,0,Bronze,0,3485.41,0
CUST_04872,343,2,487.0,0.88,67,2,Bronze,0,974.0,1
CUST_04873,59,21,188.52,0.23,76,8,Bronze,1,3958.92,0
CUST_04874,345,33,317.84,0.58,62,1,Bronze,1,10488.72,0
CUST_04875,182,24,239.62,0.14,84,4,Gold,0,5750.88,0
CUST_04876,339,44,239.41,0.83,44,0,Bronze,0,10534.04,0
CUST_04877,321,42,354.34,0.13,20,9,Gold,1,14882.28,0
CUST_04878,64,34,497.38,0.03,39,0,Bronze,0,16910.92,0
CUST_04879,327,9,332.94,0.27,39,6,Bronze,0,2996.46,1
CUST_04880,260,2,399.09,0.9,1,9,Gold,0,798.18,1
CUST_04881,193,30,23.53,0.13,67,9,Bronze,0,705.9,1
CUST_04882,143,22,407.11,0.33,47,2,Bronze,0,8956.42,0
CUST_04883,104,46,156.99,0.32,73,0,Gold,0,7221.54,0
CUST_04884,214,11,72.08,0.8,54,0,Silver,0,792.88,0
CUST_04885,242,43,65.53,0.42,20,4,Bronze,0,2817.79,0
CUST_04886,209,17,343.14,0.61,9,2,Bronze,0,5833.38,0
CUST_04887,93,36,498.83,0.4,95,3,Bronze,0,17957.88,0
CUST_04888,142,13,336.44,0.55,28,5,Bronze,0,4373.72,0
CUST_04889,112,7,138.55,0.06,64,1,Gold,0,969.85,0
CUST_04890,59,16,109.62,0.37,35,6,Silver,0,1753.92,0
CUST_04891,43,33,267.72,0.86,40,4,Silver,1,8834.76,0
CUST_04892,207,45,41.87,0.69,2,7,Gold,1,1884.15,0
CUST_04893,268,1,205.67,0.98,3,3,Bronze,0,205.67,0
CUST_04894,296,11,336.46,0.79,14,7,Bronze,0,3701.06,1
CUST_04895,118,6,484.15,0.45,81,3,Bronze,0,2904.9,0
CUST_04896,20,20,218.57,0.68,99,4,Bronze,0,4371.4,0
CUST_04897,222,35,108.11,0.78,68,2,Bronze,0,3783.85,0
CUST_04898,166,44,410.51,0.27,47,3,Bronze,0,18062.44,0
CUST_04899,131,37,374.66,0.06,94,8,Bronze,0,13862.42,0
CUST_04900,156,41,431.25,0.41,54,4,Silver,1,17681.25,0
CUST_04901,184,26,115.21,0.14,58,3,Bronze,0,2995.46,0
CUST_04902,90,12,208.37,0.28,62,3,Bronze,0,2500.44,0
CUST_04903,94,30,490.96,0.95,51,6,Bronze,0,14728.8,0
CUST_04904,13,28,87.44,0.85,78,1,Bronze,0,2448.32,0
CUST_04905,322,27,339.01,0.59,48,3,Silver,0,9153.27,0
CUST_04906,293,42,126.22,0.4,27,2,Bronze,0,5301.24,0
CUST_04907,230,19,255.08,0.26,77,6,Silver,0,4846.52,1
CUST_04908,322,5,402.25,0.57,55,3,Bronze,0,2011.25,1
CUST_04909,292,5,249.41,0.53,84,7,Bronze,0,1247.05,1
CUST_04910,26,41,404.69,0.78,49,4,Bronze,0,16592.29,0
CUST_04911,75,27,218.9,0.93,24,8,Bronze,0,5910.3,0
CUST_04912,364,28,499.68,0.33,10,8,Bronze,0,13991.04,1
CUST_04913,299,26,223.56,0.21,7,2,Bronze,0,5812.56,1
CUST_04914,150,27,83.2,0.4,17,8,Bronze,0,2246.4,0
CUST_04915,148,49,206.92,0.44,22,3,Bronze,0,10139.08,0
CUST_04916,8,42,373.87,0.04,59,8,Silver,0,15702.54,0
CUST_04917,29,21,425.49,0.86,44,1,Bronze,0,8935.29,0
CUST_04918,296,1,235.45,1.0,11,4,Gold,0,235.45,0
CUST_04919,209,28,301.29,0.92,42,5,Bronze,0,8436.12,0
CUST_04920,128,48,424.0,0.86,23,2,Bronze,0,20352.0,0
CUST_04921,340,15,408.64,0.99,60,1,Bronze,0,6129.6,0
CUST_04922,116,17,332.28,0.91,86,0,Bronze,0,5648.76,0
CUST_04923,144,26,409.36,0.69,62,6,Bronze,0,10643.36,0
CUST_04924,318,20,292.2,0.17,54,3,Bronze,0,5844.0,1
CUST_04925,235,25,12.28,0.16,82,7,Bronze,0,307.0,1
CUST_04926,7,13,30.22,0.05,90,7,Bronze,0,392.86,0
CUST_04927,45,33,490.11,0.41,94,7,Bronze,1,16173.63,0
CUST_04928,239,25,81.05,0.81,13,1,Bronze,0,2026.25,0
CUST_04929,155,8,208.21,0.49,68,4,Bronze,0,1665.68,0
CUST_04930,181,5,467.57,0.37,27,7,Bronze,0,2337.85,1
CUST_04931,215,6,105.57,0.11,40,9,Bronze,0,633.42,1
CUST_04932,88,23,423.46,0.05,74,1,Gold,0,9739.58,0
CUST_04933,256,30,410.95,0.4,92,1,Bronze,1,12328.5,0
CUST_04934,73,14,493.3,0.1,85,0,Silver,0,6906.2,0
CUST_04935,179,23,148.02,0.1,75,5,Bronze,0,3404.46,1
CUST_04936,212,11,164.51,0.4,84,4,Bronze,1,1809.61,0
CUST_04937,293,31,452.41,0.5,83,0,Gold,0,14024.71,0
CUST_04938,234,6,124.7,0.19,10,7,Silver,0,748.2,1
CUST_04939,239,11,278.47,0.68,15,7,Bronze,0,3063.17,0
CUST_04940,223,13,356.6,0.42,45,4,Bronze,0,4635.8,0
CUST_04941,119,12,143.22,0.09,53,2,Bronze,1,1718.64,0
CUST_04942,313,2,469.82,0.64,82,7,Bronze,0,939.64,1
CUST_04943,264,35,336.19,0.36,7,2,Bronze,1,11766.65,0
CUST_04944,207,36,33.1,0.05,30,3,Silver,0,1191.6,0
CUST_04945,95,17,76.51,0.95,78,6,Silver,0,1300.67,0
CUST_04946,222,28,103.48,0.57,30,6,Silver,0,2897.44,0
CUST_04947,276,28,130.03,0.48,27,3,Bronze,0,3640.84,0
CUST_04948,231,22,368.03,0.86,49,8,Bronze,0,8096.66,0
CUST_04949,309,38,53.58,0.94,57,5,Bronze,1,2036.04,0
CUST_04950,119,7,181.79,0.22,64,7,Bronze,0,1272.53,1
CUST_04951,268,15,456.58,0.81,63,6,Bronze,0,6848.7,0
CUST_04952,273,32,282.77,0.83,48,3,Bronze,1,9048.64,0
CUST_04953,64,11,140.09,0.05,41,1,Bronze,0,1540.99,0
CUST_04954,298,24,478.96,0.71,81,1,Silver,0,11495.04,0
CUST_04955,350,3,129.71,0.06,30,7,Silver,0,389.13,1
CUST_04956,11,30,453.5,0.59,82,7,Silver,1,13605.0,0
CUST_04957,98,6,365.63,0.67,3,0,Gold,0,2193.78,0
CUST_04958,71,2,372.86,0.37,92,0,Silver,0,745.72,0
CUST_04959,364,14,384.82,0.88,37,3,Bronze,0,5387.48,1
CUST_04960,58,41,258.22,0.8,30,0,Bronze,0,10587.02,0
CUST_04961,290,18,409.14,0.93,54,9,Bronze,1,7364.52,0
CUST_04962,251,44,419.73,0.31,85,0,Bronze,0,18468.12,0
CUST_04963,276,31,186.64,0.02,84,9,Silver,0,5785.84,1
CUST_04964,50,13,206.17,0.81,86,4,Bronze,0,2680.21,0
CUST_04965,358,26,445.49,0.22,85,0,Bronze,0,11582.74,1
CUST_04966,216,44,267.12,0.47,88,9,Bronze,0,11753.28,0
CUST_04967,52,12,434.8,0.82,85,5,Bronze,0,5217.6,0
CUST_04968,271,18,317.12,0.22,7,3,Bronze,0,5708.16,1
CUST_04969,84,9,300.85,0.31,8,9,Gold,0,2707.65,0
CUST_04970,293,49,25.18,0.44,86,4,Bronze,0,1233.82,0
CUST_04971,126,21,146.17,0.27,86,8,Bronze,0,3069.57,0
CUST_04972,296,48,256.01,0.46,63,1,Bronze,1,12288.48,0
CUST_04973,72,49,297.79,0.01,63,2,Bronze,0,14591.71,0
CUST_04974,296,40,318.91,0.21,64,2,Bronze,0,12756.4,0
CUST_04975,236,43,360.95,0.83,30,8,Bronze,0,15520.85,0
CUST_04976,56,24,331.55,0.41,98,2,Bronze,0,7957.2,0
CUST_04977,360,34,425.8,0.64,93,9,Bronze,0,14477.2,1
CUST_04978,110,8,154.78,0.23,10,4,Bronze,0,1238.24,0
CUST_04979,192,44,324.37,0.65,69,5,Bronze,0,14272.28,0
CUST_04980,93,33,35.07,1.0,49,5,Silver,0,1157.31,0
CUST_04981,350,23,245.29,0.6,39,5,Bronze,0,5641.67,1
CUST_04982,56,13,141.34,0.63,34,0,Silver,0,1837.42,0
CUST_04983,60,49,196.63,0.11,10,5,Gold,0,9634.87,0
CUST_04984,138,14,183.78,0.4,9,0,Bronze,0,2572.92,0
CUST_04985,39,14,39.61,0.86,60,5,Silver,0,554.54,0
CUST_04986,28,16,238.66,0.83,96,9,Bronze,0,3818.56,0
CUST_04987,49,49,497.37,0.52,5,5,Bronze,0,24371.13,0
CUST_04988,125,38,156.48,0.9,35,2,Bronze,0,5946.24,0
CUST_04989,13,39,370.71,0.14,11,2,Bronze,0,14457.69,0
CUST_04990,36,26,278.42,0.66,42,5,Bronze,0,7238.92,0
CUST_04991,101,26,169.36,0.25,80,1,Bronze,0,4403.36,0
CUST_04992,282,1,53.91,0.65,91,4,Bronze,0,53.91,1
CUST_04993,86,32,115.77,0.09,20,9,Silver,0,3704.64,0
CUST_04994,4,15,393.11,0.94,51,2,Bronze,0,5896.65,0
CUST_04995,223,21,146.72,0.79,1,4,Bronze,0,3081.12,0
CUST_04996,338,18,80.71,0.2,90,2,Silver,0,1452.78,1
CUST_04997,166,30,172.34,0.64,11,1,Bronze,0,5170.2,0
CUST_04998,344,13,296.18,0.76,61,3,Bronze,0,3850.34,1
CUST_04999,278,24,354.7,0.21,79,4,Bronze,0,8512.8,1
CUST_05000,130,30,199.81,0.09,39,5,Bronze,0,5994.3,0
CUST_05001,31,2,254.09,0.35,48,1,Bronze,0,508.18,0
CUST_05002,11,19,232.91,0.14,82,2,Gold,0,4425.29,0
CUST_05003,302,47,14.41,0.57,88,2,Bronze,0,677.27,0
CUST_05004,96,44,203.84,0.42,28,5,Silver,0,8968.96,0
CUST_05005,190,47,297.79,0.46,89,0,Silver,0,13996.13,0
CUST_05006,192,25,289.27,0.54,87,6,Bronze,1,7231.75,0
CUST_05007,266,14,377.39,0.98,75,7,Bronze,1,5283.46,0
CUST_05008,128,6,338.48,0.79,97,6,Gold,1,2030.88,0
CUST_05009,238,12,145.64,0.63,80,3,Bronze,0,1747.68,0
CUST_05010,355,20,135.27,0.36,36,6,Silver,0,2705.4,1
CUST_05011,112,23,237.43,0.03,87,0,Bronze,1,5460.89,0
CUST_05012,316,30,369.16,0.12,70,7,Silver,0,11074.8,1
CUST_05013,343,30,55.98,0.73,62,9,Bronze,0,1679.4,1
CUST_05014,145,38,474.68,0.37,88,9,Silver,0,18037.84,0
CUST_05015,65,30,276.15,0.33,70,2,Bronze,1,8284.5,0
CUST_05016,247,41,160.14,0.89,10,8,Bronze,1,6565.74,0
CUST_05017,223,30,349.76,0.48,86,0,Bronze,0,10492.8,0
CUST_05018,313,36,31.92,0.9,87,5,Bronze,0,1149.12,0
CUST_05019,106,49,247.35,0.89,5,0,Bronze,1,12120.15,0
CUST_05020,181,34,248.13,0.08,28,7,Bronze,1,8436.42,0
CUST_05021,184,16,89.37,0.95,59,2,Silver,0,1429.92,0
CUST_05022,226,24,420.32,0.08,9,3,Bronze,0,10087.68,1
CUST_05023,265,14,400.44,0.96,39,5,Bronze,0,5606.16,0
CUST_05024,278,26,84.84,0.45,92,3,Bronze,0,2205.84,0
CUST_05025,89,8,188.28,0.76,62,7,Gold,0,1506.24,0
CUST_05026,176,14,59.21,0.71,89,8,Bronze,0,828.94,0
CUST_05027,18,31,425.82,0.52,38,4,Bronze,1,13200.42,0
CUST_05028,106,2,168.43,0.62,91,0,Bronze,0,336.86,0
CUST_05029,271,48,225.26,0.95,24,7,Silver,0,10812.48,0
CUST_05030,319,4,168.7,0.93,64,1,Bronze,0,674.8,0
CUST_05031,167,1,161.91,0.65,43,5,Bronze,0,161.91,0
CUST_05032,13,20,376.18,0.66,16,5,Gold,0,7523.6,0
CUST_05033,337,14,376.31,0.25,66,6,Bronze,0,5268.34,1
CUST_05034,32,40,263.72,0.83,66,8,Silver,0,10548.8,0
CUST_05035,40,25,332.23,0.63,69,0,Bronze,0,8305.75,0
CUST_05036,148,25,260.71,0.83,46,9,Bronze,0,6517.75,0
CUST_05037,218,3,24.01,0.66,21,7,Bronze,0,72.03,1
CUST_05038,219,5,42.34,0.3,60,4,Silver,0,211.7,1
CUST_05039,82,38,198.03,0.19,10,5,Bronze,0,7525.14,0
CUST_05040,333,26,377.38,0.08,18,7,Bronze,0,9811.88,1
CUST_05041,208,40,457.48,0.59,90,7,Bronze,1,18299.2,0
CUST_05042,201,38,24.56,0.28,84,6,Bronze,0,933.28,0
CUST_05043,332,38,190.33,0.63,41,6,Bronze,1,7232.54,0
CUST_05044,38,4,119.65,0.06,36,0,Gold,0,478.6,0
CUST_05045,211,7,409.45,0.38,85,7,Bronze,0,2866.15,1
CUST_05046,327,30,424.52,0.26,66,2,Bronze,0,12735.6,1
CUST_05047,249,30,111.14,0.37,46,4,Bronze,0,3334.2,0
CUST_05048,227,19,358.31,0.05,97,3,Bronze,0,6807.89,1
CUST_05049,48,39,368.56,0.72,23,9,Gold,0,14373.84,0
CUST_05050,18,35,96.76,0.12,39,2,Bronze,0,3386.6,0
CUST_05051,295,40,222.51,0.01,95,9,Gold,0,8900.4,1
CUST_05052,196,33,313.97,0.95,4,4,Silver,0,10361.01,0
CUST_05053,187,33,22.77,0.19,41,2,Silver,1,751.41,0
CUST_05054,345,14,208.25,0.83,3,8,Bronze,0,2915.5,1
CUST_05055,224,38,85.93,0.96,53,8,Gold,1,3265.34,0
CUST_05056,318,10,275.53,0.53,74,5,Silver,0,2755.3,1
CUST_05057,337,28,423.03,0.53,96,2,Bronze,0,11844.84,0
CUST_05058,229,14,267.13,0.37,36,4,Bronze,0,3739.82,1
CUST_05059,77,36,27.63,0.43,49,7,Bronze,0,994.68,0
CUST_05060,188,38,24.53,0.48,27,8,Silver,0,932.14,0
CUST_05061,346,16,306.7,0.15,53,2,Bronze,0,4907.2,1
CUST_05062,270,21,170.71,0.36,49,4,Bronze,0,3584.91,1
CUST_05063,95,28,290.61,0.82,83,1,Bronze,0,8137.08,0
CUST_05064,310,33,90.18,0.18,1,1,Bronze,1,2975.94,0
CUST_05065,132,6,390.66,0.73,90,1,Bronze,0,2343.96,0
CUST_05066,39,41,431.75,0.65,46,5,Silver,0,17701.75,0
CUST_05067,72,15,445.72,0.06,62,2,Bronze,0,6685.8,0
CUST_05068,281,44,159.0,0.02,77,9,Silver,0,6996.0,1
CUST_05069,333,3,333.76,0.35,99,4,Bronze,0,1001.28,1
CUST_05070,160,43,146.73,0.69,66,7,Silver,0,6309.39,0
CUST_05071,187,47,383.75,0.33,22,4,Bronze,1,18036.25,0
CUST_05072,191,35,69.06,0.67,39,1,Bronze,1,2417.1,0
CUST_05073,120,14,383.75,0.67,92,5,Gold,0,5372.5,0
CUST_05074,220,2,225.47,0.81,44,1,Silver,0,450.94,0
CUST_05075,53,29,429.22,0.1,2,7,Bronze,1,12447.38,0
CUST_05076,222,4,372.08,0.58,75,1,Bronze,0,1488.32,0
CUST_05077,131,26,194.49,0.06,59,6,Bronze,0,5056.74,0
CUST_05078,237,12,452.73,0.18,90,3,Silver,0,5432.76,1
CUST_05079,246,2,148.84,0.33,28,3,Bronze,0,297.68,1
CUST_05080,226,17,483.82,0.71,90,7,Bronze,0,8224.94,0
CUST_05081,208,35,385.93,0.97,81,3,Bronze,0,13507.55,0
CUST_05082,96,10,495.43,0.34,67,7,Bronze,0,4954.3,0
CUST_05083,200,48,36.41,0.52,14,8,Bronze,0,1747.68,0
CUST_05084,247,22,144.28,0.26,16,7,Bronze,0,3174.16,1
CUST_05085,72,41,373.22,0.68,51,3,Bronze,0,15302.02,0
CUST_05086,318,43,461.9,0.37,28,4,Bronze,1,19861.7,0
CUST_05087,185,21,24.1,0.48,92,5,Silver,0,506.1,0
CUST_05088,6,15,10.0,0.57,53,8,Bronze,0,150.0,0
CUST_05089,206,35,135.56,0.69,52,4,Bronze,0,4744.6,0
CUST_05090,32,48,427.86,0.06,25,1,Bronze,1,20537.28,0
CUST_05091,99,21,385.91,0.55,57,6,Bronze,0,8104.11,0
CUST_05092,256,21,176.74,0.43,9,5,Gold,0,3711.54,1
CUST_05093,187,21,10.99,0.13,11,2,Bronze,0,230.79,0
CUST_05094,76,44,281.81,0.21,45,7,Bronze,0,12399.64,0
CUST_05095,177,32,126.6,0.88,85,2,Bronze,0,4051.2,0
CUST_05096,315,5,375.35,0.87,2,9,Gold,1,1876.75,0
CUST_05097,287,39,228.71,0.03,54,3,Bronze,1,8919.69,0
CUST_05098,349,9,342.51,0.69,34,8,Bronze,0,3082.59,1
CUST_05099,255,18,427.63,0.55,42,3,Gold,0,7697.34,0
CUST_05100,325,21,272.52,0.94,77,1,Bronze,1,5722.92,0
CUST_05101,190,8,174.62,0.91,69,8,Bronze,0,1396.96,0
CUST_05102,308,44,387.08,0.58,11,9,Gold,0,17031.52,0
CUST_05103,345,34,139.94,0.14,29,7,Bronze,0,4757.96,1
CUST_05104,127,10,446.84,0.46,92,3,Bronze,0,4468.4,0
CUST_05105,287,41,45.0,0.73,92,5,Bronze,0,1845.0,0
CUST_05106,254,24,419.38,0.95,5,5,Bronze,0,10065.12,0
CUST_05107,213,40,54.86,0.36,20,1,Bronze,0,2194.4,0
CUST_05108,250,24,37.51,0.78,39,8,Bronze,0,900.24,0
CUST_05109,84,32,188.0,0.68,74,5,Bronze,1,6016.0,0
CUST_05110,13,33,478.71,0.08,32,4,Bronze,0,15797.43,0
CUST_05111,45,38,491.91,0.56,29,1,Bronze,0,18692.58,0
CUST_05112,127,44,109.01,0.18,66,9,Silver,1,4796.44,0
CUST_05113,114,49,82.83,0.68,1,0,Gold,0,4058.67,0
CUST_05114,276,34,182.95,0.61,84,6,Bronze,0,6220.3,0
CUST_05115,205,11,175.17,0.97,1,3,Bronze,0,1926.87,0
CUST_05116,337,31,382.2,0.94,4,6,Silver,0,11848.2,0
CUST_05117,273,18,227.56,0.01,15,4,Bronze,0,4096.08,1
CUST_05118,58,23,392.14,0.08,47,0,Bronze,0,9019.22,0
CUST_05119,328,22,376.87,0.77,30,4,Bronze,0,8291.14,0
CUST_05120,219,43,293.37,0.69,6,3,Silver,0,12614.91,0
CUST_05121,109,18,418.42,0.8,1,0,Bronze,0,7531.56,0
CUST_05122,279,40,105.87,0.27,71,9,Bronze,1,4234.8,0
CUST_05123,174,47,89.29,0.85,62,1,Bronze,0,4196.63,0
CUST_05124,328,41,377.82,0.44,64,8,Bronze,0,15490.62,1
CUST_05125,264,47,129.95,0.26,5,0,Bronze,0,6107.65,0
CUST_05126,315,39,11.37,0.01,54,9,Bronze,0,443.43,1
CUST_05127,111,20,456.86,0.87,49,3,Bronze,0,9137.2,0
CUST_05128,187,13,315.24,0.54,7,7,Bronze,0,4098.12,0
CUST_05129,269,45,228.02,0.98,3,4,Silver,0,10260.9,0
CUST_05130,229,1,365.61,0.71,76,9,Bronze,0,365.61,1
CUST_05131,156,4,173.33,0.08,61,6,Bronze,0,693.32,1
CUST_05132,189,24,477.3,0.59,79,1,Silver,1,11455.2,0
CUST_05133,272,36,43.62,0.02,84,3,Bronze,0,1570.32,1
CUST_05134,2,36,324.06,0.56,41,3,Gold,0,11666.16,0
CUST_05135,246,45,390.87,0.35,21,0,Bronze,0,17589.15,0
CUST_05136,210,2,239.87,0.64,32,7,Bronze,0,479.74,1
CUST_05137,286,28,379.93,0.54,12,2,Bronze,1,10638.04,0
CUST_05138,359,26,464.19,0.26,7,3,Bronze,0,12068.94,1
CUST_05139,13,23,374.56,0.16,51,1,Bronze,1,8614.88,0
CUST_05140,96,15,161.59,0.4,45,9,Bronze,0,2423.85,0
CUST_05141,221,36,285.3,0.99,95,4,Bronze,0,10270.8,0
CUST_05142,238,27,456.69,0.44,65,4,Silver,0,12330.63,0
CUST_05143,94,6,230.06,0.75,60,2,Silver,0,1380.36,0
CUST_05144,338,35,344.03,0.06,75,7,Silver,1,12041.05,0
CUST_05145,269,39,238.1,0.38,45,0,Bronze,0,9285.9,0
CUST_05146,171,38,69.46,0.58,34,1,Bronze,0,2639.48,0
CUST_05147,94,35,38.71,0.75,83,0,Bronze,0,1354.85,0
CUST_05148,149,36,476.61,0.53,11,5,Silver,1,17157.96,0
CUST_05149,112,10,310.15,0.52,97,3,Bronze,0,3101.5,0
CUST_05150,55,30,60.87,0.76,33,9,Bronze,1,1826.1,0
CUST_05151,337,41,430.14,0.31,8,0,Bronze,0,17635.74,0
CUST_05152,116,38,266.12,0.09,45,6,Bronze,0,10112.56,0
CUST_05153,143,29,388.25,0.35,72,8,Bronze,0,11259.25,0
CUST_05154,201,43,72.11,0.16,98,4,Bronze,0,3100.73,0
CUST_05155,180,39,454.39,0.97,91,6,Bronze,1,17721.21,0
CUST_05156,202,4,299.36,0.58,93,3,Bronze,0,1197.44,0
CUST_05157,364,5,371.75,0.45,78,3,Bronze,0,1858.75,1
CUST_05158,53,4,25.38,0.91,34,3,Silver,0,101.52,0
CUST_05159,180,36,164.5,0.9,45,4,Bronze,0,5922.0,0
CUST_05160,313,45,141.05,0.42,65,7,Bronze,0,6347.25,0
CUST_05161,308,16,475.3,0.87,73,3,Gold,0,7604.8,0
CUST_05162,137,25,100.82,0.06,52,6,Silver,0,2520.5,0
CUST_05163,182,14,356.46,0.89,10,8,Bronze,0,4990.44,0
CUST_05164,1,11,30.95,0.31,94,5,Silver,0,340.45,0
CUST_05165,44,29,106.87,0.57,43,3,Bronze,0,3099.23,0
CUST_05166,227,34,175.91,0.27,82,4,Gold,0,5980.94,0
CUST_05167,331,22,399.31,0.98,81,7,Bronze,1,8784.82,0
CUST_05168,98,14,397.09,0.07,70,3,Bronze,0,5559.26,0
CUST_05169,208,24,476.77,0.45,11,3,Bronze,1,11442.48,0
CUST_05170,265,39,459.22,0.62,88,6,Bronze,0,17909.58,0
CUST_05171,288,26,49.94,0.62,36,5,Bronze,1,1298.44,0
CUST_05172,271,43,416.64,0.74,97,0,Bronze,0,17915.52,0
CUST_05173,140,36,231.08,0.72,97,8,Bronze,0,8318.88,0
CUST_05174,237,39,434.28,0.79,18,4,Silver,0,16936.92,0
CUST_05175,72,16,53.75,0.23,63,9,Bronze,0,860.0,0
CUST_05176,155,38,413.16,0.37,5,1,Silver,0,15700.08,0
CUST_05177,190,32,88.22,0.38,31,4,Gold,1,2823.04,0
CUST_05178,268,6,173.58,0.96,16,7,Bronze,0,1041.48,0
CUST_05179,321,34,24.14,0.41,66,5,Bronze,0,820.76,1
CUST_05180,107,8,70.63,0.22,9,7,Bronze,1,565.04,0
CUST_05181,232,30,228.41,0.63,2,4,Bronze,1,6852.3,0
CUST_05182,42,27,410.99,0.43,37,3,Bronze,0,11096.73,0
CUST_05183,190,7,389.1,0.25,84,9,Bronze,0,2723.7,1
CUST_05184,139,27,125.3,0.72,59,2,Bronze,0,3383.1,0
CUST_05185,103,25,84.33,0.19,81,1,Silver,0,2108.25,0
CUST_05186,171,46,200.74,0.63,58,8,Bronze,1,9234.04,0
CUST_05187,351,41,442.8,0.43,89,0,Bronze,0,18154.8,0
CUST_05188,273,15,54.8,0.32,83,9,Bronze,0,822.0,1
CUST_05189,221,25,276.03,0.95,8,1,Silver,0,6900.75,0
CUST_05190,213,22,53.52,0.32,52,5,Bronze,0,1177.44,0
CUST_05191,341,18,240.4,0.35,75,5,Silver,0,4327.2,1
CUST_05192,56,12,72.13,0.87,77,0,Bronze,0,865.56,0
CUST_05193,342,23,49.37,0.13,77,7,Bronze,0,1135.51,1
CUST_05194,102,45,103.52,0.11,73,3,Silver,1,4658.4,0
CUST_05195,192,39,135.08,0.28,69,6,Bronze,0,5268.12,0
CUST_05196,310,25,145.37,0.59,82,9,Bronze,0,3634.25,1
CUST_05197,200,10,326.18,0.38,52,8,Bronze,0,3261.8,1
CUST_05198,233,30,36.94,0.61,78,1,Bronze,0,1108.2,0
CUST_05199,227,10,49.6,0.16,34,6,Bronze,0,496.0,1
CUST_05200,139,34,102.47,0.26,86,0,Bronze,0,3483.98,0
CUST_05201,344,46,437.31,0.57,48,2,Bronze,0,20116.26,0
CUST_05202,305,13,318.02,0.22,97,3,Bronze,0,4134.26,1
CUST_05203,149,29,367.88,0.42,24,2,Bronze,0,10668.52,0
CUST_05204,115,38,191.48,0.57,93,7,Bronze,0,7276.24,0
CUST_05205,63,41,114.48,0.97,13,6,Bronze,0,4693.68,0
CUST_05206,104,45,28.6,0.08,50,2,Bronze,0,1287.0,0
CUST_05207,339,9,249.38,0.46,91,6,Bronze,0,2244.42,1
CUST_05208,359,13,291.4,0.4,65,1,Silver,0,3788.2,1
CUST_05209,156,37,449.53,0.82,71,2,Bronze,0,16632.61,0
CUST_05210,273,14,442.23,0.9,4,6,Bronze,0,6191.22,0
CUST_05211,6,37,218.1,0.91,64,9,Bronze,0,8069.7,0
CUST_05212,147,9,217.55,0.38,74,4,Bronze,1,1957.95,0
CUST_05213,184,8,88.95,0.3,99,8,Bronze,0,711.6,1
CUST_05214,28,39,136.15,0.45,39,7,Bronze,0,5309.85,0
CUST_05215,38,40,463.58,0.34,63,5,Gold,0,18543.2,0
CUST_05216,119,3,79.11,0.72,58,3,Bronze,0,237.33,0
CUST_05217,293,47,484.66,0.21,16,2,Silver,1,22779.02,0
CUST_05218,244,40,257.32,0.66,91,5,Bronze,0,10292.8,0
CUST_05219,68,33,233.74,0.93,84,8,Silver,0,7713.42,0
CUST_05220,214,32,95.57,0.28,62,4,Bronze,0,3058.24,0
CUST_05221,218,7,334.16,0.68,10,6,Bronze,0,2339.12,0
CUST_05222,177,19,235.32,0.14,62,6,Bronze,0,4471.08,1
CUST_05223,299,34,191.62,0.12,33,6,Bronze,0,6515.08,1
CUST_05224,164,14,139.61,0.12,71,8,Silver,0,1954.54,1
CUST_05225,58,47,42.58,0.14,42,1,Bronze,0,2001.26,0
CUST_05226,269,46,264.47,0.22,44,7,Bronze,0,12165.62,0
CUST_05227,308,19,163.33,0.56,46,1,Bronze,0,3103.27,0
CUST_05228,58,26,356.85,0.77,86,0,Silver,0,9278.1,0
CUST_05229,288,17,364.53,0.13,81,9,Bronze,0,6197.01,1
CUST_05230,105,28,172.73,0.87,73,5,Bronze,1,4836.44,0
CUST_05231,228,19,337.87,0.84,74,1,Silver,1,6419.53,0
CUST_05232,247,27,136.75,0.73,95,4,Gold,0,3692.25,0
CUST_05233,188,48,366.32,0.43,31,0,Bronze,0,17583.36,0
CUST_05234,83,19,17.88,0.0,5,6,Silver,0,339.72,0
CUST_05235,186,33,84.29,0.73,18,0,Gold,0,2781.57,0
CUST_05236,252,7,130.05,0.88,6,7,Bronze,0,910.35,0
CUST_05237,355,29,388.74,0.34,50,4,Gold,1,11273.46,0
CUST_05238,238,43,42.52,0.72,28,4,Bronze,0,1828.36,0
CUST_05239,360,5,102.15,0.06,24,2,Silver,0,510.75,1
CUST_05240,184,30,185.73,0.71,69,1,Gold,0,5571.9,0
CUST_05241,284,49,14.5,0.07,28,5,Bronze,0,710.5,1
CUST_05242,210,43,383.44,0.59,58,3,Bronze,0,16487.92,0
CUST_05243,304,8,284.45,0.6,67,9,Gold,0,2275.6,1
CUST_05244,296,42,451.33,0.3,18,3,Bronze,0,18955.86,0
CUST_05245,97,12,25.21,0.08,4,5,Bronze,0,302.52,0
CUST_05246,208,42,142.98,0.95,49,1,Silver,1,6005.16,0
CUST_05247,137,13,368.31,0.54,32,1,Bronze,0,4788.03,0
CUST_05248,184,26,340.82,0.58,96,9,Bronze,0,8861.32,0
CUST_05249,76,18,129.1,0.62,83,9,Bronze,0,2323.8,0
CUST_05250,287,42,301.89,0.89,93,3,Bronze,0,12679.38,0
CUST_05251,142,49,398.94,0.06,97,5,Bronze,0,19548.06,0
CUST_05252,237,20,26.36,0.89,66,1,Bronze,0,527.2,0
CUST_05253,25,16,361.64,0.24,58,6,Bronze,0,5786.24,0
CUST_05254,290,37,133.53,0.08,11,7,Bronze,0,4940.61,1
CUST_05255,67,3,474.45,0.66,97,8,Silver,0,1423.35,0
CUST_05256,250,27,273.73,0.98,65,5,Bronze,0,7390.71,0
CUST_05257,118,15,26.36,0.06,17,1,Bronze,0,395.4,0
CUST_05258,73,34,207.68,0.43,80,5,Bronze,0,7061.12,0
CUST_05259,282,45,483.49,0.53,66,7,Bronze,0,21757.05,0
CUST_05260,360,22,367.88,0.25,4,9,Bronze,0,8093.36,1
CUST_05261,10,40,157.23,0.98,32,0,Silver,0,6289.2,0
CUST_05262,211,23,291.88,0.64,71,5,Bronze,0,6713.24,0
CUST_05263,323,49,303.56,0.84,29,0,Silver,0,14874.44,0
CUST_05264,152,4,21.44,0.42,61,5,Silver,0,85.76,0
CUST_05265,5,41,97.63,0.35,60,9,Bronze,1,4002.83,0
CUST_05266,195,23,280.37,0.55,73,3,Bronze,1,6448.51,0
CUST_05267,283,47,207.35,0.44,58,2,Bronze,1,9745.45,0
CUST_05268,113,9,103.12,0.71,99,2,Bronze,0,928.08,0
CUST_05269,271,24,388.61,0.27,53,3,Bronze,0,9326.64,1
CUST_05270,163,21,249.61,0.45,5,2,Bronze,0,5241.81,0
CUST_05271,105,41,161.89,0.9,61,8,Bronze,0,6637.49,0
CUST_05272,181,46,89.22,0.76,21,3,Bronze,1,4104.12,0
CUST_05273,44,16,309.47,0.17,58,0,Bronze,0,4951.52,0
CUST_05274,282,25,336.47,0.89,81,3,Bronze,0,8411.75,0
CUST_05275,175,26,338.1,0.59,14,0,Silver,0,8790.6,0
CUST_05276,162,49,117.94,0.68,96,9,Bronze,0,5779.06,0
CUST_05277,351,45,301.72,0.29,79,9,Bronze,0,13577.4,1
CUST_05278,340,9,453.65,0.44,85,2,Bronze,0,4082.85,1
CUST_05279,140,15,183.06,0.81,54,3,Silver,0,2745.9,0
CUST_05280,132,39,113.28,0.33,78,3,Bronze,0,4417.92,0
CUST_05281,87,33,388.35,0.17,41,8,Bronze,0,12815.55,0
CUST_05282,176,1,96.67,0.38,16,5,Bronze,0,96.67,1
CUST_05283,183,5,134.34,0.07,51,2,Bronze,0,671.7,1
CUST_05284,129,9,59.32,0.72,1,6,Bronze,0,533.88,0
CUST_05285,246,44,141.26,0.15,40,3,Bronze,0,6215.44,0
CUST_05286,89,6,211.06,0.29,18,6,Bronze,0,1266.36,0
CUST_05287,66,28,41.44,0.88,34,1,Silver,0,1160.32,0
CUST_05288,158,45,437.14,0.54,90,6,Bronze,0,19671.3,0
CUST_05289,149,26,261.7,0.32,61,7,Bronze,0,6804.2,0
CUST_05290,340,28,298.17,0.55,21,6,Silver,0,8348.76,1
CUST_05291,116,40,191.93,0.22,1,5,Bronze,0,7677.2,0
CUST_05292,214,15,338.22,0.03,27,3,Bronze,1,5073.3,0
CUST_05293,294,6,221.57,0.6,51,8,Bronze,0,1329.42,1
CUST_05294,253,27,383.04,0.71,11,0,Gold,0,10342.08,0
CUST_05295,143,38,412.49,0.88,14,4,Bronze,1,15674.62,0
CUST_05296,250,4,339.21,0.77,92,0,Bronze,1,1356.84,0
CUST_05297,302,11,250.75,0.93,55,9,Bronze,0,2758.25,1
CUST_05298,25,21,393.31,0.99,27,0,Bronze,0,8259.51,0
CUST_05299,277,30,252.2,0.74,22,5,Bronze,0,7566.0,0
CUST_05300,70,18,64.64,0.87,21,5,Silver,0,1163.52,0
CUST_05301,113,35,67.01,0.67,24,6,Bronze,0,2345.35,0
CUST_05302,363,3,474.81,0.17,19,9,Bronze,1,1424.43,1
CUST_05303,112,12,114.65,0.18,24,8,Bronze,0,1375.8,0
CUST_05304,364,27,409.8,0.11,26,5,Silver,0,11064.6,1
CUST_05305,303,30,130.89,0.94,25,1,Silver,0,3926.7,0
CUST_05306,91,21,221.08,0.67,45,3,Bronze,0,4642.68,0
CUST_05307,18,38,330.92,0.79,29,8,Bronze,0,12574.96,0
CUST_05308,149,21,87.84,0.33,74,1,Silver,1,1844.64,0
CUST_05309,227,38,371.25,0.46,11,6,Gold,0,14107.5,0
CUST_05310,214,40,348.06,0.04,24,3,Bronze,0,13922.4,0
CUST_05311,360,15,276.11,0.89,24,9,Bronze,0,4141.65,1
CUST_05312,151,18,287.29,0.85,12,5,Gold,0,5171.22,0
CUST_05313,192,29,61.83,0.78,7,0,Bronze,0,1793.07,0
CUST_05314,40,48,223.62,0.06,40,7,Silver,0,10733.76,0
CUST_05315,242,38,52.42,0.17,81,5,Bronze,0,1991.96,0
CUST_05316,138,21,160.85,0.33,99,6,Bronze,0,3377.85,0
CUST_05317,345,17,451.15,0.26,70,5,Bronze,0,7669.55,1
CUST_05318,180,41,291.52,0.84,76,6,Bronze,0,11952.32,0
CUST_05319,200,18,373.92,0.19,79,4,Silver,0,6730.56,1
CUST_05320,203,37,291.2,0.53,96,2,Bronze,0,10774.4,0
CUST_05321,61,38,105.18,0.57,23,5,Bronze,0,3996.84,0
CUST_05322,192,12,301.46,0.43,71,9,Silver,0,3617.52,1
CUST_05323,5,11,380.14,0.24,38,8,Silver,0,4181.54,0
CUST_05324,237,48,77.82,0.96,31,5,Bronze,1,3735.36,0
CUST_05325,181,49,410.28,0.41,29,8,Bronze,0,20103.72,0
CUST_05326,311,20,282.14,0.73,44,1,Bronze,0,5642.8,0
CUST_05327,37,9,12.09,0.18,28,0,Bronze,0,108.81,0
CUST_05328,56,1,264.69,0.82,76,3,Bronze,0,264.69,0
CUST_05329,237,3,203.88,0.22,91,4,Bronze,0,611.64,1
CUST_05330,358,21,155.26,0.68,68,9,Bronze,0,3260.46,1
CUST_05331,349,23,387.92,0.51,21,6,Bronze,1,8922.16,0
CUST_05332,197,9,450.75,0.15,9,7,Bronze,0,4056.75,1
CUST_05333,73,19,383.7,0.02,49,0,Bronze,1,7290.3,0
CUST_05334,59,45,424.92,0.93,98,5,Bronze,0,19121.4,0
CUST_05335,240,46,455.3,0.13,37,0,Bronze,1,20943.8,0
CUST_05336,2,19,457.19,0.7,21,7,Bronze,0,8686.61,0
CUST_05337,360,23,66.17,0.65,60,0,Bronze,0,1521.91,0
CUST_05338,188,27,233.63,0.34,23,3,Bronze,0,6308.01,0
CUST_05339,307,27,10.14,0.19,88,2,Bronze,0,273.78,1
CUST_05340,30,39,258.17,0.18,10,1,Silver,0,10068.63,0
CUST_05341,267,36,462.88,0.59,70,7,Bronze,0,16663.68,0
CUST_05342,108,12,107.56,0.55,21,5,Bronze,0,1290.72,0
CUST_05343,332,27,323.5,0.88,29,3,Silver,0,8734.5,0
CUST_05344,90,46,325.75,0.64,59,2,Bronze,0,14984.5,0
CUST_05345,205,34,88.57,0.82,40,5,Bronze,0,3011.38,0
CUST_05346,220,33,126.88,0.03,21,5,Bronze,0,4187.04,1
CUST_05347,94,28,236.39,0.67,86,4,Bronze,0,6618.92,0
CUST_05348,103,31,102.22,0.23,99,2,Bronze,0,3168.82,0
CUST_05349,223,32,296.65,0.25,63,9,Bronze,1,9492.8,0
CUST_05350,186,20,247.43,0.72,46,8,Bronze,0,4948.6,0
CUST_05351,184,40,264.41,0.79,5,5,Bronze,0,10576.4,0
CUST_05352,162,35,75.89,0.37,15,4,Bronze,0,2656.15,0
CUST_05353,247,31,263.45,0.79,83,6,Bronze,0,8166.95,0
CUST_05354,31,31,34.24,0.44,80,0,Bronze,0,1061.44,0
CUST_05355,52,38,441.95,0.86,40,6,Silver,0,16794.1,0
CUST_05356,345,22,178.19,0.02,87,0,Silver,0,3920.18,1
CUST_05357,76,45,429.61,0.08,4,8,Bronze,0,19332.45,0
CUST_05358,278,41,353.81,0.78,85,5,Gold,0,14506.21,0
CUST_05359,40,9,385.42,0.62,24,6,Bronze,0,3468.78,0
CUST_05360,101,9,164.13,0.56,42,6,Bronze,0,1477.17,0
CUST_05361,111,15,121.59,0.61,26,0,Bronze,0,1823.85,0
CUST_05362,321,13,209.3,0.93,66,1,Bronze,0,2720.9,0
CUST_05363,249,22,21.87,0.66,8,9,Bronze,0,481.14,0
CUST_05364,191,16,460.19,0.65,73,2,Bronze,1,7363.04,0
CUST_05365,182,32,199.64,0.76,66,7,Silver,0,6388.48,0
CUST_05366,335,2,494.39,0.87,78,8,Bronze,0,988.78,1
CUST_05367,209,26,383.11,0.26,20,7,Bronze,0,9960.86,1
CUST_05368,22,14,49.45,0.62,66,5,Bronze,0,692.3,0
CUST_05369,166,38,333.49,0.58,68,1,Bronze,0,12672.62,0
CUST_05370,99,34,142.71,0.13,99,1,Bronze,1,4852.14,0
CUST_05371,208,8,129.42,0.52,55,9,Bronze,0,1035.36,1
CUST_05372,8,36,135.72,0.07,78,6,Gold,1,4885.92,0
CUST_05373,190,21,458.88,0.18,85,8,Bronze,0,9636.48,1
CUST_05374,175,46,254.99,0.91,79,5,Bronze,0,11729.54,0
CUST_05375,273,43,338.04,0.12,39,0,Bronze,0,14535.72,0
CUST_05376,17,28,147.66,0.58,50,8,Bronze,0,4134.48,0
CUST_05377,90,46,266.25,0.32,20,6,Bronze,0,12247.5,0
CUST_05378,141,44,181.55,0.56,70,2,Bronze,1,7988.2,0
CUST_05379,145,48,167.36,0.23,28,1,Bronze,0,8033.28,0
CUST_05380,166,6,131.01,0.44,43,2,Gold,0,786.06,0
CUST_05381,337,20,210.41,0.87,66,1,Gold,0,4208.2,0
CUST_05382,78,31,333.41,0.38,28,9,Bronze,0,10335.71,0
CUST_05383,262,33,118.8,0.35,98,1,Silver,0,3920.4,0
CUST_05384,163,44,483.07,0.45,78,3,Bronze,0,21255.08,0
CUST_05385,14,7,71.06,0.1,73,5,Bronze,0,497.42,0
CUST_05386,239,8,245.3,0.39,23,2,Bronze,0,1962.4,1
CUST_05387,72,9,51.66,0.01,35,8,Bronze,1,464.94,0
CUST_05388,143,2,21.11,0.5,22,4,Silver,1,42.22,0
CUST_05389,310,17,462.11,0.85,5,4,Bronze,0,7855.87,0
CUST_05390,283,45,407.09,0.55,60,6,Silver,0,18319.05,0
CUST_05391,269,37,350.14,0.61,41,8,Silver,0,12955.18,0
CUST_05392,241,42,433.94,0.03,29,0,Bronze,0,18225.48,0
CUST_05393,245,44,403.4,0.86,35,8,Bronze,0,17749.6,0
CUST_05394,163,17,327.15,0.39,98,1,Bronze,1,5561.55,0
CUST_05395,60,38,425.2,0.97,68,2,Bronze,0,16157.6,0
CUST_05396,6,35,201.49,0.12,45,4,Bronze,0,7052.15,0
CUST_05397,197,47,280.85,0.94,9,9,Bronze,1,13199.95,0
CUST_05398,58,39,390.39,0.63,51,3,Silver,1,15225.21,0
CUST_05399,305,30,51.55,0.05,14,4,Silver,0,1546.5,1
CUST_05400,217,6,430.74,0.97,69,9,Bronze,0,2584.44,0
CUST_05401,26,4,86.85,0.01,56,4,Bronze,0,347.4,0
CUST_05402,303,37,433.63,0.73,91,4,Bronze,0,16044.31,0
CUST_05403,5,35,162.55,0.89,11,9,Silver,0,5689.25,0
CUST_05404,20,9,170.12,0.18,30,9,Bronze,0,1531.08,0
CUST_05405,198,6,46.23,0.34,39,9,Silver,0,277.38,1
CUST_05406,59,13,444.09,0.56,98,4,Gold,1,5773.17,0
CUST_05407,242,22,95.51,0.68,24,1,Bronze,0,2101.22,0
CUST_05408,146,28,318.72,0.87,80,0,Gold,0,8924.16,0
CUST_05409,273,30,325.54,0.76,58,9,Bronze,0,9766.2,0
CUST_05410,249,36,147.76,0.36,30,7,Bronze,0,5319.36,0
CUST_05411,14,2,492.97,0.82,24,2,Bronze,0,985.94,0
CUST_05412,13,36,41.44,0.97,67,6,Bronze,1,1491.84,0
CUST_05413,44,8,307.86,0.23,29,7,Bronze,0,2462.88,0
CUST_05414,19,45,244.98,0.07,42,5,Silver,0,11024.1,0
CUST_05415,63,42,130.29,0.43,76,5,Bronze,0,5472.18,0
CUST_05416,239,9,90.14,0.88,62,2,Bronze,0,811.26,0
CUST_05417,337,1,371.17,0.15,27,8,Gold,1,371.17,1
CUST_05418,100,13,458.99,0.89,29,2,Silver,0,5966.87,0
CUST_05419,163,15,62.7,0.99,66,4,Bronze,0,940.5,0
CUST_05420,122,32,105.05,0.05,57,5,Bronze,0,3361.6,0
CUST_05421,44,34,493.27,0.5,61,0,Bronze,0,16771.18,0
CUST_05422,360,43,17.36,0.33,29,8,Bronze,1,746.48,0
CUST_05423,317,31,259.04,0.39,57,6,Bronze,0,8030.24,1
CUST_05424,145,14,262.9,0.45,73,0,Bronze,0,3680.6,0
CUST_05425,327,47,138.95,0.74,55,5,Bronze,0,6530.65,0
CUST_05426,363,14,334.88,0.59,44,6,Gold,0,4688.32,1
CUST_05427,50,48,473.02,0.96,28,4,Silver,0,22704.96,0
CUST_05428,65,29,230.6,0.33,37,4,Gold,0,6687.4,0
CUST_05429,355,47,377.22,0.54,23,6,Gold,0,17729.34,0
CUST_05430,288,19,326.57,0.81,77,2,Bronze,0,6204.83,0
CUST_05431,164,27,241.74,0.37,69,2,Bronze,0,6526.98,0
CUST_05432,141,9,34.41,0.47,96,0,Bronze,0,309.69,0
CUST_05433,314,37,373.46,0.68,92,7,Bronze,0,13818.02,0
CUST_05434,128,37,187.99,0.86,58,1,Bronze,0,6955.63,0
CUST_05435,239,43,120.0,0.42,79,2,Bronze,0,5160.0,0
CUST_05436,324,28,474.65,0.53,88,6,Bronze,0,13290.2,1
CUST_05437,296,24,389.02,0.98,32,9,Silver,0,9336.48,0
CUST_05438,187,28,481.51,0.04,85,9,Bronze,0,13482.28,1
CUST_05439,208,36,135.55,0.45,69,7,Bronze,0,4879.8,0
CUST_05440,220,18,419.54,0.64,36,8,Silver,0,7551.72,0
CUST_05441,190,25,307.78,0.01,92,7,Bronze,0,7694.5,1
CUST_05442,346,35,490.94,0.6,32,6,Silver,0,17182.9,1
CUST_05443,284,4,473.7,0.06,59,9,Gold,0,1894.8,1
CUST_05444,352,14,486.75,0.86,60,0,Bronze,0,6814.5,0
CUST_05445,237,39,476.37,0.81,87,0,Bronze,0,18578.43,0
CUST_05446,194,26,13.75,0.03,80,7,Silver,0,357.5,1
CUST_05447,287,8,373.13,0.05,74,6,Silver,0,2985.04,1
CUST_05448,259,24,143.25,0.75,93,1,Silver,0,3438.0,0
CUST_05449,246,16,355.46,0.37,27,8,Bronze,1,5687.36,0
CUST_05450,136,20,490.5,0.58,99,9,Silver,1,9810.0,0
CUST_05451,280,15,29.29,0.27,24,6,Bronze,1,439.35,0
CUST_05452,271,7,287.82,0.17,87,8,Silver,0,2014.74,1
CUST_05453,171,17,370.13,0.3,67,0,Bronze,0,6292.21,0
CUST_05454,159,22,134.15,0.25,36,2,Silver,1,2951.3,0
CUST_05455,201,22,120.31,0.45,14,9,Bronze,0,2646.82,0
CUST_05456,45,12,39.57,0.75,68,1,Bronze,0,474.84,0
CUST_05457,264,18,56.02,0.55,44,5,Bronze,0,1008.36,0
CUST_05458,71,46,331.81,0.61,48,9,Bronze,0,15263.26,0
CUST_05459,364,47,257.55,0.47,32,3,Bronze,0,12104.85,0
CUST_05460,103,15,24.74,0.32,84,1,Bronze,0,371.1,0
CUST_05461,125,37,485.13,0.14,17,1,Bronze,0,17949.81,0
CUST_05462,313,16,331.46,0.35,93,5,Bronze,0,5303.36,1
CUST_05463,286,5,262.58,0.67,57,8,Bronze,0,1312.9,1
CUST_05464,230,2,143.63,0.73,39,5,Silver,1,287.26,0
CUST_05465,146,28,332.47,0.47,32,3,Bronze,0,9309.16,0
CUST_05466,197,41,188.44,0.64,68,8,Bronze,1,7726.04,0
CUST_05467,221,27,354.22,0.21,88,1,Bronze,1,9563.94,0
CUST_05468,60,31,344.46,0.86,2,5,Silver,0,10678.26,0
CUST_05469,98,41,55.44,0.87,78,6,Bronze,0,2273.04,0
CUST_05470,171,36,455.54,0.32,42,2,Bronze,0,16399.44,0
CUST_05471,173,47,248.62,0.55,38,3,Gold,0,11685.14,0
CUST_05472,151,43,202.54,0.61,55,6,Bronze,0,8709.22,0
CUST_05473,350,1,478.18,0.47,55,8,Bronze,0,478.18,1
CUST_05474,122,29,224.72,0.91,34,4,Bronze,1,6516.88,0
CUST_05475,108,1,363.4,0.74,46,1,Gold,1,363.4,0
CUST_05476,4,8,331.02,0.67,43,7,Bronze,0,2648.16,0
CUST_05477,93,16,90.92,0.52,2,8,Bronze,0,1454.72,0
CUST_05478,6,28,495.66,0.08,36,1,Gold,0,13878.48,0
CUST_05479,288,22,237.17,0.11,70,9,Bronze,0,5217.74,1
CUST_05480,106,18,203.44,0.3,36,9,Gold,0,3661.92,0
CUST_05481,146,22,460.61,0.21,22,0,Silver,0,10133.42,0
CUST_05482,271,41,269.33,0.95,69,3,Bronze,0,11042.53,0
CUST_05483,96,12,355.49,0.41,38,0,Bronze,0,4265.88,0
CUST_05484,229,19,424.66,0.88,54,0,Bronze,1,8068.54,0
CUST_05485,202,25,125.39,0.82,22,4,Bronze,0,3134.75,0
CUST_05486,212,5,93.04,0.81,75,6,Bronze,0,465.2,0
CUST_05487,6,34,43.57,0.22,31,2,Silver,0,1481.38,0
CUST_05488,112,39,449.6,0.45,53,6,Bronze,1,17534.4,0
CUST_05489,323,10,108.18,0.32,93,4,Bronze,1,1081.8,0
CUST_05490,106,47,160.8,0.97,59,9,Gold,0,7557.6,0
CUST_05491,139,7,150.05,0.88,97,7,Bronze,1,1050.35,0
CUST_05492,299,37,159.25,0.25,86,6,Bronze,0,5892.25,1
CUST_05493,96,47,337.35,0.31,49,0,Bronze,0,15855.45,0
CUST_05494,337,15,477.52,0.53,27,0,Bronze,0,7162.8,1
CUST_05495,297,42,171.43,0.28,72,6,Silver,0,7200.06,1
CUST_05496,214,24,209.75,0.82,57,5,Bronze,0,5034.0,0
CUST_05497,291,26,387.86,0.82,6,8,Silver,0,10084.36,0
CUST_05498,22,26,221.85,0.72,46,7,Bronze,0,5768.1,0
CUST_05499,193,46,463.76,0.69,25,5,Silver,0,21332.96,0
CUST_05500,150,26,256.58,0.55,98,5,Bronze,0,6671.08,0
CUST_05501,247,10,180.39,0.35,9,8,Bronze,0,1803.9,1
CUST_05502,267,17,486.07,0.84,64,3,Bronze,0,8263.19,0
CUST_05503,251,14,218.63,0.86,31,8,Bronze,0,3060.82,0
CUST_05504,3,2,123.28,0.05,19,7,Gold,0,246.56,0
CUST_05505,316,48,97.07,0.4,65,2,Gold,0,4659.36,0
CUST_05506,76,13,497.64,0.03,88,3,Gold,0,6469.32,0
CUST_05507,87,27,378.96,0.84,98,6,Bronze,0,10231.92,0
CUST_05508,270,9,210.24,0.18,17,2,Silver,0,1892.16,1
CUST_05509,225,7,414.92,0.67,34,2,Silver,1,2904.44,0
CUST_05510,18,48,277.94,0.36,99,7,Silver,0,13341.12,0
CUST_05511,113,10,165.52,0.82,36,4,Bronze,0,1655.2,0
CUST_05512,251,9,374.26,0.51,13,4,Silver,0,3368.34,1
CUST_05513,233,22,375.49,0.32,59,7,Bronze,0,8260.78,1
CUST_05514,329,23,255.08,0.32,89,5,Silver,0,5866.84,1
CUST_05515,279,7,32.13,0.33,76,4,Silver,1,224.91,0
CUST_05516,202,48,47.74,0.79,21,0,Silver,0,2291.52,0
CUST_05517,83,9,396.49,0.71,65,4,Silver,0,3568.41,0
CUST_05518,125,27,413.5,0.32,6,7,Bronze,0,11164.5,0
CUST_05519,175,24,342.36,0.49,11,8,Gold,0,8216.64,0
CUST_05520,69,29,421.14,0.08,80,5,Bronze,0,12213.06,0
CUST_05521,47,17,362.55,0.83,22,9,Bronze,0,6163.35,0
CUST_05522,256,20,449.5,0.27,11,2,Bronze,0,8990.0,1
CUST_05523,215,7,83.7,0.89,37,7,Silver,0,585.9,0
CUST_05524,30,43,199.99,0.6,26,4,Silver,0,8599.57,0
CUST_05525,281,40,237.41,0.57,57,1,Gold,0,9496.4,0
CUST_05526,237,7,155.86,0.16,26,0,Bronze,0,1091.02,1
CUST_05527,248,28,365.43,0.07,21,7,Bronze,1,10232.04,0
CUST_05528,25,19,457.1,0.55,57,1,Bronze,0,8684.9,0
CUST_05529,74,20,212.12,0.47,26,2,Bronze,0,4242.4,0
CUST_05530,206,44,471.36,0.12,15,8,Bronze,0,20739.84,0
CUST_05531,314,39,263.22,0.84,63,0,Silver,0,10265.58,0
CUST_05532,94,40,266.03,0.42,35,7,Gold,0,10641.2,0
CUST_05533,127,7,304.11,0.26,11,1,Bronze,0,2128.77,0
CUST_05534,25,6,141.48,0.79,73,7,Silver,0,848.88,0
CUST_05535,334,25,197.85,0.91,87,1,Bronze,0,4946.25,0
CUST_05536,355,41,281.09,0.31,68,6,Bronze,1,11524.69,0
CUST_05537,116,13,471.57,0.78,94,2,Bronze,0,6130.41,0
CUST_05538,48,39,324.92,0.65,92,3,Silver,0,12671.88,0
CUST_05539,226,40,173.23,0.99,89,0,Bronze,0,6929.2,0
CUST_05540,266,22,15.13,0.2,86,9,Bronze,1,332.86,0
CUST_05541,99,49,491.02,0.96,89,0,Gold,0,24059.98,0
CUST_05542,11,17,251.56,0.32,90,9,Bronze,0,4276.52,0
CUST_05543,85,48,469.86,0.41,50,7,Silver,0,22553.28,0
CUST_05544,214,22,279.18,0.36,29,7,Silver,0,6141.96,0
CUST_05545,173,34,306.68,0.27,64,1,Bronze,0,10427.12,0
CUST_05546,209,8,358.84,0.69,41,3,Bronze,0,2870.72,0
CUST_05547,64,49,167.28,0.59,96,1,Bronze,0,8196.72,0
CUST_05548,258,45,352.5,0.31,26,7,Gold,1,15862.5,0
CUST_05549,332,18,268.13,0.13,28,6,Bronze,0,4826.34,1
CUST_05550,121,24,339.52,0.32,84,6,Bronze,1,8148.48,0
CUST_05551,298,42,419.56,0.38,48,9,Silver,0,17621.52,1
CUST_05552,54,2,100.27,0.38,66,2,Bronze,1,200.54,0
CUST_05553,331,2,310.64,0.36,23,4,Bronze,0,621.28,1
CUST_05554,272,27,35.53,0.05,39,0,Bronze,0,959.31,1
CUST_05555,241,14,60.04,0.46,69,9,Bronze,0,840.56,1
CUST_05556,243,48,340.55,0.84,21,3,Bronze,0,16346.4,0
CUST_05557,18,39,44.76,0.18,86,3,Gold,0,1745.64,0
CUST_05558,187,12,301.73,0.15,49,0,Gold,0,3620.76,0
CUST_05559,346,32,117.81,0.47,75,6,Bronze,0,3769.92,1
CUST_05560,144,28,159.0,0.37,94,4,Bronze,0,4452.0,0
CUST_05561,262,28,73.52,0.56,92,0,Silver,1,2058.56,0
CUST_05562,364,46,131.85,0.95,36,4,Bronze,0,6065.1,0
CUST_05563,239,25,412.43,0.76,81,7,Bronze,0,10310.75,0
CUST_05564,304,4,323.05,0.69,85,9,Bronze,0,1292.2,1
CUST_05565,298,26,475.38,0.42,37,7,Bronze,0,12359.88,1
CUST_05566,76,36,33.88,0.29,89,1,Silver,0,1219.68,0
CUST_05567,188,3,398.28,0.54,88,0,Bronze,0,1194.84,0
CUST_05568,333,1,352.55,0.89,94,1,Bronze,1,352.55,0
CUST_05569,246,17,137.84,0.88,42,5,Bronze,0,2343.28,0
CUST_05570,130,7,367.29,0.45,62,4,Bronze,0,2571.03,0
CUST_05571,315,48,361.11,0.25,99,3,Silver,0,17333.28,0
CUST_05572,283,5,235.08,0.23,85,7,Silver,1,1175.4,1
CUST_05573,79,19,347.43,0.03,6,4,Bronze,0,6601.17,0
CUST_05574,72,39,227.84,0.84,85,3,Bronze,0,8885.76,0
CUST_05575,263,46,174.42,0.26,8,7,Silver,0,8023.32,0
CUST_05576,191,34,238.58,0.36,69,0,Gold,1,8111.72,0
CUST_05577,63,35,448.61,0.81,40,8,Bronze,0,15701.35,0
CUST_05578,12,49,198.45,0.12,10,1,Silver,0,9724.05,0
CUST_05579,141,16,207.81,0.46,31,7,Bronze,1,3324.96,0
CUST_05580,254,40,308.12,0.12,30,8,Silver,0,12324.8,1
CUST_05581,43,47,378.97,0.44,51,9,Bronze,1,17811.59,0
CUST_05582,17,39,369.96,0.05,85,7,Silver,0,14428.44,0
CUST_05583,63,27,19.7,0.52,36,8,Bronze,0,531.9,0
CUST_05584,253,41,346.83,0.8,61,3,Bronze,0,14220.03,0
CUST_05585,292,38,230.77,0.68,27,1,Bronze,0,8769.26,0
CUST_05586,8,25,266.8,0.51,35,2,Bronze,1,6670.0,0
CUST_05587,325,26,285.22,0.83,60,7,Bronze,0,7415.72,0
CUST_05588,90,14,368.54,0.23,32,4,Bronze,0,5159.56,0
CUST_05589,208,14,417.35,0.83,90,3,Silver,0,5842.9,0
CUST_05590,292,14,326.67,0.28,4,2,Silver,0,4573.38,1
CUST_05591,284,25,286.31,0.36,91,2,Silver,0,7157.75,1
CUST_05592,118,36,193.15,0.13,27,9,Gold,0,6953.4,0
CUST_05593,349,4,77.56,0.1,47,9,Bronze,1,310.24,1
CUST_05594,175,47,479.7,0.93,6,6,Silver,0,22545.9,0
CUST_05595,76,15,236.3,0.19,82,7,Gold,0,3544.5,0
CUST_05596,101,32,287.44,0.33,26,4,Bronze,0,9198.08,0
CUST_05597,151,18,378.03,0.53,24,7,Bronze,0,6804.54,0
CUST_05598,270,14,43.52,0.35,71,8,Bronze,1,609.28,0
CUST_05599,71,1,428.96,0.87,44,3,Gold,1,428.96,0
CUST_05600,180,42,400.54,0.9,14,1,Bronze,0,16822.68,0
CUST_05601,124,20,389.47,0.33,13,4,Bronze,0,7789.4,0
CUST_05602,293,10,20.77,0.09,26,1,Bronze,0,207.7,1
CUST_05603,285,10,267.99,0.21,43,9,Bronze,0,2679.9,1
CUST_05604,195,24,36.59,0.47,43,1,Silver,0,878.16,0
CUST_05605,228,34,279.93,0.29,66,5,Silver,1,9517.62,0
CUST_05606,275,28,362.04,0.45,87,9,Bronze,0,10137.12,1
CUST_05607,106,27,69.71,0.76,28,9,Bronze,0,1882.17,0
CUST_05608,21,40,350.49,0.42,1,0,Bronze,0,14019.6,0
CUST_05609,64,1,230.27,0.2,96,1,Bronze,0,230.27,0
CUST_05610,165,33,407.66,0.36,12,4,Bronze,1,13452.78,0
CUST_05611,27,4,271.46,0.74,50,9,Silver,0,1085.84,0
CUST_05612,311,7,174.7,0.42,53,4,Bronze,0,1222.9,1
CUST_05613,285,9,172.68,0.25,60,9,Bronze,1,1554.12,1
CUST_05614,148,16,449.77,0.43,55,2,Bronze,0,7196.32,0
CUST_05615,281,5,231.91,0.45,35,4,Bronze,0,1159.55,1
CUST_05616,326,34,208.82,0.3,61,8,Bronze,1,7099.88,0
CUST_05617,319,23,29.54,1.0,26,1,Silver,0,679.42,0
CUST_05618,164,43,188.52,0.77,31,5,Bronze,1,8106.36,0
CUST_05619,224,25,426.32,0.69,57,7,Silver,1,10658.0,0
CUST_05620,272,13,382.88,0.85,12,2,Silver,0,4977.44,0
CUST_05621,146,24,118.25,0.67,93,1,Silver,0,2838.0,0
CUST_05622,356,11,212.4,0.79,5,0,Bronze,0,2336.4,0
CUST_05623,30,17,106.32,0.41,99,0,Bronze,0,1807.44,0
CUST_05624,45,37,477.57,0.5,7,3,Bronze,0,17670.09,0
CUST_05625,275,13,303.08,0.05,16,5,Bronze,0,3940.04,1
CUST_05626,34,27,379.63,0.28,96,6,Bronze,0,10250.01,0
CUST_05627,141,20,359.77,0.37,52,7,Bronze,0,7195.4,0
CUST_05628,318,33,438.11,0.63,81,7,Bronze,0,14457.63,0
CUST_05629,221,42,475.17,0.46,21,9,Silver,1,19957.14,0
CUST_05630,356,32,25.9,0.61,27,0,Bronze,1,828.8,0
CUST_05631,22,8,487.9,0.71,79,7,Bronze,0,3903.2,0
CUST_05632,180,29,436.57,0.04,23,9,Bronze,0,12660.53,1
CUST_05633,329,40,197.64,0.26,72,0,Bronze,0,7905.6,0
CUST_05634,231,19,420.16,0.17,25,2,Bronze,0,7983.04,1
CUST_05635,38,6,370.91,0.19,11,4,Bronze,0,2225.46,0
CUST_05636,70,44,398.63,0.5,63,9,Bronze,0,17539.72,0
CUST_05637,116,39,118.14,0.74,57,9,Gold,0,4607.46,0
CUST_05638,239,48,327.8,0.27,85,7,Silver,0,15734.4,0
CUST_05639,335,41,22.7,0.82,54,7,Silver,1,930.7,0
CUST_05640,148,21,425.63,0.89,10,5,Silver,0,8938.23,0
CUST_05641,9,22,476.01,0.35,50,3,Silver,1,10472.22,0
CUST_05642,288,42,334.44,0.68,73,3,Bronze,0,14046.48,0
CUST_05643,50,10,261.21,0.12,1,7,Bronze,0,2612.1,0
CUST_05644,338,10,365.61,0.74,86,2,Bronze,0,3656.1,1
CUST_05645,5,29,169.92,0.17,70,7,Silver,0,4927.68,0
CUST_05646,343,16,316.93,0.69,30,3,Silver,0,5070.88,1
CUST_05647,126,1,362.3,0.42,55,9,Bronze,0,362.3,1
CUST_05648,75,17,79.91,0.93,98,8,Gold,0,1358.47,0
CUST_05649,165,30,78.63,0.46,77,1,Bronze,1,2358.9,0
CUST_05650,278,26,360.91,0.03,86,9,Bronze,0,9383.66,1
CUST_05651,324,46,221.57,0.48,6,0,Bronze,1,10192.22,0
CUST_05652,300,19,445.71,0.8,24,3,Bronze,0,8468.49,0
CUST_05653,290,21,162.85,0.65,85,8,Bronze,0,3419.85,1
CUST_05654,77,17,30.79,0.97,87,6,Bronze,0,523.43,0
CUST_05655,298,46,328.44,0.84,5,8,Bronze,0,15108.24,0
CUST_05656,137,40,345.28,0.53,7,8,Bronze,1,13811.2,0
CUST_05657,106,21,281.26,0.21,3,9,Silver,0,5906.46,0
CUST_05658,95,41,344.83,0.0,13,8,Bronze,0,14138.03,0
CUST_05659,135,40,266.64,0.98,54,8,Bronze,0,10665.6,0
CUST_05660,68,45,349.39,0.94,63,6,Silver,0,15722.55,0
CUST_05661,147,49,31.53,0.27,76,7,Bronze,0,1544.97,0
CUST_05662,159,19,190.51,0.64,6,1,Bronze,0,3619.69,0
CUST_05663,163,7,113.3,0.73,98,8,Bronze,0,793.1,0
CUST_05664,341,17,58.67,0.58,79,1,Bronze,0,997.39,1
CUST_05665,189,1,124.71,0.84,47,7,Silver,1,124.71,0
CUST_05666,339,37,103.74,0.08,82,1,Bronze,0,3838.38,1
CUST_05667,95,6,486.83,0.9,55,7,Bronze,0,2920.98,0
CUST_05668,181,26,150.41,0.39,49,2,Bronze,0,3910.66,0
CUST_05669,288,2,123.17,0.48,57,1,Silver,1,246.34,0
CUST_05670,322,32,419.09,0.44,3,5,Bronze,0,13410.88,1
CUST_05671,187,48,215.37,0.53,22,5,Silver,0,10337.76,0
CUST_05672,138,5,216.52,0.6,35,0,Bronze,0,1082.6,0
CUST_05673,130,37,227.36,0.71,28,6,Bronze,0,8412.32,0
CUST_05674,194,31,214.1,0.52,42,0,Silver,0,6637.1,0
CUST_05675,316,12,170.02,0.68,12,3,Bronze,0,2040.24,1
CUST_05676,273,35,150.31,0.34,1,5,Bronze,0,5260.85,0
CUST_05677,352,30,442.16,0.94,94,7,Bronze,0,13264.8,0
CUST_05678,144,48,89.24,0.06,23,7,Silver,0,4283.52,0
CUST_05679,16,6,98.72,0.55,28,9,Bronze,0,592.32,0
CUST_05680,302,15,290.14,0.09,69,6,Bronze,0,4352.1,1
CUST_05681,245,15,178.39,0.44,36,4,Bronze,0,2675.85,1
CUST_05682,107,16,216.55,0.26,54,5,Silver,0,3464.8,0
CUST_05683,88,20,405.21,0.94,47,7,Bronze,0,8104.2,0
CUST_05684,129,13,452.78,0.01,56,2,Bronze,0,5886.14,0
CUST_05685,341,44,397.37,0.39,10,5,Bronze,0,17484.28,1
CUST_05686,4,42,125.11,0.78,5,3,Silver,1,5254.62,0
CUST_05687,327,46,490.19,0.19,14,2,Gold,0,22548.74,1
CUST_05688,306,31,187.96,0.82,24,2,Bronze,0,5826.76,0
CUST_05689,95,34,92.84,0.86,63,3,Bronze,0,3156.56,0
CUST_05690,209,29,254.75,0.71,28,5,Silver,0,7387.75,0
CUST_05691,225,3,365.39,0.21,21,0,Silver,0,1096.17,1
CUST_05692,348,9,50.8,0.27,76,1,Gold,0,457.2,1
CUST_05693,321,11,320.8,0.17,20,3,Bronze,0,3528.8,1
CUST_05694,47,11,430.46,0.18,62,9,Bronze,0,4735.06,0
CUST_05695,181,25,138.27,0.04,96,8,Bronze,0,3456.75,1
CUST_05696,106,22,349.63,0.86,51,7,Bronze,0,7691.86,0
CUST_05697,199,42,205.96,0.53,40,9,Gold,0,8650.32,0
CUST_05698,106,46,212.93,0.33,85,7,Bronze,0,9794.78,0
CUST_05699,280,9,147.6,0.29,81,6,Silver,1,1328.4,0
CUST_05700,260,20,315.95,0.54,65,5,Bronze,1,6319.0,0
CUST_05701,108,21,186.89,0.33,28,6,Bronze,0,3924.69,0
CUST_05702,19,10,417.14,0.86,54,5,Bronze,1,4171.4,0
CUST_05703,296,22,481.82,0.21,2,2,Bronze,0,10600.04,1
CUST_05704,306,29,468.19,0.88,81,5,Silver,0,13577.51,0
CUST_05705,171,9,89.93,0.66,14,6,Bronze,0,809.37,0
CUST_05706,331,5,16.95,0.96,14,5,Silver,0,84.75,1
CUST_05707,195,40,224.85,0.02,44,1,Bronze,0,8994.0,0
CUST_05708,12,11,367.15,0.06,82,5,Bronze,0,4038.65,0
CUST_05709,195,1,488.95,0.5,40,1,Bronze,0,488.95,0
CUST_05710,283,42,393.88,0.91,34,0,Silver,0,16542.96,0
CUST_05711,182,1,294.47,0.73,65,9,Silver,0,294.47,0
CUST_05712,305,39,22.91,0.62,18,9,Silver,0,893.49,0
CUST_05713,144,46,414.51,0.03,34,9,Bronze,0,19067.46,0
CUST_05714,316,5,96.8,0.35,87,4,Bronze,0,484.0,1
CUST_05715,182,49,37.25,0.35,49,3,Bronze,0,1825.25,0
CUST_05716,30,22,426.68,0.54,80,8,Silver,0,9386.96,0
CUST_05717,84,26,287.46,0.26,83,8,Bronze,0,7473.96,0
CUST_05718,166,6,72.99,0.27,55,8,Silver,1,437.94,0
CUST_05719,284,32,199.41,0.62,62,2,Bronze,0,6381.12,0
CUST_05720,281,48,51.92,0.94,70,9,Bronze,0,2492.16,0
CUST_05721,96,11,322.63,0.66,24,2,Silver,0,3548.93,0
CUST_05722,266,10,148.39,0.67,81,2,Bronze,0,1483.9,0
CUST_05723,298,47,434.39,0.99,48,9,Bronze,0,20416.33,0
CUST_05724,296,39,185.32,0.15,80,4,Silver,0,7227.48,1
CUST_05725,225,34,252.37,0.03,39,5,Bronze,0,8580.58,1
CUST_05726,333,31,41.13,0.75,48,5,Bronze,0,1275.03,0
CUST_05727,361,12,145.04,0.44,70,2,Silver,1,1740.48,0
CUST_05728,42,44,341.62,0.43,80,1,Gold,0,15031.28,0
CUST_05729,303,16,370.77,0.23,9,5,Silver,0,5932.32,1
CUST_05730,246,38,128.98,0.51,29,3,Bronze,0,4901.24,0
CUST_05731,208,3,256.87,0.44,68,8,Silver,0,770.61,1
CUST_05732,237,2,410.59,0.35,60,1,Bronze,0,821.18,1
CUST_05733,22,5,196.16,0.44,26,3,Silver,0,980.8,0
CUST_05734,185,11,75.55,0.38,38,1,Bronze,0,831.05,0
CUST_05735,242,25,221.62,0.94,62,4,Bronze,0,5540.5,0
CUST_05736,363,35,304.31,0.98,26,2,Gold,0,10650.85,0
CUST_05737,283,35,13.63,0.84,14,3,Gold,0,477.05,0
CUST_05738,41,22,180.8,0.99,99,8,Bronze,0,3977.6,0
CUST_05739,336,37,307.64,0.27,49,9,Bronze,1,11382.68,0
CUST_05740,162,22,476.44,0.84,43,4,Gold,0,10481.68,0
CUST_05741,160,11,210.19,0.41,88,8,Bronze,1,2312.09,0
CUST_05742,89,32,89.86,0.75,8,4,Bronze,0,2875.52,0
CUST_05743,322,35,271.77,0.2,40,9,Bronze,1,9511.95,0
CUST_05744,12,31,150.02,0.81,25,8,Bronze,0,4650.62,0
CUST_05745,73,45,115.24,0.08,63,7,Bronze,0,5185.8,0
CUST_05746,76,8,299.3,0.27,4,0,Gold,0,2394.4,0
CUST_05747,346,20,458.78,0.82,15,2,Bronze,0,9175.6,0
CUST_05748,201,42,419.26,0.75,16,4,Bronze,0,17608.92,0
CUST_05749,10,34,99.32,0.5,54,2,Bronze,0,3376.88,0
CUST_05750,352,4,385.28,0.67,11,9,Bronze,0,1541.12,1
CUST_05751,226,18,122.64,0.19,28,0,Bronze,0,2207.52,0
CUST_05752,176,4,152.44,0.67,7,1,Gold,0,609.76,0
CUST_05753,276,20,460.83,0.01,38,1,Bronze,0,9216.6,1
CUST_05754,39,9,456.41,0.83,24,3,Gold,0,4107.69,0
CUST_05755,60,16,92.63,0.52,95,5,Bronze,0,1482.08,0
CUST_05756,66,26,41.45,0.94,68,1,Bronze,0,1077.7,0
CUST_05757,321,38,153.63,0.48,37,5,Bronze,0,5837.94,0
CUST_05758,124,25,295.07,0.43,35,0,Bronze,0,7376.75,0
CUST_05759,164,4,439.68,0.45,6,7,Bronze,0,1758.72,0
CUST_05760,159,41,68.23,0.36,33,2,Bronze,1,2797.43,0
CUST_05761,57,45,213.33,0.17,96,7,Bronze,0,9599.85,0
CUST_05762,78,41,143.16,0.84,99,2,Bronze,1,5869.56,0
CUST_05763,194,38,17.32,0.39,81,0,Silver,1,658.16,0
CUST_05764,285,19,396.34,0.53,54,3,Bronze,0,7530.46,0
CUST_05765,15,14,408.51,0.02,96,2,Bronze,0,5719.14,0
CUST_05766,12,21,118.4,0.06,14,7,Bronze,0,2486.4,0
CUST_05767,101,15,84.11,0.6,19,0,Silver,0,1261.65,0
CUST_05768,156,3,80.83,0.88,88,8,Bronze,0,242.49,0
CUST_05769,340,37,237.33,0.49,11,8,Bronze,0,8781.21,1
CUST_05770,125,46,130.78,0.16,71,5,Bronze,1,6015.88,0
CUST_05771,359,16,260.56,0.12,45,4,Bronze,0,4168.96,1
CUST_05772,280,14,198.58,0.9,60,4,Bronze,0,2780.12,0
CUST_05773,110,9,113.34,0.7,88,5,Bronze,0,1020.06,0
CUST_05774,334,47,378.08,0.97,58,6,Bronze,0,17769.76,0
CUST_05775,357,7,83.68,0.08,88,7,Bronze,0,585.76,1
CUST_05776,146,14,401.46,0.9,78,2,Silver,0,5620.44,0
CUST_05777,216,6,285.11,0.85,24,9,Silver,1,1710.66,0
CUST_05778,162,21,417.7,0.89,11,0,Bronze,0,8771.7,0
CUST_05779,128,15,12.33,0.01,72,4,Bronze,0,184.95,1
CUST_05780,314,8,377.1,0.74,44,0,Bronze,0,3016.8,0
CUST_05781,332,34,35.24,0.55,79,1,Silver,0,1198.16,0
CUST_05782,150,40,475.55,0.57,66,7,Bronze,0,19022.0,0
CUST_05783,36,1,354.34,0.47,88,2,Bronze,0,354.34,0
CUST_05784,173,32,166.88,0.74,45,9,Bronze,0,5340.16,0
CUST_05785,22,49,166.73,1.0,74,3,Bronze,0,8169.77,0
CUST_05786,206,5,432.13,0.71,32,5,Bronze,1,2160.65,0
CUST_05787,127,30,452.39,0.68,17,7,Bronze,0,13571.7,0
CUST_05788,336,22,446.87,0.65,54,0,Bronze,0,9831.14,0
CUST_05789,356,20,406.28,0.7,10,1,Bronze,0,8125.6,0
CUST_05790,217,16,411.33,0.34,86,5,Silver,0,6581.28,1
CUST_05791,96,7,290.66,0.32,6,7,Bronze,0,2034.62,0
CUST_05792,164,7,23.83,0.78,91,7,Bronze,0,166.81,0
CUST_05793,148,2,52.52,0.05,20,2,Bronze,0,105.04,1
CUST_05794,18,47,328.28,0.76,1,3,Bronze,0,15429.16,0
CUST_05795,294,14,206.57,0.81,64,9,Bronze,0,2891.98,1
CUST_05796,195,31,287.98,0.52,81,3,Bronze,0,8927.38,0
CUST_05797,151,41,123.23,0.91,1,3,Silver,0,5052.43,0
CUST_05798,123,14,328.21,0.47,61,1,Bronze,0,4594.94,0
CUST_05799,187,5,128.99,0.18,79,5,Silver,0,644.95,1
CUST_05800,149,11,235.8,0.36,1,7,Bronze,1,2593.8,0
CUST_05801,104,40,244.57,0.91,81,8,Silver,0,9782.8,0
CUST_05802,243,5,97.06,0.99,46,0,Bronze,0,485.3,0
CUST_05803,231,29,439.34,0.42,60,0,Silver,0,12740.86,0
CUST_05804,206,11,267.65,0.17,43,8,Bronze,0,2944.15,1
CUST_05805,198,5,434.72,0.29,44,3,Silver,0,2173.6,1
CUST_05806,337,49,138.64,0.55,38,6,Bronze,0,6793.36,0
CUST_05807,87,32,94.44,0.57,2,1,Bronze,0,3022.08,0
CUST_05808,142,36,18.83,0.63,82,9,Silver,0,677.88,0
CUST_05809,317,15,55.99,0.84,12,0,Bronze,0,839.85,0
CUST_05810,199,19,82.26,0.71,93,6,Bronze,0,1562.94,0
CUST_05811,46,22,48.64,0.26,23,5,Silver,0,1070.08,0
CUST_05812,288,34,449.47,0.4,9,2,Bronze,0,15281.98,0
CUST_05813,15,17,456.6,0.84,8,9,Bronze,0,7762.2,0
CUST_05814,44,12,469.31,0.63,50,3,Silver,0,5631.72,0
CUST_05815,169,25,480.33,0.17,80,0,Silver,0,12008.25,0
CUST_05816,310,17,251.0,0.33,62,6,Bronze,0,4267.0,1
CUST_05817,44,10,269.71,0.79,23,8,Silver,0,2697.1,0
CUST_05818,98,28,74.11,0.17,93,0,Bronze,0,2075.08,0
CUST_05819,261,18,77.16,0.69,59,1,Silver,0,1388.88,0
CUST_05820,109,18,388.65,0.56,10,1,Bronze,0,6995.7,0
CUST_05821,283,45,429.31,0.15,12,5,Bronze,1,19318.95,0
CUST_05822,343,32,394.51,0.69,62,4,Bronze,0,12624.32,0
CUST_05823,104,14,418.94,0.14,76,5,Silver,0,5865.16,0
CUST_05824,256,16,145.52,0.4,30,0,Bronze,0,2328.32,0
CUST_05825,206,18,238.37,0.31,74,5,Silver,0,4290.66,0
CUST_05826,335,16,235.01,0.69,78,5,Bronze,0,3760.16,1
CUST_05827,43,17,497.69,0.78,68,6,Silver,0,8460.73,0
CUST_05828,353,7,475.1,0.17,47,1,Bronze,0,3325.7,1
CUST_05829,245,12,303.26,0.81,84,5,Silver,0,3639.12,0
CUST_05830,287,34,77.61,0.01,41,8,Silver,0,2638.74,1
CUST_05831,355,10,136.71,0.53,7,8,Bronze,1,1367.1,0
CUST_05832,273,5,188.24,0.52,94,1,Bronze,0,941.2,1
CUST_05833,83,21,437.87,0.62,88,4,Silver,0,9195.27,0
CUST_05834,110,3,93.61,0.24,74,6,Silver,1,280.83,0
CUST_05835,190,19,117.68,0.01,52,4,Bronze,0,2235.92,1
CUST_05836,288,45,181.2,0.45,45,2,Bronze,0,8154.0,0
CUST_05837,251,44,464.19,0.07,38,0,Bronze,0,20424.36,0
CUST_05838,212,35,256.87,0.89,36,6,Silver,0,8990.45,0
CUST_05839,291,6,326.95,0.17,81,7,Bronze,0,1961.7,1
CUST_05840,133,14,199.74,0.43,85,5,Bronze,1,2796.36,0
CUST_05841,201,4,102.38,0.43,58,6,Silver,0,409.52,1
CUST_05842,285,45,119.17,0.55,46,8,Bronze,0,5362.65,0
CUST_05843,326,18,403.31,0.78,67,1,Bronze,0,7259.58,0
CUST_05844,95,29,447.81,0.47,65,4,Silver,0,12986.49,0
CUST_05845,278,35,251.61,0.03,18,2,Silver,0,8806.35,1
CUST_05846,325,38,184.93,0.77,2,1,Silver,0,7027.34,0
CUST_05847,219,16,405.84,0.08,4,2,Bronze,0,6493.44,1
CUST_05848,89,20,339.82,0.64,96,3,Bronze,0,6796.4,0
CUST_05849,72,24,30.03,0.8,83,1,Bronze,0,720.72,0
CUST_05850,247,35,181.86,0.28,84,1,Gold,0,6365.1,0
CUST_05851,129,44,344.26,0.45,42,7,Bronze,0,15147.44,0
CUST_05852,212,19,291.1,0.01,49,2,Bronze,1,5530.9,0
CUST_05853,343,4,489.25,0.8,49,2,Silver,0,1957.0,1
CUST_05854,96,33,434.4,0.7,7,3,Bronze,0,14335.2,0
CUST_05855,75,2,39.27,0.23,9,4,Silver,0,78.54,0
CUST_05856,54,13,365.63,0.39,71,2,Bronze,0,4753.19,0
CUST_05857,344,45,174.8,0.7,27,5,Bronze,0,7866.0,0
CUST_05858,54,30,344.22,0.36,21,9,Bronze,0,10326.6,0
CUST_05859,218,34,312.44,0.16,35,2,Bronze,0,10622.96,0
CUST_05860,16,30,256.49,0.52,88,7,Bronze,0,7694.7,0
CUST_05861,99,24,427.95,0.72,96,3,Gold,0,10270.8,0
CUST_05862,20,48,357.26,0.32,76,4,Bronze,0,17148.48,0
CUST_05863,46,44,445.88,0.12,87,2,Gold,0,19618.72,0
CUST_05864,193,33,147.99,0.83,36,4,Gold,0,4883.67,0
CUST_05865,58,41,180.58,0.25,93,6,Bronze,0,7403.78,0
CUST_05866,111,49,314.76,0.51,67,2,Bronze,0,15423.24,0
CUST_05867,129,10,483.57,0.69,43,2,Gold,0,4835.7,0
CUST_05868,337,18,192.08,0.32,8,0,Bronze,0,3457.44,1
CUST_05869,194,19,25.82,0.65,98,1,Bronze,1,490.58,0
CUST_05870,340,7,228.49,0.46,78,3,Bronze,0,1599.43,1
CUST_05871,326,19,276.53,0.57,36,8,Silver,0,5254.07,1
CUST_05872,8,24,402.48,0.59,48,2,Bronze,0,9659.52,0
CUST_05873,29,15,367.01,0.82,46,9,Bronze,0,5505.15,0
CUST_05874,112,41,482.68,0.66,32,4,Bronze,0,19789.88,0
CUST_05875,161,42,393.51,0.26,7,8,Bronze,0,16527.42,0
CUST_05876,131,23,156.33,0.06,74,3,Bronze,0,3595.59,0
CUST_05877,188,4,324.28,0.0,12,3,Bronze,0,1297.12,1
CUST_05878,163,38,339.4,0.9,55,5,Silver,0,12897.2,0
CUST_05879,197,4,499.03,0.94,23,6,Bronze,0,1996.12,0
CUST_05880,364,5,77.98,0.09,75,5,Bronze,0,389.9,1
CUST_05881,204,41,103.75,0.49,52,3,Silver,0,4253.75,0
CUST_05882,212,44,86.2,0.15,13,6,Bronze,1,3792.8,0
CUST_05883,109,23,298.64,0.95,76,9,Bronze,0,6868.72,0
CUST_05884,276,40,76.3,0.25,71,2,Bronze,0,3052.0,0
CUST_05885,73,37,331.44,0.5,53,2,Silver,0,12263.28,0
CUST_05886,167,11,403.85,0.17,63,6,Bronze,0,4442.35,1
CUST_05887,260,11,222.07,0.33,74,5,Gold,0,2442.77,1
CUST_05888,243,13,284.74,0.27,71,1,Silver,0,3701.62,1
CUST_05889,275,14,457.23,0.48,51,0,Bronze,0,6401.22,0
CUST_05890,102,8,289.09,0.42,58,5,Bronze,0,2312.72,0
CUST_05891,173,25,112.22,0.33,27,8,Silver,1,2805.5,0
CUST_05892,171,18,178.16,0.11,7,2,Bronze,1,3206.88,0
CUST_05893,141,44,269.62,0.48,50,8,Bronze,0,11863.28,0
CUST_05894,188,44,85.9,0.85,24,5,Silver,0,3779.6,0
CUST_05895,86,18,310.13,0.73,87,3,Bronze,0,5582.34,0
CUST_05896,52,10,499.63,0.72,25,9,Bronze,1,4996.3,0
CUST_05897,111,7,329.74,0.37,44,9,Bronze,0,2308.18,0
CUST_05898,342,44,192.48,0.71,36,9,Bronze,1,8469.12,0
CUST_05899,43,14,172.56,0.47,57,1,Bronze,1,2415.84,0
CUST_05900,211,15,466.49,0.15,97,8,Bronze,0,6997.35,1
CUST_05901,200,16,437.04,0.42,37,4,Bronze,0,6992.64,0
CUST_05902,298,2,241.46,0.13,52,4,Bronze,0,482.92,1
CUST_05903,346,30,183.17,0.11,63,1,Bronze,1,5495.1,0
CUST_05904,240,30,358.13,0.02,7,4,Bronze,0,10743.9,1
CUST_05905,115,18,164.11,0.28,94,5,Bronze,0,2953.98,0
CUST_05906,26,31,68.51,0.33,60,1,Bronze,0,2123.81,0
CUST_05907,299,44,161.97,0.7,95,0,Bronze,1,7126.68,0
CUST_05908,77,48,222.81,0.54,37,5,Bronze,0,10694.88,0
CUST_05909,137,13,135.15,0.86,21,8,Bronze,0,1756.95,0
CUST_05910,20,20,116.24,0.18,98,8,Bronze,0,2324.8,0
CUST_05911,211,49,13.01,0.27,46,8,Bronze,0,637.49,0
CUST_05912,240,35,319.11,0.94,21,4,Gold,0,11168.85,0
CUST_05913,39,23,311.08,0.44,84,9,Bronze,0,7154.84,0
CUST_05914,268,42,102.13,0.79,98,0,Silver,0,4289.46,0
CUST_05915,207,33,472.39,0.49,72,2,Bronze,0,15588.87,0
CUST_05916,267,38,210.69,0.47,96,7,Bronze,0,8006.22,0
CUST_05917,154,35,22.48,0.15,52,8,Bronze,1,786.8,0
CUST_05918,42,36,117.69,0.85,94,3,Bronze,0,4236.84,0
CUST_05919,11,20,349.11,0.08,29,2,Bronze,0,6982.2,0
CUST_05920,294,3,108.79,0.31,69,1,Silver,0,326.37,1
CUST_05921,98,8,36.42,0.67,94,4,Gold,0,291.36,0
CUST_05922,275,40,312.68,0.51,76,1,Bronze,0,12507.2,0
CUST_05923,230,32,263.99,0.88,39,8,Gold,0,8447.68,0
CUST_05924,220,29,383.02,0.04,27,9,Bronze,0,11107.58,1
CUST_05925,65,7,388.59,0.65,77,8,Bronze,0,2720.13,0
CUST_05926,355,2,480.37,0.48,10,2,Silver,0,960.74,1
CUST_05927,232,21,37.94,0.15,36,3,Bronze,0,796.74,1
CUST_05928,328,6,29.1,0.74,95,8,Bronze,0,174.6,1
CUST_05929,52,28,493.73,0.41,16,0,Bronze,0,13824.44,0
CUST_05930,263,48,325.98,0.53,36,6,Bronze,0,15647.04,0
CUST_05931,267,42,360.53,0.97,90,1,Bronze,0,15142.26,0
CUST_05932,359,36,57.28,0.49,84,8,Bronze,0,2062.08,1
CUST_05933,317,32,44.21,0.82,34,2,Bronze,0,1414.72,0
CUST_05934,324,45,88.52,0.77,37,5,Bronze,1,3983.4,0
CUST_05935,154,42,219.33,0.66,72,4,Bronze,0,9211.86,0
CUST_05936,358,46,63.99,0.9,68,1,Bronze,0,2943.54,0
CUST_05937,140,9,228.7,0.25,59,8,Bronze,0,2058.3,1
CUST_05938,51,11,285.15,0.82,29,2,Bronze,0,3136.65,0
CUST_05939,117,23,10.16,0.38,31,5,Bronze,1,233.68,0
CUST_05940,46,11,65.98,0.81,66,8,Bronze,0,725.78,0
CUST_05941,309,49,193.85,0.49,89,7,Gold,0,9498.65,0
CUST_05942,88,2,36.13,0.86,3,9,Bronze,0,72.26,0
CUST_05943,208,3,75.43,0.89,69,4,Silver,0,226.29,0
CUST_05944,269,11,123.58,0.6,22,5,Silver,1,1359.38,0
CUST_05945,89,35,220.5,0.51,80,2,Gold,0,7717.5,0
CUST_05946,118,15,360.27,0.78,73,4,Silver,1,5404.05,0
CUST_05947,54,43,75.02,0.27,53,5,Silver,0,3225.86,0
CUST_05948,116,11,371.6,0.02,48,2,Bronze,0,4087.6,0
CUST_05949,118,31,428.98,0.41,73,9,Silver,0,13298.38,0
CUST_05950,260,28,329.22,0.51,76,1,Bronze,0,9218.16,0
CUST_05951,75,28,31.43,0.3,47,9,Bronze,0,880.04,0
CUST_05952,305,32,225.92,0.38,42,8,Bronze,0,7229.44,1
CUST_05953,7,25,333.43,0.13,4,6,Bronze,0,8335.75,0
CUST_05954,122,20,489.47,0.28,82,3,Bronze,0,9789.4,0
CUST_05955,11,28,476.39,0.24,82,2,Silver,0,13338.92,0
CUST_05956,348,25,203.89,0.3,42,3,Bronze,1,5097.25,0
CUST_05957,215,11,311.81,0.3,43,8,Bronze,0,3429.91,1
CUST_05958,279,19,446.5,0.56,97,8,Bronze,0,8483.5,1
CUST_05959,28,28,417.21,0.25,42,5,Bronze,0,11681.88,0
CUST_05960,235,1,244.92,0.94,3,8,Bronze,0,244.92,0
CUST_05961,313,5,138.01,0.51,59,8,Bronze,0,690.05,1
CUST_05962,26,10,77.18,0.13,81,5,Bronze,0,771.8,0
CUST_05963,54,42,249.11,0.28,76,4,Bronze,0,10462.62,0
CUST_05964,29,46,364.19,0.73,11,2,Bronze,0,16752.74,0
CUST_05965,353,34,485.19,0.01,81,0,Silver,0,16496.46,1
CUST_05966,164,36,432.29,0.94,35,3,Bronze,0,15562.44,0
CUST_05967,270,2,110.08,0.45,50,0,Bronze,0,220.16,1
CUST_05968,334,18,362.69,0.52,63,0,Bronze,0,6528.42,1
CUST_05969,35,13,151.66,0.99,70,5,Bronze,0,1971.58,0
CUST_05970,286,5,344.9,0.5,99,4,Bronze,0,1724.5,1
CUST_05971,348,20,336.24,0.95,6,6,Bronze,0,6724.8,0
CUST_05972,273,2,143.49,0.92,32,0,Bronze,0,286.98,0
CUST_05973,208,11,124.85,0.94,11,0,Bronze,0,1373.35,0
CUST_05974,238,30,60.93,0.81,43,7,Bronze,0,1827.9,0
CUST_05975,93,32,34.76,0.3,39,5,Bronze,0,1112.32,0
CUST_05976,173,32,430.64,0.35,13,7,Silver,0,13780.48,0
CUST_05977,79,38,34.43,0.36,13,5,Bronze,1,1308.34,0
CUST_05978,110,28,53.48,0.98,39,5,Silver,0,1497.44,0
CUST_05979,217,10,127.04,0.36,46,9,Bronze,0,1270.4,1
CUST_05980,358,22,444.95,0.11,34,6,Bronze,0,9788.9,1
CUST_05981,106,17,173.14,0.78,67,1,Bronze,0,2943.38,0
CUST_05982,47,22,103.98,0.37,32,2,Bronze,0,2287.56,0
CUST_05983,181,43,360.62,0.62,68,3,Bronze,0,15506.66,0
CUST_05984,64,19,166.34,0.92,65,0,Gold,0,3160.46,0
CUST_05985,246,17,173.35,0.58,73,8,Gold,0,2946.95,1
CUST_05986,244,24,372.1,0.64,7,8,Gold,0,8930.4,0
CUST_05987,320,36,133.31,0.64,91,3,Bronze,1,4799.16,0
CUST_05988,87,32,449.41,0.61,3,0,Bronze,0,14381.12,0
CUST_05989,217,46,285.1,0.16,86,0,Bronze,1,13114.6,0
CUST_05990,7,36,273.54,0.46,80,5,Bronze,0,9847.44,0
CUST_05991,278,28,139.73,0.01,72,1,Bronze,0,3912.44,1
CUST_05992,337,14,419.2,0.63,69,0,Gold,0,5868.8,1
CUST_05993,210,36,290.65,0.58,49,9,Bronze,0,10463.4,0
CUST_05994,169,6,86.2,0.32,58,1,Bronze,0,517.2,0
CUST_05995,330,9,111.09,0.52,94,6,Bronze,1,999.81,0
CUST_05996,138,21,239.45,0.49,28,3,Bronze,0,5028.45,0
CUST_05997,306,12,392.02,0.25,27,6,Bronze,0,4704.24,1
CUST_05998,230,30,470.25,0.29,22,6,Bronze,0,14107.5,0
CUST_05999,308,31,335.11,0.76,94,3,Bronze,1,10388.41,0
CUST_06000,161,40,258.01,0.76,71,1,Silver,0,10320.4,0
CUST_06001,1,4,132.86,0.47,94,8,Bronze,0,531.44,0
CUST_06002,236,31,339.71,0.72,13,9,Bronze,0,10531.01,0
CUST_06003,188,27,491.3,0.45,22,9,Bronze,1,13265.1,0
CUST_06004,4,25,243.35,0.85,75,2,Silver,0,6083.75,0
CUST_06005,132,5,89.45,0.33,5,0,Silver,0,447.25,0
CUST_06006,218,6,60.64,0.93,22,7,Bronze,0,363.84,0
CUST_06007,260,5,141.94,0.54,79,3,Silver,0,709.7,1
CUST_06008,1,27,289.03,0.54,53,8,Bronze,0,7803.81,0
CUST_06009,71,8,473.93,0.67,39,7,Silver,0,3791.44,0
CUST_06010,178,9,156.59,0.34,37,6,Silver,0,1409.31,1
CUST_06011,189,15,159.64,0.72,31,8,Silver,1,2394.6,0
CUST_06012,291,36,245.78,0.32,62,1,Bronze,1,8848.08,0
CUST_06013,8,41,460.09,0.4,93,3,Bronze,0,18863.69,0
CUST_06014,253,7,215.34,0.67,81,4,Bronze,0,1507.38,0
CUST_06015,292,32,119.38,0.38,6,4,Bronze,0,3820.16,0
CUST_06016,244,8,89.93,0.2,81,0,Bronze,0,719.44,1
CUST_06017,123,47,233.94,0.87,34,8,Bronze,1,10995.18,0
CUST_06018,299,15,402.33,0.92,87,8,Bronze,0,6034.95,0
CUST_06019,283,37,152.76,0.63,52,4,Silver,0,5652.12,0
CUST_06020,32,19,261.14,0.81,30,9,Silver,0,4961.66,0
CUST_06021,334,39,305.47,0.99,13,2,Silver,1,11913.33,0
CUST_06022,146,6,230.73,0.61,58,7,Bronze,0,1384.38,0
CUST_06023,156,19,103.93,0.91,94,6,Bronze,1,1974.67,0
CUST_06024,16,28,461.66,0.36,53,4,Bronze,1,12926.48,0
CUST_06025,355,17,287.07,0.7,20,0,Bronze,0,4880.19,0
CUST_06026,47,42,367.28,0.06,6,6,Silver,1,15425.76,0
CUST_06027,251,19,321.66,0.79,55,0,Bronze,0,6111.54,0
CUST_06028,187,31,499.04,0.83,31,0,Bronze,0,15470.24,0
CUST_06029,31,11,233.59,0.4,59,8,Silver,0,2569.49,0
CUST_06030,260,15,218.24,0.64,19,5,Bronze,0,3273.6,0
CUST_06031,17,10,186.47,0.86,70,6,Bronze,0,1864.7,0
CUST_06032,39,43,187.2,0.88,98,1,Bronze,1,8049.6,0
CUST_06033,304,23,145.13,0.11,28,7,Bronze,0,3337.99,1
CUST_06034,39,3,490.51,0.83,13,6,Gold,0,1471.53,0
CUST_06035,132,3,436.68,0.27,52,4,Silver,0,1310.04,0
CUST_06036,30,18,165.17,0.73,74,7,Bronze,1,2973.06,0
CUST_06037,158,25,159.56,0.33,61,1,Bronze,0,3989.0,0
CUST_06038,278,43,60.73,0.06,41,5,Bronze,1,2611.39,0
CUST_06039,203,20,439.75,0.21,45,3,Gold,1,8795.0,0
CUST_06040,66,29,192.17,0.41,7,6,Bronze,1,5572.93,0
CUST_06041,108,22,290.58,0.74,82,5,Gold,0,6392.76,0
CUST_06042,268,15,451.19,0.1,86,5,Bronze,0,6767.85,1
CUST_06043,222,39,209.97,0.81,14,4,Silver,0,8188.83,0
CUST_06044,292,10,405.37,1.0,36,4,Silver,0,4053.7,0
CUST_06045,18,21,220.84,0.79,8,1,Silver,1,4637.64,0
CUST_06046,90,29,353.46,0.47,12,6,Silver,0,10250.34,0
CUST_06047,181,32,221.28,0.57,40,6,Bronze,0,7080.96,0
CUST_06048,255,10,202.45,0.01,97,7,Silver,0,2024.5,1
CUST_06049,253,13,495.45,0.21,88,3,Bronze,0,6440.85,1
CUST_06050,257,47,310.05,0.9,62,8,Silver,0,14572.35,0
CUST_06051,346,23,190.02,0.02,14,9,Bronze,0,4370.46,1
CUST_06052,87,23,136.33,0.9,49,2,Bronze,0,3135.59,0
CUST_06053,90,31,29.49,0.11,51,2,Silver,0,914.19,0
CUST_06054,237,4,356.22,0.13,62,1,Bronze,1,1424.88,0
CUST_06055,70,49,192.36,0.18,5,9,Silver,0,9425.64,0
CUST_06056,44,3,412.41,0.8,83,6,Bronze,0,1237.23,0
CUST_06057,200,21,188.3,0.48,67,9,Bronze,0,3954.3,0
CUST_06058,152,2,192.93,0.15,1,1,Bronze,1,385.86,0
CUST_06059,86,4,391.8,0.69,97,6,Silver,1,1567.2,0
CUST_06060,19,1,249.84,0.94,49,2,Bronze,0,249.84,0
CUST_06061,101,15,443.6,0.57,17,0,Gold,0,6654.0,0
CUST_06062,95,33,299.17,0.1,73,7,Bronze,0,9872.61,0
CUST_06063,254,6,127.92,0.05,95,7,Bronze,0,767.52,1
CUST_06064,357,7,288.45,0.8,35,9,Bronze,0,2019.15,1
CUST_06065,30,19,11.96,0.63,67,0,Bronze,0,227.24,0
CUST_06066,249,44,163.07,0.92,13,5,Bronze,0,7175.08,0
CUST_06067,33,1,111.9,0.55,37,3,Bronze,0,111.9,0
CUST_06068,229,39,330.55,0.06,38,4,Bronze,0,12891.45,0
CUST_06069,12,19,76.66,0.4,78,7,Silver,0,1456.54,0
CUST_06070,118,45,152.15,0.66,6,7,Silver,0,6846.75,0
CUST_06071,350,26,172.34,0.38,93,6,Bronze,0,4480.84,1
CUST_06072,155,44,11.61,1.0,63,4,Bronze,1,510.84,0
CUST_06073,246,12,32.92,0.41,49,5,Bronze,0,395.04,1
CUST_06074,332,22,162.45,0.55,9,7,Bronze,0,3573.9,1
CUST_06075,247,13,118.95,0.23,36,4,Bronze,1,1546.35,0
CUST_06076,29,28,67.28,0.15,23,2,Bronze,0,1883.84,0
CUST_06077,161,14,85.54,0.65,79,8,Bronze,0,1197.56,0
CUST_06078,235,22,419.41,0.59,57,8,Gold,0,9227.02,0
CUST_06079,190,30,344.83,0.0,50,9,Bronze,0,10344.9,1
CUST_06080,117,44,247.22,0.28,59,0,Bronze,0,10877.68,0
CUST_06081,271,20,455.35,0.64,7,6,Bronze,0,9107.0,0
CUST_06082,258,44,24.48,0.81,47,3,Bronze,0,1077.12,0
CUST_06083,180,27,179.02,0.31,89,5,Bronze,0,4833.54,0
CUST_06084,172,38,413.46,0.65,87,6,Bronze,0,15711.48,0
CUST_06085,274,42,317.86,0.27,75,7,Bronze,0,13350.12,0
CUST_06086,259,41,491.03,0.69,56,4,Bronze,0,20132.23,0
CUST_06087,135,34,472.81,0.7,8,4,Bronze,0,16075.54,0
CUST_06088,171,39,93.27,0.13,36,5,Bronze,0,3637.53,0
CUST_06089,210,41,486.27,0.67,42,6,Silver,0,19937.07,0
CUST_06090,236,44,473.31,0.33,39,4,Bronze,0,20825.64,0
CUST_06091,186,37,193.07,0.17,65,4,Silver,0,7143.59,0
CUST_06092,364,1,491.61,0.5,44,3,Bronze,0,491.61,1
CUST_06093,95,15,27.56,0.45,77,0,Bronze,0,413.4,0
CUST_06094,11,32,333.77,0.77,80,6,Bronze,0,10680.64,0
CUST_06095,68,8,140.41,0.08,46,6,Bronze,0,1123.28,0
CUST_06096,210,33,73.44,0.79,13,5,Gold,1,2423.52,0
CUST_06097,196,18,292.99,0.11,37,9,Bronze,0,5273.82,1
CUST_06098,98,45,160.11,0.21,14,1,Bronze,1,7204.95,0
CUST_06099,93,29,336.74,0.52,13,1,Silver,0,9765.46,0
CUST_06100,22,32,274.59,0.46,12,5,Bronze,0,8786.88,0
CUST_06101,172,33,202.37,0.99,55,8,Bronze,0,6678.21,0
CUST_06102,134,5,99.09,0.59,28,4,Silver,0,495.45,0
CUST_06103,25,18,304.61,0.33,22,6,Bronze,0,5482.98,0
CUST_06104,185,48,416.32,0.9,84,1,Silver,0,19983.36,0
CUST_06105,85,10,304.0,0.31,19,5,Bronze,0,3040.0,0
CUST_06106,55,36,309.16,0.27,75,5,Bronze,1,11129.76,0
CUST_06107,251,33,260.8,0.49,30,9,Gold,0,8606.4,0
CUST_06108,144,23,200.24,0.91,54,5,Silver,0,4605.52,0
CUST_06109,351,40,234.15,0.71,90,5,Silver,0,9366.0,0
CUST_06110,167,5,494.88,0.68,15,3,Bronze,0,2474.4,0
CUST_06111,224,34,377.34,0.73,30,4,Bronze,0,12829.56,0
CUST_06112,220,24,220.97,0.66,29,3,Silver,0,5303.28,0
CUST_06113,179,17,234.08,0.76,32,5,Bronze,0,3979.36,0
CUST_06114,119,31,254.82,0.19,30,8,Silver,0,7899.42,0
CUST_06115,265,7,333.06,0.18,16,4,Silver,0,2331.42,1
CUST_06116,150,17,238.32,0.36,36,4,Silver,0,4051.44,0
CUST_06117,215,28,346.23,0.85,82,2,Bronze,0,9694.44,0
CUST_06118,197,38,171.3,0.71,48,6,Bronze,0,6509.4,0
CUST_06119,42,22,211.21,0.57,28,4,Silver,0,4646.62,0
CUST_06120,53,15,433.39,0.02,62,1,Gold,0,6500.85,0
CUST_06121,330,37,171.16,0.24,83,8,Silver,0,6332.92,1
CUST_06122,251,15,482.57,0.8,56,4,Silver,0,7238.55,0
CUST_06123,295,25,94.53,0.24,56,6,Bronze,0,2363.25,1
CUST_06124,271,21,128.42,0.73,75,6,Bronze,0,2696.82,0
CUST_06125,123,38,237.2,0.18,17,9,Silver,0,9013.6,0
CUST_06126,339,2,400.73,0.61,62,7,Bronze,0,801.46,1
CUST_06127,266,27,368.47,0.63,21,3,Bronze,0,9948.69,0
CUST_06128,348,49,95.49,0.75,37,6,Silver,1,4679.01,0
CUST_06129,29,32,125.98,0.44,34,2,Silver,1,4031.36,0
CUST_06130,35,21,291.88,0.63,97,8,Bronze,0,6129.48,0
CUST_06131,6,4,154.63,0.49,29,7,Bronze,0,618.52,0
CUST_06132,111,44,216.94,0.95,68,9,Silver,0,9545.36,0
CUST_06133,294,19,248.43,0.52,96,8,Gold,0,4720.17,1
CUST_06134,77,2,301.18,0.21,60,1,Bronze,1,602.36,0
CUST_06135,349,26,133.02,0.67,11,3,Silver,0,3458.52,0
CUST_06136,147,34,89.94,0.55,90,0,Bronze,0,3057.96,0
CUST_06137,67,14,205.3,0.8,82,7,Bronze,0,2874.2,0
CUST_06138,8,15,50.19,0.18,96,3,Silver,0,752.85,0
CUST_06139,122,20,268.11,0.26,60,3,Bronze,0,5362.2,0
CUST_06140,340,34,421.41,0.92,91,6,Bronze,0,14327.94,0
CUST_06141,175,36,68.3,0.93,80,5,Bronze,0,2458.8,0
CUST_06142,179,19,65.24,0.44,74,2,Bronze,1,1239.56,0
CUST_06143,85,9,49.31,0.05,34,7,Bronze,0,443.79,1
CUST_06144,45,7,425.45,0.31,33,1,Bronze,1,2978.15,0
CUST_06145,136,30,49.55,0.25,10,0,Silver,1,1486.5,0
CUST_06146,343,13,491.9,0.41,60,1,Bronze,1,6394.7,0
CUST_06147,16,27,185.58,0.32,26,8,Silver,0,5010.66,0
CUST_06148,333,44,171.09,0.83,25,4,Bronze,1,7527.96,0
CUST_06149,195,35,54.9,0.0,2,4,Bronze,0,1921.5,0
CUST_06150,9,13,296.96,0.64,90,5,Gold,0,3860.48,0
CUST_06151,316,15,297.08,0.66,84,2,Bronze,0,4456.2,0
CUST_06152,334,46,251.96,0.66,3,0,Bronze,0,11590.16,0
CUST_06153,333,9,162.4,0.52,32,7,Silver,1,1461.6,0
CUST_06154,327,45,190.6,0.61,1,6,Silver,0,8577.0,0
CUST_06155,15,23,167.05,0.81,24,7,Bronze,0,3842.15,0
CUST_06156,327,36,218.81,0.78,50,8,Bronze,1,7877.16,0
CUST_06157,102,40,177.48,0.03,43,1,Silver,0,7099.2,0
CUST_06158,226,3,341.0,0.03,44,4,Bronze,0,1023.0,1
CUST_06159,278,34,154.94,0.84,33,1,Bronze,0,5267.96,0
CUST_06160,113,19,181.91,0.57,38,7,Bronze,0,3456.29,0
CUST_06161,1,28,223.38,0.96,52,3,Bronze,0,6254.64,0
CUST_06162,266,23,11.94,0.43,35,3,Silver,0,274.62,0
CUST_06163,208,40,251.12,0.18,17,9,Bronze,0,10044.8,0
CUST_06164,110,49,135.35,0.47,58,7,Bronze,1,6632.15,0
CUST_06165,200,45,37.51,0.44,48,6,Bronze,0,1687.95,0
CUST_06166,306,7,456.4,0.52,43,0,Bronze,0,3194.8,1
CUST_06167,12,41,167.99,0.81,48,6,Bronze,0,6887.59,0
CUST_06168,345,12,218.78,0.66,44,9,Silver,0,2625.36,1
CUST_06169,188,14,415.4,0.19,33,2,Silver,0,5815.6,0
CUST_06170,154,46,91.73,0.73,75,4,Silver,0,4219.58,0
CUST_06171,334,15,426.65,0.59,87,7,Bronze,1,6399.75,0
CUST_06172,279,3,128.4,0.58,96,5,Bronze,1,385.2,0
CUST_06173,171,15,298.63,0.68,83,7,Bronze,0,4479.45,0
CUST_06174,134,24,345.98,0.56,76,4,Gold,0,8303.52,0
CUST_06175,25,46,453.46,0.46,92,9,Bronze,0,20859.16,0
CUST_06176,18,8,307.74,0.64,2,8,Silver,0,2461.92,0
CUST_06177,190,5,232.08,0.72,10,5,Silver,0,1160.4,0
CUST_06178,141,4,290.41,0.23,83,8,Silver,0,1161.64,1
CUST_06179,43,14,109.02,0.5,28,3,Bronze,0,1526.28,0
CUST_06180,334,16,347.65,0.46,47,1,Bronze,1,5562.4,0
CUST_06181,284,20,101.57,0.04,8,7,Silver,0,2031.4,1
CUST_06182,146,24,283.05,0.83,23,4,Bronze,0,6793.2,0
CUST_06183,315,6,327.33,0.38,48,1,Silver,1,1963.98,0
CUST_06184,319,31,450.31,0.07,94,5,Gold,0,13959.61,1
CUST_06185,92,6,230.59,0.46,92,2,Bronze,1,1383.54,0
CUST_06186,179,35,389.91,0.16,63,0,Bronze,0,13646.85,0
CUST_06187,56,15,92.09,0.7,77,5,Silver,0,1381.35,0
CUST_06188,155,29,86.54,0.57,37,7,Silver,0,2509.66,0
CUST_06189,160,3,267.15,0.27,12,0,Bronze,0,801.45,0
CUST_06190,111,11,302.21,0.95,74,2,Silver,0,3324.31,0
CUST_06191,137,3,319.85,0.29,81,5,Bronze,0,959.55,0
CUST_06192,232,28,375.38,0.55,65,9,Bronze,0,10510.64,0
CUST_06193,220,10,154.52,0.8,86,2,Bronze,0,1545.2,0
CUST_06194,68,33,315.08,0.51,15,6,Bronze,0,10397.64,0
CUST_06195,302,48,102.19,0.96,80,5,Gold,0,4905.12,0
CUST_06196,249,16,117.31,0.84,84,8,Gold,0,1876.96,0
CUST_06197,323,10,42.98,0.92,10,5,Bronze,0,429.8,0
CUST_06198,6,33,376.03,0.37,42,6,Silver,0,12408.99,0
CUST_06199,280,36,258.43,0.55,26,1,Bronze,0,9303.48,0
CUST_06200,94,3,126.71,0.84,49,9,Bronze,0,380.13,0
CUST_06201,269,5,282.56,0.9,23,3,Silver,0,1412.8,0
CUST_06202,197,12,183.58,0.94,64,4,Bronze,0,2202.96,0
CUST_06203,25,44,420.23,0.88,17,1,Bronze,0,18490.12,0
CUST_06204,148,13,268.79,0.73,34,9,Silver,0,3494.27,0
CUST_06205,118,24,24.61,0.02,57,9,Bronze,0,590.64,1
CUST_06206,338,44,492.7,0.31,86,9,Bronze,1,21678.8,0
CUST_06207,338,32,46.41,0.13,4,6,Bronze,1,1485.12,0
CUST_06208,66,16,351.02,0.15,71,3,Gold,1,5616.32,0
CUST_06209,301,32,224.26,0.29,69,8,Gold,0,7176.32,1
CUST_06210,175,45,132.17,0.07,95,7,Bronze,0,5947.65,0
CUST_06211,319,37,341.46,0.24,83,9,Silver,1,12634.02,0
CUST_06212,76,36,71.69,0.96,68,8,Silver,0,2580.84,0
CUST_06213,114,21,430.54,0.31,50,7,Bronze,0,9041.34,0
CUST_06214,111,47,132.8,0.16,86,4,Bronze,0,6241.6,0
CUST_06215,249,12,187.11,0.72,67,8,Bronze,0,2245.32,0
CUST_06216,203,21,320.0,0.83,87,4,Bronze,0,6720.0,0
CUST_06217,147,21,10.5,0.31,68,7,Bronze,0,220.5,0
CUST_06218,35,43,241.65,0.28,88,3,Bronze,1,10390.95,0
CUST_06219,309,6,448.18,0.24,59,4,Gold,0,2689.08,1
CUST_06220,26,9,343.4,0.39,78,3,Bronze,0,3090.6,0
CUST_06221,238,1,200.07,0.09,63,1,Silver,0,200.07,1
CUST_06222,14,12,333.61,0.67,67,3,Bronze,0,4003.32,0
CUST_06223,45,14,468.92,0.82,85,4,Bronze,0,6564.88,0
CUST_06224,216,6,102.02,0.66,26,5,Silver,0,612.12,0
CUST_06225,233,1,270.59,0.42,1,3,Bronze,1,270.59,0
CUST_06226,193,22,125.02,0.29,94,9,Gold,0,2750.44,1
CUST_06227,51,34,428.57,0.41,68,3,Gold,0,14571.38,0
CUST_06228,214,11,363.31,0.42,78,5,Silver,0,3996.41,1
CUST_06229,151,3,402.53,0.67,18,6,Bronze,1,1207.59,0
CUST_06230,275,42,472.08,0.93,12,6,Gold,0,19827.36,0
CUST_06231,338,6,123.83,0.07,38,3,Bronze,0,742.98,1
CUST_06232,76,6,33.87,0.95,42,4,Gold,0,203.22,0
CUST_06233,220,20,152.54,0.91,36,2,Bronze,0,3050.8,0
CUST_06234,348,21,205.58,0.12,16,4,Bronze,0,4317.18,1
CUST_06235,187,2,316.33,0.18,65,9,Silver,0,632.66,1
CUST_06236,289,26,400.88,0.31,67,4,Bronze,0,10422.88,1
CUST_06237,28,31,181.4,0.56,39,3,Silver,0,5623.4,0
CUST_06238,180,26,242.01,0.13,99,5,Bronze,0,6292.26,0
CUST_06239,253,32,394.88,0.2,59,4,Bronze,0,12636.16,1
CUST_06240,126,10,120.41,0.9,79,7,Bronze,0,1204.1,0
CUST_06241,177,23,116.39,0.11,38,1,Bronze,0,2676.97,0
CUST_06242,37,6,298.72,0.4,16,5,Bronze,0,1792.32,0
CUST_06243,99,23,223.67,0.76,81,1,Bronze,0,5144.41,0
CUST_06244,98,28,474.96,0.89,98,5,Bronze,1,13298.88,0
CUST_06245,127,49,184.94,0.34,74,3,Bronze,0,9062.06,0
CUST_06246,168,30,382.18,0.16,11,0,Bronze,0,11465.4,0
CUST_06247,80,14,295.72,0.74,28,5,Bronze,0,4140.08,0
CUST_06248,294,37,36.74,0.77,91,2,Silver,0,1359.38,0
CUST_06249,333,32,51.35,0.98,82,6,Silver,0,1643.2,0
CUST_06250,126,49,109.55,0.14,94,2,Gold,0,5367.95,0
CUST_06251,343,34,80.14,0.71,77,9,Bronze,0,2724.76,1
CUST_06252,310,41,171.39,0.42,80,3,Bronze,0,7026.99,0
CUST_06253,150,44,293.7,0.91,2,8,Bronze,1,12922.8,0
CUST_06254,16,22,305.16,0.41,20,6,Silver,0,6713.52,0
CUST_06255,28,31,298.01,0.45,76,3,Bronze,0,9238.31,0
CUST_06256,173,7,67.63,0.13,93,1,Bronze,0,473.41,1
CUST_06257,46,41,304.11,0.32,72,4,Silver,1,12468.51,0
CUST_06258,328,21,210.78,0.4,38,7,Silver,0,4426.38,1
CUST_06259,236,16,452.5,0.02,56,1,Silver,1,7240.0,0
CUST_06260,214,20,456.87,0.44,84,8,Bronze,0,9137.4,0
CUST_06261,85,43,386.41,0.34,99,4,Bronze,0,16615.63,0
CUST_06262,282,44,354.52,0.8,39,5,Bronze,0,15598.88,0
CUST_06263,232,47,66.33,0.11,31,6,Bronze,0,3117.51,0
CUST_06264,85,19,51.5,0.76,80,8,Bronze,0,978.5,0
CUST_06265,65,48,422.01,0.71,23,6,Bronze,1,20256.48,0
CUST_06266,134,32,219.24,0.24,34,3,Bronze,0,7015.68,0
CUST_06267,151,15,231.17,0.08,96,4,Silver,0,3467.55,1
CUST_06268,115,5,425.42,0.84,17,2,Bronze,0,2127.1,0
CUST_06269,64,11,314.5,0.25,24,0,Gold,1,3459.5,0
CUST_06270,343,15,97.91,0.15,35,2,Silver,0,1468.65,1
CUST_06271,363,29,113.4,0.36,23,0,Silver,0,3288.6,1
CUST_06272,352,45,13.12,0.4,8,4,Bronze,0,590.4,0
CUST_06273,158,4,358.23,0.33,54,6,Bronze,0,1432.92,1
CUST_06274,77,49,247.95,0.98,87,8,Bronze,1,12149.55,0
CUST_06275,146,36,475.48,0.88,21,3,Bronze,0,17117.28,0
CUST_06276,343,48,359.87,0.87,19,9,Bronze,0,17273.76,0
CUST_06277,225,23,60.54,0.4,31,9,Bronze,1,1392.42,0
CUST_06278,313,15,89.16,0.96,50,0,Silver,0,1337.4,0
CUST_06279,103,46,255.85,0.68,71,6,Bronze,0,11769.1,0
CUST_06280,347,44,463.19,0.83,24,2,Silver,0,20380.36,0
CUST_06281,301,3,131.15,0.5,46,0,Gold,0,393.45,1
CUST_06282,88,32,414.53,0.16,8,3,Gold,0,13264.96,0
CUST_06283,303,10,163.01,0.89,77,8,Bronze,0,1630.1,1
CUST_06284,168,40,142.25,0.49,3,5,Bronze,0,5690.0,0
CUST_06285,170,38,451.68,0.97,34,5,Bronze,0,17163.84,0
CUST_06286,135,22,33.15,0.25,77,6,Bronze,0,729.3,0
CUST_06287,50,14,333.76,0.99,57,0,Bronze,0,4672.64,0
CUST_06288,340,17,31.15,0.22,58,4,Gold,0,529.55,1
CUST_06289,347,21,402.37,0.37,96,3,Gold,0,8449.77,1
CUST_06290,134,48,416.41,0.59,35,3,Bronze,0,19987.68,0
CUST_06291,347,15,447.74,0.69,21,6,Silver,0,6716.1,1
CUST_06292,137,15,101.18,0.72,65,1,Bronze,0,1517.7,0
CUST_06293,245,1,71.0,0.48,66,4,Bronze,0,71.0,1
CUST_06294,109,24,256.73,0.08,57,6,Silver,0,6161.52,0
CUST_06295,313,12,143.1,0.5,42,2,Bronze,0,1717.2,1
CUST_06296,287,10,307.09,0.33,43,1,Silver,0,3070.9,1
CUST_06297,21,46,261.74,0.66,26,0,Gold,0,12040.04,0
CUST_06298,90,42,80.98,0.18,67,4,Bronze,0,3401.16,0
CUST_06299,296,42,372.24,0.39,88,4,Gold,0,15634.08,0
CUST_06300,112,31,403.85,0.97,26,3,Bronze,1,12519.35,0
CUST_06301,301,11,481.89,0.09,8,7,Bronze,0,5300.79,1
CUST_06302,77,16,203.81,0.6,47,1,Bronze,0,3260.96,0
CUST_06303,177,9,175.49,0.09,37,3,Silver,0,1579.41,1
CUST_06304,343,47,104.21,0.16,72,4,Silver,0,4897.87,1
CUST_06305,148,14,98.62,0.6,82,8,Silver,0,1380.68,0
CUST_06306,101,19,167.32,0.44,18,2,Bronze,0,3179.08,0
CUST_06307,246,31,491.09,0.55,76,0,Bronze,0,15223.79,0
CUST_06308,117,9,55.21,0.88,36,3,Bronze,0,496.89,0
CUST_06309,92,36,137.09,0.82,2,9,Bronze,0,4935.24,0
CUST_06310,28,39,52.13,0.89,84,5,Bronze,0,2033.07,0
CUST_06311,25,26,144.08,0.62,3,6,Bronze,0,3746.08,0
CUST_06312,58,8,55.28,0.49,34,3,Bronze,0,442.24,0
CUST_06313,297,24,259.07,0.46,46,3,Bronze,0,6217.68,1
CUST_06314,134,8,224.79,0.74,62,5,Bronze,1,1798.32,0
CUST_06315,331,19,95.28,0.52,70,0,Bronze,1,1810.32,0
CUST_06316,249,47,95.66,0.11,57,4,Silver,0,4496.02,0
CUST_06317,38,48,316.79,0.14,10,2,Silver,0,15205.92,0
CUST_06318,75,30,199.69,0.36,88,7,Silver,0,5990.7,0
CUST_06319,142,22,37.54,0.07,18,4,Silver,0,825.88,0
CUST_06320,322,9,460.89,0.24,33,6,Bronze,0,4148.01,1
CUST_06321,168,44,208.43,0.66,7,7,Bronze,1,9170.92,0
CUST_06322,259,48,299.61,0.01,45,7,Bronze,0,14381.28,1
CUST_06323,355,4,443.85,0.6,29,1,Bronze,0,1775.4,1
CUST_06324,225,37,207.06,0.77,83,1,Silver,0,7661.22,0
CUST_06325,152,8,412.12,0.17,38,9,Silver,0,3296.96,1
CUST_06326,19,1,458.23,0.18,39,4,Bronze,0,458.23,0
CUST_06327,146,28,95.29,0.03,25,2,Bronze,0,2668.12,0
CUST_06328,241,6,447.32,0.51,17,9,Bronze,0,2683.92,1
CUST_06329,344,47,68.72,0.65,61,0,Bronze,0,3229.84,0
CUST_06330,237,36,144.81,0.46,51,7,Silver,0,5213.16,0
CUST_06331,35,11,406.02,0.39,37,5,Silver,0,4466.22,0
CUST_06332,190,5,451.34,0.45,67,2,Bronze,0,2256.7,0
CUST_06333,1,24,345.23,0.78,24,7,Gold,0,8285.52,0
CUST_06334,153,47,61.36,0.03,82,0,Bronze,0,2883.92,0
CUST_06335,126,18,266.27,0.78,49,2,Bronze,0,4792.86,0
CUST_06336,345,20,290.59,0.67,90,8,Silver,0,5811.8,1
CUST_06337,226,28,148.11,0.24,21,5,Gold,1,4147.08,0
CUST_06338,221,13,495.73,0.52,75,0,Gold,0,6444.49,0
CUST_06339,211,5,174.46,0.05,57,8,Bronze,1,872.3,0
CUST_06340,25,30,113.02,0.38,41,6,Bronze,1,3390.6,0
CUST_06341,16,1,63.97,0.17,17,0,Bronze,0,63.97,0
CUST_06342,182,22,195.47,0.02,21,0,Silver,0,4300.34,0
CUST_06343,329,18,349.38,0.36,68,4,Silver,0,6288.84,1
CUST_06344,129,46,123.39,0.73,96,3,Silver,0,5675.94,0
CUST_06345,42,5,387.08,0.92,82,7,Bronze,1,1935.4,0
CUST_06346,336,31,76.35,0.66,64,1,Silver,0,2366.85,0
CUST_06347,236,6,225.83,0.4,44,5,Gold,0,1354.98,1
CUST_06348,360,27,354.16,1.0,28,7,Bronze,0,9562.32,0
CUST_06349,34,25,76.3,0.28,36,0,Bronze,1,1907.5,0
CUST_06350,345,29,302.94,0.19,37,2,Bronze,0,8785.26,1
CUST_06351,45,28,401.49,0.46,44,0,Bronze,0,11241.72,0
CUST_06352,134,16,301.82,0.5,50,6,Silver,0,4829.12,0
CUST_06353,21,12,260.62,0.35,90,0,Bronze,0,3127.44,0
CUST_06354,122,20,420.77,0.7,55,8,Bronze,1,8415.4,0
CUST_06355,70,18,492.86,0.18,88,7,Bronze,0,8871.48,0
CUST_06356,352,34,98.84,0.51,10,2,Bronze,0,3360.56,0
CUST_06357,361,23,348.76,0.5,38,3,Bronze,0,8021.48,1
CUST_06358,48,45,49.52,0.82,49,8,Bronze,0,2228.4,0
CUST_06359,39,27,30.99,0.93,72,9,Silver,0,836.73,0
CUST_06360,287,49,147.6,0.66,2,5,Bronze,0,7232.4,0
CUST_06361,10,17,485.75,0.31,44,4,Gold,1,8257.75,0
CUST_06362,30,48,280.58,0.69,35,4,Bronze,0,13467.84,0
CUST_06363,244,21,141.45,0.25,21,0,Bronze,0,2970.45,0
CUST_06364,274,40,74.97,0.97,57,0,Bronze,0,2998.8,0
CUST_06365,88,31,460.89,0.82,91,2,Bronze,1,14287.59,0
CUST_06366,244,3,187.56,0.43,23,1,Bronze,0,562.68,1
CUST_06367,329,17,160.28,0.78,32,9,Bronze,1,2724.76,0
CUST_06368,15,26,430.4,0.41,90,0,Bronze,0,11190.4,0
CUST_06369,4,23,306.16,0.07,71,4,Bronze,0,7041.68,0
CUST_06370,191,6,92.63,0.71,33,2,Bronze,0,555.78,0
CUST_06371,168,28,216.54,0.4,17,6,Bronze,0,6063.12,0
CUST_06372,9,8,464.83,0.93,72,7,Bronze,0,3718.64,0
CUST_06373,109,45,451.59,0.31,42,9,Gold,0,20321.55,0
CUST_06374,137,8,44.35,0.84,17,5,Bronze,1,354.8,0
CUST_06375,154,19,141.62,0.68,48,4,Bronze,0,2690.78,0
CUST_06376,209,38,85.72,0.85,48,9,Bronze,1,3257.36,0
CUST_06377,272,29,271.57,0.29,82,4,Silver,0,7875.53,1
CUST_06378,143,23,377.49,0.46,57,0,Bronze,0,8682.27,0
CUST_06379,99,47,154.82,0.82,61,5,Bronze,1,7276.54,0
CUST_06380,308,32,381.42,0.64,44,5,Silver,0,12205.44,0
CUST_06381,69,10,337.67,0.36,23,2,Silver,0,3376.7,0
CUST_06382,247,27,366.83,0.51,76,3,Bronze,0,9904.41,0
CUST_06383,261,49,474.64,1.0,87,3,Bronze,1,23257.36,0
CUST_06384,276,1,218.06,0.74,53,5,Silver,1,218.06,0
CUST_06385,79,39,177.86,0.61,33,7,Bronze,0,6936.54,0
CUST_06386,146,29,345.09,0.83,56,8,Bronze,0,10007.61,0
CUST_06387,111,45,405.7,0.44,28,8,Silver,0,18256.5,0
CUST_06388,258,3,103.81,0.95,23,4,Gold,0,311.43,0
CUST_06389,93,47,424.93,0.55,63,7,Bronze,0,19971.71,0
CUST_06390,13,37,38.35,0.33,7,7,Bronze,0,1418.95,0
CUST_06391,260,31,13.13,0.09,2,9,Bronze,0,407.03,1
CUST_06392,109,11,87.63,0.38,65,3,Bronze,0,963.93,0
CUST_06393,330,22,489.55,0.57,4,3,Bronze,0,10770.1,1
CUST_06394,189,18,266.55,0.7,8,2,Silver,0,4797.9,0
CUST_06395,95,35,32.82,0.88,49,4,Bronze,0,1148.7,0
CUST_06396,105,6,498.62,0.94,29,7,Bronze,1,2991.72,0
CUST_06397,8,3,375.01,0.1,82,7,Bronze,0,1125.03,0
CUST_06398,67,5,420.62,0.6,55,8,Bronze,1,2103.1,0
CUST_06399,191,9,114.34,0.67,37,0,Bronze,0,1029.06,0
CUST_06400,256,28,61.67,0.17,95,3,Bronze,1,1726.76,0
CUST_06401,9,19,262.39,0.55,6,5,Bronze,0,4985.41,0
CUST_06402,117,28,388.37,0.33,24,4,Bronze,1,10874.36,0
CUST_06403,267,27,322.51,0.08,79,3,Silver,0,8707.77,1
CUST_06404,99,13,319.22,0.07,40,2,Bronze,1,4149.86,0
CUST_06405,298,38,380.98,0.76,12,1,Silver,0,14477.24,0
CUST_06406,164,43,121.24,0.62,64,8,Bronze,0,5213.32,0
CUST_06407,141,21,334.14,0.72,46,9,Bronze,1,7016.94,0
CUST_06408,268,27,202.13,0.69,14,2,Bronze,0,5457.51,0
CUST_06409,37,46,44.18,0.13,27,3,Bronze,0,2032.28,0
CUST_06410,74,6,109.05,0.15,37,0,Bronze,1,654.3,0
CUST_06411,73,38,399.06,0.25,77,0,Bronze,0,15164.28,0
CUST_06412,308,49,449.01,0.4,62,9,Bronze,1,22001.49,0
CUST_06413,199,11,148.58,0.94,67,8,Bronze,0,1634.38,0
CUST_06414,130,47,103.28,0.67,80,3,Silver,0,4854.16,0
CUST_06415,246,41,23.1,0.26,76,9,Bronze,0,947.1,0
CUST_06416,312,17,474.37,0.06,14,3,Silver,0,8064.29,1
CUST_06417,60,39,345.09,0.68,98,5,Silver,0,13458.51,0
CUST_06418,279,7,478.94,0.63,95,1,Bronze,0,3352.58,0
CUST_06419,103,30,433.29,0.68,39,5,Bronze,0,12998.7,0
CUST_06420,296,21,176.83,0.26,5,6,Bronze,0,3713.43,1
CUST_06421,320,1,65.21,0.52,76,0,Gold,0,65.21,1
CUST_06422,341,25,254.54,0.36,26,7,Bronze,1,6363.5,0
CUST_06423,151,32,23.14,0.82,81,5,Bronze,0,740.48,0
CUST_06424,157,8,83.46,0.07,53,8,Bronze,0,667.68,1
CUST_06425,206,5,124.38,0.28,63,3,Silver,1,621.9,0
CUST_06426,179,30,336.17,0.6,11,1,Bronze,0,10085.1,0
CUST_06427,197,8,259.84,0.21,33,8,Bronze,0,2078.72,1
CUST_06428,223,49,158.19,0.67,41,7,Silver,0,7751.31,0
CUST_06429,89,19,286.74,0.14,40,1,Gold,0,5448.06,0
CUST_06430,287,44,71.35,0.02,46,7,Gold,1,3139.4,0
CUST_06431,276,30,380.3,0.86,4,7,Bronze,0,11409.0,0
CUST_06432,236,15,358.9,0.33,96,4,Silver,0,5383.5,1
CUST_06433,183,36,116.09,0.16,95,6,Gold,0,4179.24,0
CUST_06434,209,44,307.13,0.17,11,6,Bronze,0,13513.72,0
CUST_06435,130,27,256.62,0.89,81,3,Bronze,0,6928.74,0
CUST_06436,153,13,39.8,0.65,27,5,Bronze,0,517.4,0
CUST_06437,13,14,146.3,0.96,8,9,Bronze,0,2048.2,0
CUST_06438,122,37,499.75,0.8,21,5,Gold,1,18490.75,0
CUST_06439,359,48,58.77,0.77,97,5,Gold,1,2820.96,0
CUST_06440,220,30,258.14,0.5,5,8,Gold,0,7744.2,0
CUST_06441,106,39,426.17,0.82,62,1,Bronze,0,16620.63,0
CUST_06442,70,47,157.32,0.41,32,9,Silver,0,7394.04,0
CUST_06443,195,13,137.75,0.83,89,7,Silver,0,1790.75,0
CUST_06444,186,16,446.49,0.76,58,7,Bronze,0,7143.84,0
CUST_06445,99,44,159.37,0.68,72,0,Silver,1,7012.28,0
CUST_06446,82,7,329.23,0.33,27,1,Gold,1,2304.61,0
CUST_06447,75,48,372.75,0.63,26,3,Gold,1,17892.0,0
CUST_06448,340,27,396.42,0.51,40,4,Bronze,0,10703.34,1
CUST_06449,192,45,497.43,0.46,29,4,Bronze,0,22384.35,0
CUST_06450,325,35,403.56,0.99,73,5,Gold,0,14124.6,0
CUST_06451,214,15,331.94,0.5,82,6,Bronze,1,4979.1,0
CUST_06452,315,28,448.78,0.03,7,0,Bronze,0,12565.84,1
CUST_06453,318,35,453.81,0.63,21,6,Bronze,0,15883.35,0
CUST_06454,144,7,486.85,0.73,80,5,Bronze,0,3407.95,0
CUST_06455,216,46,390.47,0.89,67,4,Bronze,0,17961.62,0
CUST_06456,361,46,105.51,0.63,96,5,Silver,1,4853.46,0
CUST_06457,324,20,357.8,0.02,10,7,Bronze,0,7156.0,1
CUST_06458,15,32,46.81,0.12,62,5,Bronze,0,1497.92,0
CUST_06459,217,38,165.8,0.16,96,4,Gold,0,6300.4,0
CUST_06460,35,40,66.75,0.21,8,5,Silver,0,2670.0,0
CUST_06461,183,32,475.47,0.8,96,8,Silver,0,15215.04,0
CUST_06462,270,26,175.99,0.31,4,0,Bronze,0,4575.74,0
CUST_06463,358,39,359.48,0.31,29,2,Silver,0,14019.72,1
CUST_06464,100,20,289.95,0.76,12,2,Bronze,0,5799.0,0
CUST_06465,7,18,62.68,0.41,51,8,Bronze,1,1128.24,0
CUST_06466,30,15,285.06,0.06,19,2,Silver,0,4275.9,0
CUST_06467,305,22,333.9,0.59,31,5,Bronze,0,7345.8,1
CUST_06468,144,22,441.94,0.13,26,8,Bronze,0,9722.68,0
CUST_06469,111,21,44.34,0.57,6,9,Silver,0,931.14,0
CUST_06470,232,2,154.86,0.78,29,4,Bronze,0,309.72,0
CUST_06471,179,40,349.25,0.93,17,9,Bronze,0,13970.0,0
CUST_06472,72,43,26.82,0.07,20,8,Bronze,0,1153.26,0
CUST_06473,210,18,109.74,0.3,42,8,Bronze,0,1975.32,1
CUST_06474,220,23,117.15,0.65,47,5,Bronze,0,2694.45,0
CUST_06475,80,13,337.97,0.32,74,7,Bronze,0,4393.61,0
CUST_06476,83,41,150.12,0.45,70,8,Bronze,0,6154.92,0
CUST_06477,42,9,303.8,0.02,96,8,Bronze,0,2734.2,0
CUST_06478,273,49,483.02,0.69,2,7,Bronze,1,23667.98,0
CUST_06479,191,7,398.69,0.88,74,3,Silver,0,2790.83,0
CUST_06480,173,41,173.12,0.98,37,7,Bronze,0,7097.92,0
CUST_06481,7,1,241.48,0.83,91,1,Bronze,0,241.48,0
CUST_06482,155,2,108.33,0.03,19,2,Bronze,0,216.66,1
CUST_06483,10,4,17.7,0.65,41,8,Bronze,0,70.8,0
CUST_06484,34,14,151.96,0.5,16,9,Silver,0,2127.44,0
CUST_06485,36,32,191.01,0.94,84,3,Silver,0,6112.32,0
CUST_06486,6,36,286.54,0.9,60,1,Bronze,0,10315.44,0
CUST_06487,215,2,472.59,0.99,57,2,Bronze,0,945.18,0
CUST_06488,134,40,474.45,0.86,64,6,Bronze,0,18978.0,0
CUST_06489,285,14,44.35,0.55,5,8,Bronze,0,620.9,1
CUST_06490,126,20,311.18,0.71,18,6,Bronze,0,6223.6,0
CUST_06491,337,25,30.75,0.96,72,7,Bronze,1,768.75,0
CUST_06492,174,42,327.56,0.58,13,2,Bronze,1,13757.52,0
CUST_06493,152,49,67.67,0.84,74,6,Bronze,0,3315.83,0
CUST_06494,331,8,473.74,0.94,36,0,Silver,1,3789.92,0
CUST_06495,26,28,433.53,0.57,19,5,Bronze,0,12138.84,0
CUST_06496,115,46,20.94,0.16,31,2,Bronze,1,963.24,0
CUST_06497,284,21,393.24,0.16,93,1,Bronze,0,8258.04,1
CUST_06498,75,23,321.59,0.12,23,3,Bronze,0,7396.57,0
CUST_06499,166,32,252.73,0.48,32,8,Bronze,0,8087.36,0
CUST_06500,189,8,305.29,0.48,11,5,Bronze,0,2442.32,0
CUST_06501,78,31,342.34,0.62,66,8,Silver,0,10612.54,0
CUST_06502,90,37,443.38,0.48,96,7,Gold,0,16405.06,0
CUST_06503,176,16,386.01,0.97,5,4,Bronze,0,6176.16,0
CUST_06504,21,40,291.94,0.29,95,7,Bronze,0,11677.6,0
CUST_06505,54,42,414.06,0.87,13,1,Bronze,1,17390.52,0
CUST_06506,184,27,493.59,0.1,86,7,Bronze,0,13326.93,1
CUST_06507,359,40,157.09,0.6,64,0,Bronze,1,6283.6,0
CUST_06508,222,41,68.03,0.65,35,2,Bronze,0,2789.23,0
CUST_06509,315,18,368.41,0.77,83,6,Silver,0,6631.38,0
CUST_06510,328,35,489.51,0.5,29,3,Bronze,0,17132.85,0
CUST_06511,179,49,67.19,0.2,23,6,Bronze,0,3292.31,0
CUST_06512,276,15,221.54,0.37,83,0,Bronze,0,3323.1,1
CUST_06513,112,27,40.51,0.27,80,6,Silver,1,1093.77,0
CUST_06514,224,17,390.5,0.42,95,2,Bronze,0,6638.5,0
CUST_06515,214,40,474.87,0.53,16,1,Bronze,0,18994.8,0
CUST_06516,59,2,254.51,0.63,26,8,Bronze,1,509.02,0
CUST_06517,327,49,210.67,0.85,3,1,Gold,0,10322.83,0
CUST_06518,109,31,454.78,0.91,23,2,Silver,0,14098.18,0
CUST_06519,157,37,75.36,0.46,57,2,Bronze,0,2788.32,0
CUST_06520,191,41,446.88,0.09,9,3,Bronze,0,18322.08,0
CUST_06521,200,41,202.14,0.8,51,6,Bronze,0,8287.74,0
CUST_06522,312,34,284.11,0.48,88,6,Silver,0,9659.74,1
CUST_06523,196,34,268.86,0.55,33,8,Silver,0,9141.24,0
CUST_06524,35,3,311.83,0.6,78,9,Bronze,0,935.49,0
CUST_06525,246,17,471.64,0.67,92,7,Silver,0,8017.88,0
CUST_06526,237,14,476.05,0.89,24,5,Gold,0,6664.7,0
CUST_06527,104,14,417.26,0.95,50,5,Bronze,0,5841.64,0
CUST_06528,7,46,103.86,0.94,52,4,Bronze,1,4777.56,0
CUST_06529,283,38,173.42,0.81,71,1,Bronze,0,6589.96,0
CUST_06530,1,35,249.03,0.89,38,5,Bronze,0,8716.05,0
CUST_06531,219,1,453.68,0.05,44,5,Bronze,0,453.68,1
CUST_06532,230,48,265.22,0.85,89,4,Bronze,0,12730.56,0
CUST_06533,172,29,488.94,0.07,56,5,Bronze,0,14179.26,0
CUST_06534,87,4,492.08,0.75,66,4,Bronze,0,1968.32,0
CUST_06535,41,33,303.31,0.17,45,3,Gold,0,10009.23,0
CUST_06536,123,17,439.97,0.36,52,2,Bronze,0,7479.49,0
CUST_06537,331,28,499.62,0.18,1,0,Gold,0,13989.36,1
CUST_06538,298,26,426.36,0.44,87,3,Gold,0,11085.36,1
CUST_06539,178,8,331.89,0.41,82,8,Bronze,0,2655.12,1
CUST_06540,63,34,424.12,0.05,64,6,Bronze,0,14420.08,0
CUST_06541,165,18,50.5,0.83,8,6,Bronze,0,909.0,0
CUST_06542,187,31,321.06,0.85,98,6,Bronze,0,9952.86,0
CUST_06543,209,27,116.1,0.79,43,3,Bronze,1,3134.7,0
CUST_06544,227,16,66.87,0.85,8,6,Bronze,0,1069.92,0
CUST_06545,48,10,447.51,0.75,29,1,Silver,0,4475.1,0
CUST_06546,224,40,323.43,0.94,13,7,Bronze,1,12937.2,0
CUST_06547,3,12,129.34,0.58,1,9,Silver,0,1552.08,0
CUST_06548,175,22,199.52,0.58,29,7,Bronze,0,4389.44,0
CUST_06549,99,16,486.91,0.86,50,8,Bronze,0,7790.56,0
CUST_06550,116,12,432.47,0.35,37,4,Bronze,0,5189.64,0
CUST_06551,270,11,17.64,0.05,1,9,Bronze,0,194.04,1
CUST_06552,253,20,490.1,0.75,69,7,Bronze,0,9802.0,0
CUST_06553,317,1,190.58,0.25,48,1,Bronze,0,190.58,1
CUST_06554,95,27,350.75,0.47,55,9,Bronze,0,9470.25,0
CUST_06555,273,3,359.21,0.24,66,9,Bronze,0,1077.63,1
CUST_06556,24,12,456.73,0.83,63,7,Bronze,0,5480.76,0
CUST_06557,116,30,443.68,0.96,22,9,Silver,0,13310.4,0
CUST_06558,151,9,148.05,0.06,94,8,Bronze,0,1332.45,1
CUST_06559,338,37,325.33,0.23,11,5,Silver,0,12037.21,1
CUST_06560,50,1,202.92,0.19,29,5,Bronze,0,202.92,0
CUST_06561,206,42,267.52,0.67,3,3,Bronze,1,11235.84,0
CUST_06562,335,49,281.79,0.43,45,7,Bronze,0,13807.71,0
CUST_06563,79,4,204.21,0.46,77,6,Bronze,1,816.84,0
CUST_06564,70,15,237.31,0.16,3,8,Gold,0,3559.65,0
CUST_06565,27,27,112.09,0.41,74,0,Bronze,0,3026.43,0
CUST_06566,271,8,307.75,0.3,68,9,Bronze,0,2462.0,1
CUST_06567,50,23,381.89,0.61,14,7,Bronze,0,8783.47,0
CUST_06568,292,15,220.57,0.22,87,7,Bronze,0,3308.55,1
CUST_06569,247,27,489.06,0.61,81,8,Bronze,0,13204.62,0
CUST_06570,264,31,38.04,0.38,65,6,Bronze,0,1179.24,0
CUST_06571,79,39,298.69,0.35,57,8,Bronze,0,11648.91,0
CUST_06572,190,47,295.96,0.31,15,9,Bronze,1,13910.12,0
CUST_06573,47,8,27.79,0.67,60,7,Bronze,0,222.32,0
CUST_06574,361,30,120.04,0.56,54,8,Bronze,0,3601.2,1
CUST_06575,354,42,453.72,0.85,2,8,Bronze,0,19056.24,0
CUST_06576,352,18,276.81,0.24,82,0,Gold,0,4982.58,1
CUST_06577,189,4,223.83,0.04,64,2,Bronze,0,895.32,1
CUST_06578,256,47,213.59,0.18,86,5,Bronze,0,10038.73,0
CUST_06579,222,43,445.2,0.34,28,6,Silver,1,19143.6,0
CUST_06580,241,22,189.85,0.18,94,3,Gold,1,4176.7,0
CUST_06581,269,3,430.99,0.08,77,9,Bronze,1,1292.97,1
CUST_06582,1,15,161.5,0.45,67,1,Bronze,0,2422.5,0
CUST_06583,34,35,270.44,0.68,3,3,Silver,0,9465.4,0
CUST_06584,79,47,80.47,0.75,53,5,Bronze,0,3782.09,0
CUST_06585,236,38,414.26,0.4,26,3,Bronze,0,15741.88,0
CUST_06586,334,33,370.63,0.48,4,9,Bronze,0,12230.79,1
CUST_06587,349,14,269.75,0.76,16,1,Bronze,0,3776.5,0
CUST_06588,98,48,22.69,0.35,92,8,Silver,0,1089.12,0
CUST_06589,82,1,245.82,0.78,72,0,Bronze,0,245.82,0
CUST_06590,192,49,120.35,0.97,54,9,Silver,1,5897.15,0
CUST_06591,253,26,212.55,0.88,16,6,Bronze,0,5526.3,0
CUST_06592,38,8,429.65,0.45,31,8,Bronze,0,3437.2,0
CUST_06593,14,16,387.11,0.58,87,2,Bronze,0,6193.76,0
CUST_06594,347,38,128.56,0.72,2,5,Gold,0,4885.28,0
CUST_06595,310,10,492.63,0.35,73,8,Silver,0,4926.3,1
CUST_06596,209,42,452.57,0.8,91,8,Silver,1,19007.94,0
CUST_06597,357,37,269.05,0.44,45,3,Bronze,0,9954.85,1
CUST_06598,89,26,269.77,0.85,54,7,Bronze,0,7014.02,0
CUST_06599,56,28,451.62,0.25,59,7,Silver,0,12645.36,0
CUST_06600,94,12,321.71,0.01,59,6,Silver,0,3860.52,0
CUST_06601,93,20,272.98,0.63,22,5,Silver,0,5459.6,0
CUST_06602,340,49,377.08,0.45,34,2,Bronze,0,18476.92,0
CUST_06603,85,14,125.2,0.06,73,3,Silver,0,1752.8,0
CUST_06604,245,46,440.4,0.49,97,8,Bronze,1,20258.4,0
CUST_06605,22,35,270.39,0.17,56,9,Bronze,1,9463.65,0
CUST_06606,291,29,305.71,0.63,34,6,Gold,0,8865.59,0
CUST_06607,272,12,54.07,0.45,99,7,Bronze,0,648.84,1
CUST_06608,306,18,161.66,0.17,26,5,Silver,0,2909.88,1
CUST_06609,122,44,219.1,0.41,71,0,Bronze,0,9640.4,0
CUST_06610,128,2,212.82,0.23,45,8,Bronze,0,425.64,1
CUST_06611,113,2,391.36,0.65,91,2,Bronze,0,782.72,0
CUST_06612,273,17,148.34,0.3,76,2,Bronze,0,2521.78,1
CUST_06613,336,10,99.23,0.82,81,8,Silver,0,992.3,1
CUST_06614,130,18,295.48,0.01,21,3,Bronze,0,5318.64,0
CUST_06615,132,22,311.36,0.4,43,7,Silver,0,6849.92,0
CUST_06616,85,19,69.58,0.62,86,3,Bronze,0,1322.02,0
CUST_06617,350,1,11.21,0.02,90,1,Gold,0,11.21,1
CUST_06618,81,24,459.65,0.22,39,4,Bronze,0,11031.6,0
CUST_06619,325,36,49.02,0.33,13,2,Bronze,0,1764.72,1
CUST_06620,69,25,449.95,0.02,42,3,Gold,0,11248.75,0
CUST_06621,148,36,205.62,0.55,45,2,Gold,0,7402.32,0
CUST_06622,16,31,330.0,0.63,87,0,Bronze,1,10230.0,0
CUST_06623,307,31,100.95,0.23,51,3,Gold,0,3129.45,1
CUST_06624,105,2,413.72,0.54,94,8,Bronze,0,827.44,0
CUST_06625,165,19,98.29,1.0,17,6,Gold,0,1867.51,0
CUST_06626,201,12,199.39,0.89,91,5,Bronze,1,2392.68,0
CUST_06627,197,10,126.63,0.06,84,9,Bronze,0,1266.3,1
CUST_06628,185,31,420.38,0.13,63,8,Silver,1,13031.78,0
CUST_06629,322,45,430.58,0.49,7,3,Silver,0,19376.1,0
CUST_06630,265,22,192.29,0.25,55,5,Bronze,0,4230.38,1
CUST_06631,363,23,160.62,0.08,4,2,Bronze,0,3694.26,1
CUST_06632,100,23,389.05,0.25,31,2,Silver,0,8948.15,0
CUST_06633,342,15,440.47,0.06,94,9,Bronze,0,6607.05,1
CUST_06634,320,26,315.77,0.53,95,9,Silver,1,8210.02,0
CUST_06635,214,3,464.43,0.49,56,7,Bronze,0,1393.29,1
CUST_06636,278,23,197.69,0.01,4,4,Silver,1,4546.87,0
CUST_06637,162,20,84.42,0.48,82,7,Gold,0,1688.4,0
CUST_06638,157,45,98.03,0.52,84,8,Bronze,1,4411.35,0
CUST_06639,251,40,338.22,0.61,40,1,Silver,0,13528.8,0
CUST_06640,97,39,209.69,0.97,47,6,Silver,0,8177.91,0
CUST_06641,18,8,86.59,0.98,50,1,Bronze,0,692.72,0
CUST_06642,327,18,153.19,0.53,23,6,Bronze,1,2757.42,0
CUST_06643,97,41,270.0,0.85,51,2,Silver,0,11070.0,0
CUST_06644,1,6,69.51,0.09,38,7,Bronze,1,417.06,0
CUST_06645,216,27,11.69,0.53,9,3,Bronze,0,315.63,0
CUST_06646,132,36,459.48,0.68,61,8,Gold,0,16541.28,0
CUST_06647,260,15,159.38,0.56,80,3,Bronze,0,2390.7,0
CUST_06648,125,37,118.53,0.23,21,1,Silver,0,4385.61,0
CUST_06649,82,5,352.26,0.06,9,3,Bronze,0,1761.3,0
CUST_06650,283,39,428.17,0.39,25,4,Bronze,0,16698.63,0
CUST_06651,171,9,319.82,0.65,36,7,Bronze,0,2878.38,0
CUST_06652,59,7,134.7,0.99,43,2,Bronze,0,942.9,0
CUST_06653,32,41,432.2,0.24,78,8,Bronze,0,17720.2,0
CUST_06654,161,20,260.11,0.92,81,8,Gold,1,5202.2,0
CUST_06655,284,10,196.78,0.07,28,9,Silver,0,1967.8,1
CUST_06656,106,26,306.32,0.93,64,2,Gold,0,7964.32,0
CUST_06657,105,4,353.3,0.83,45,7,Bronze,0,1413.2,0
CUST_06658,228,38,300.98,0.02,56,5,Bronze,1,11437.24,0
CUST_06659,188,24,460.92,0.3,48,5,Bronze,0,11062.08,0
CUST_06660,70,14,317.73,0.05,8,1,Bronze,0,4448.22,0
CUST_06661,318,41,440.5,1.0,14,7,Bronze,0,18060.5,0
CUST_06662,290,1,297.61,0.43,15,6,Silver,0,297.61,1
CUST_06663,87,17,171.54,0.66,39,1,Silver,0,2916.18,0
CUST_06664,362,45,270.83,0.23,25,3,Bronze,0,12187.35,1
CUST_06665,56,24,52.3,0.93,63,4,Bronze,1,1255.2,0
CUST_06666,113,27,122.79,0.27,59,8,Bronze,1,3315.33,0
CUST_06667,13,7,385.45,0.26,75,9,Gold,0,2698.15,0
CUST_06668,18,9,334.12,0.31,29,1,Silver,0,3007.08,0
CUST_06669,182,43,91.59,0.46,3,6,Bronze,0,3938.37,0
CUST_06670,113,35,224.63,0.02,39,4,Gold,1,7862.05,0
CUST_06671,229,12,79.58,0.6,22,1,Bronze,1,954.96,0
CUST_06672,171,21,429.35,0.03,41,9,Silver,0,9016.35,1
CUST_06673,295,3,63.49,0.54,20,2,Bronze,0,190.47,1
CUST_06674,189,15,330.58,0.46,19,4,Gold,0,4958.7,0
CUST_06675,79,21,307.43,0.24,13,9,Bronze,0,6456.03,0
CUST_06676,146,10,241.66,0.33,91,0,Silver,0,2416.6,0
CUST_06677,182,33,146.33,0.71,19,6,Bronze,0,4828.89,0
CUST_06678,286,46,207.94,0.01,80,0,Bronze,0,9565.24,0
CUST_06679,250,6,405.13,0.32,66,5,Bronze,0,2430.78,1
CUST_06680,354,2,383.16,0.68,65,5,Bronze,0,766.32,1
CUST_06681,314,29,372.02,0.15,3,0,Bronze,1,10788.58,0
CUST_06682,196,40,377.41,0.56,24,6,Silver,0,15096.4,0
CUST_06683,323,33,80.5,0.17,38,7,Bronze,1,2656.5,0
CUST_06684,71,4,58.56,0.15,2,2,Silver,0,234.24,0
CUST_06685,248,4,432.13,0.77,56,9,Silver,0,1728.52,1
CUST_06686,146,29,420.22,0.27,80,0,Bronze,0,12186.38,0
CUST_06687,106,37,343.85,0.38,93,1,Bronze,1,12722.45,0
CUST_06688,263,20,306.89,0.73,37,0,Bronze,0,6137.8,0
CUST_06689,296,41,189.77,0.18,4,8,Bronze,0,7780.57,1
CUST_06690,70,23,119.8,0.53,78,3,Bronze,0,2755.4,0
CUST_06691,193,45,337.15,0.92,81,6,Silver,0,15171.75,0
CUST_06692,68,18,457.39,0.55,44,4,Bronze,0,8233.02,0
CUST_06693,305,49,224.13,0.05,45,8,Bronze,0,10982.37,1
CUST_06694,52,25,158.57,0.59,81,8,Silver,0,3964.25,0
CUST_06695,363,1,142.66,0.09,84,5,Bronze,1,142.66,1
CUST_06696,285,15,21.62,0.28,47,4,Bronze,1,324.3,0
CUST_06697,334,34,264.96,0.85,93,9,Silver,0,9008.64,0
CUST_06698,9,48,494.24,0.01,26,0,Silver,0,23723.52,0
CUST_06699,251,20,409.47,0.08,81,3,Silver,0,8189.4,1
CUST_06700,332,37,449.76,0.36,76,4,Bronze,0,16641.12,1
CUST_06701,298,27,314.37,1.0,92,8,Bronze,0,8487.99,0
CUST_06702,184,22,245.91,0.29,9,1,Silver,0,5410.02,0
CUST_06703,179,5,495.32,0.16,96,1,Bronze,0,2476.6,1
CUST_06704,198,34,229.11,0.55,98,2,Bronze,0,7789.74,0
CUST_06705,128,39,459.25,0.52,80,2,Silver,0,17910.75,0
CUST_06706,20,3,383.3,0.45,48,6,Bronze,0,1149.9,0
CUST_06707,328,17,172.18,0.95,31,0,Silver,0,2927.06,0
CUST_06708,65,24,256.5,0.28,55,1,Bronze,1,6156.0,0
CUST_06709,182,24,198.32,0.29,91,0,Bronze,0,4759.68,0
CUST_06710,241,3,76.75,0.14,93,8,Bronze,0,230.25,1
CUST_06711,24,45,184.82,0.7,1,9,Silver,0,8316.9,0
CUST_06712,83,7,445.6,0.32,91,8,Bronze,0,3119.2,0
CUST_06713,319,25,378.79,0.8,96,2,Gold,0,9469.75,0
CUST_06714,185,3,146.01,0.97,59,2,Bronze,1,438.03,0
CUST_06715,316,15,190.28,0.04,11,0,Bronze,0,2854.2,1
CUST_06716,99,29,312.05,0.99,99,4,Silver,0,9049.45,0
CUST_06717,62,29,213.91,0.25,2,2,Gold,0,6203.39,0
CUST_06718,286,10,256.49,0.42,46,1,Bronze,0,2564.9,1
CUST_06719,22,32,352.1,0.78,1,2,Bronze,0,11267.2,0
CUST_06720,212,23,238.95,0.67,70,7,Bronze,0,5495.85,0
CUST_06721,126,39,103.58,0.78,71,7,Bronze,0,4039.62,0
CUST_06722,42,9,265.08,0.47,66,0,Bronze,1,2385.72,0
CUST_06723,98,37,184.5,0.92,2,1,Bronze,0,6826.5,0
CUST_06724,31,40,152.46,0.79,69,0,Bronze,0,6098.4,0
CUST_06725,158,14,170.77,0.31,13,7,Bronze,0,2390.78,0
CUST_06726,112,4,225.11,0.95,19,0,Bronze,0,900.44,0
CUST_06727,247,20,444.44,0.96,83,5,Bronze,1,8888.8,0
CUST_06728,122,28,369.69,0.42,47,9,Bronze,0,10351.32,0
CUST_06729,273,14,337.26,0.65,1,7,Bronze,0,4721.64,1
CUST_06730,294,44,240.92,0.81,99,7,Bronze,0,10600.48,0
CUST_06731,207,34,10.9,0.82,18,6,Silver,0,370.6,0
CUST_06732,110,13,176.87,0.01,32,7,Gold,0,2299.31,1
CUST_06733,278,31,408.46,0.63,96,7,Bronze,1,12662.26,0
CUST_06734,56,33,200.2,0.97,72,9,Silver,0,6606.6,0
CUST_06735,57,39,286.27,0.23,11,2,Bronze,0,11164.53,0
CUST_06736,291,28,110.32,0.8,20,1,Silver,0,3088.96,0
CUST_06737,114,25,458.77,0.53,8,3,Gold,0,11469.25,0
CUST_06738,308,32,462.35,0.22,92,4,Bronze,0,14795.2,1
CUST_06739,341,9,81.57,0.05,85,1,Bronze,0,734.13,1
CUST_06740,198,28,364.84,0.76,38,7,Silver,0,10215.52,0
CUST_06741,321,31,46.87,0.32,6,7,Bronze,0,1452.97,1
CUST_06742,179,17,303.29,0.38,2,3,Gold,1,5155.93,0
CUST_06743,219,23,97.54,0.49,74,4,Bronze,1,2243.42,0
CUST_06744,277,13,81.4,0.51,73,4,Gold,0,1058.2,1
CUST_06745,16,10,12.02,0.21,55,4,Bronze,0,120.2,0
CUST_06746,61,16,471.02,0.67,3,8,Gold,0,7536.32,0
CUST_06747,54,6,416.33,0.69,66,8,Silver,1,2497.98,0
CUST_06748,168,48,47.96,0.14,72,3,Silver,0,2302.08,0
CUST_06749,26,11,303.69,0.53,73,0,Bronze,0,3340.59,0
CUST_06750,336,3,124.12,0.61,26,7,Bronze,0,372.36,1
CUST_06751,65,28,139.37,0.19,98,0,Bronze,0,3902.36,0
CUST_06752,100,41,438.34,0.89,48,6,Bronze,1,17971.94,0
CUST_06753,74,15,66.02,0.48,94,3,Gold,1,990.3,0
CUST_06754,192,13,304.73,0.12,8,0,Bronze,1,3961.49,0
CUST_06755,171,42,206.62,0.33,67,3,Bronze,0,8678.04,0
CUST_06756,273,45,103.49,0.48,75,6,Bronze,0,4657.05,0
CUST_06757,187,17,231.44,0.01,89,7,Bronze,0,3934.48,1
CUST_06758,23,7,470.84,0.03,69,1,Bronze,0,3295.88,0
CUST_06759,181,28,392.99,0.06,76,8,Bronze,0,11003.72,1
CUST_06760,327,38,74.73,0.54,30,4,Bronze,0,2839.74,0
CUST_06761,108,13,426.22,0.34,27,7,Bronze,0,5540.86,0
CUST_06762,335,17,469.35,0.89,43,1,Bronze,0,7978.95,0
CUST_06763,162,15,145.71,0.56,5,1,Bronze,0,2185.65,0
CUST_06764,302,36,173.38,0.76,20,3,Silver,0,6241.68,0
CUST_06765,206,28,71.89,0.69,52,3,Bronze,0,2012.92,0
CUST_06766,78,15,179.02,0.52,21,2,Bronze,1,2685.3,0
CUST_06767,16,46,339.84,0.74,3,4,Bronze,0,15632.64,0
CUST_06768,327,11,143.36,0.54,41,1,Silver,0,1576.96,1
CUST_06769,96,31,13.34,0.39,64,0,Bronze,0,413.54,0
CUST_06770,147,4,175.89,0.44,68,3,Silver,0,703.56,0
CUST_06771,2,35,232.06,0.84,88,5,Bronze,0,8122.1,0
CUST_06772,10,34,287.51,0.56,71,5,Bronze,0,9775.34,0
CUST_06773,125,27,345.07,0.38,24,1,Bronze,0,9316.89,0
CUST_06774,81,10,40.27,0.18,52,5,Silver,0,402.7,0
CUST_06775,140,30,240.18,0.5,75,3,Bronze,0,7205.4,0
CUST_06776,326,45,140.52,0.25,2,9,Bronze,0,6323.4,1
CUST_06777,150,20,474.51,0.96,44,0,Bronze,0,9490.2,0
CUST_06778,288,29,186.35,0.49,41,0,Bronze,0,5404.15,0
CUST_06779,361,29,59.06,0.01,70,1,Silver,0,1712.74,1
CUST_06780,340,23,30.33,0.09,7,3,Gold,1,697.59,0
CUST_06781,129,21,140.05,0.28,38,7,Bronze,0,2941.05,0
CUST_06782,239,48,97.65,0.09,82,2,Bronze,0,4687.2,0
CUST_06783,58,43,328.4,0.89,45,4,Bronze,0,14121.2,0
CUST_06784,198,10,425.01,0.85,9,2,Gold,0,4250.1,0
CUST_06785,211,41,163.15,0.97,53,7,Bronze,0,6689.15,0
CUST_06786,45,12,293.12,0.71,28,3,Bronze,0,3517.44,0
CUST_06787,97,30,367.85,0.65,19,7,Bronze,0,11035.5,0
CUST_06788,279,33,205.26,0.92,68,7,Bronze,0,6773.58,0
CUST_06789,23,18,42.5,0.95,4,8,Bronze,0,765.0,0
CUST_06790,335,14,122.3,0.88,13,1,Gold,0,1712.2,0
CUST_06791,44,22,442.7,0.86,92,9,Silver,0,9739.4,0
CUST_06792,27,21,414.0,0.67,11,6,Gold,0,8694.0,0
CUST_06793,282,1,52.4,0.0,2,9,Bronze,0,52.4,1
CUST_06794,97,49,119.73,0.43,70,0,Bronze,1,5866.77,0
CUST_06795,36,43,386.89,0.64,12,3,Bronze,0,16636.27,0
CUST_06796,109,15,248.09,0.55,37,3,Bronze,0,3721.35,0
CUST_06797,55,36,382.38,0.82,56,3,Bronze,0,13765.68,0
CUST_06798,192,47,113.44,0.82,88,6,Bronze,0,5331.68,0
CUST_06799,219,22,476.82,0.6,52,4,Bronze,1,10490.04,0
CUST_06800,185,32,393.97,0.02,73,4,Bronze,0,12607.04,0
CUST_06801,69,46,106.75,0.37,90,2,Bronze,0,4910.5,0
CUST_06802,317,33,283.64,0.23,4,9,Gold,0,9360.12,1
CUST_06803,130,41,65.42,0.34,4,4,Bronze,0,2682.22,0
CUST_06804,55,39,187.1,0.62,49,4,Bronze,0,7296.9,0
CUST_06805,97,23,333.21,0.07,52,7,Bronze,0,7663.83,0
CUST_06806,336,43,171.76,0.02,34,1,Bronze,0,7385.68,1
CUST_06807,87,2,331.81,0.44,22,7,Gold,0,663.62,0
CUST_06808,294,2,129.94,0.79,13,3,Bronze,0,259.88,1
CUST_06809,119,38,363.39,0.03,63,8,Bronze,0,13808.82,0
CUST_06810,208,29,186.2,0.85,15,7,Bronze,0,5399.8,0
CUST_06811,334,46,397.34,0.38,40,4,Bronze,0,18277.64,0
CUST_06812,154,3,76.98,0.12,38,4,Bronze,0,230.94,1
CUST_06813,35,39,187.37,0.57,55,8,Bronze,0,7307.43,0
CUST_06814,79,7,237.33,0.95,44,4,Bronze,1,1661.31,0
CUST_06815,67,36,217.68,0.54,66,8,Gold,0,7836.48,0
CUST_06816,343,29,222.22,0.69,66,5,Bronze,0,6444.38,0
CUST_06817,34,37,227.95,0.82,43,0,Bronze,0,8434.15,0
CUST_06818,97,49,494.51,0.8,72,7,Bronze,0,24230.99,0
CUST_06819,169,36,104.65,0.07,38,0,Bronze,0,3767.4,0
CUST_06820,169,23,386.65,0.74,82,1,Gold,1,8892.95,0
CUST_06821,151,45,280.38,0.95,29,5,Bronze,0,12617.1,0
CUST_06822,71,16,212.68,0.7,75,4,Bronze,0,3402.88,0
CUST_06823,3,48,320.43,0.84,56,1,Bronze,0,15380.64,0
CUST_06824,314,31,428.23,0.49,6,5,Bronze,0,13275.13,1
CUST_06825,32,34,238.65,0.32,9,6,Bronze,1,8114.1,0
CUST_06826,287,1,433.75,0.68,22,2,Silver,1,433.75,0
CUST_06827,82,18,55.96,0.49,46,7,Bronze,0,1007.28,0
CUST_06828,43,40,330.01,0.9,89,3,Bronze,0,13200.4,0
CUST_06829,105,43,173.26,0.97,31,9,Bronze,0,7450.18,0
CUST_06830,1,15,199.49,0.82,21,8,Bronze,0,2992.35,0
CUST_06831,61,48,289.8,0.99,38,6,Bronze,1,13910.4,0
CUST_06832,270,49,245.16,0.35,52,2,Bronze,1,12012.84,0
CUST_06833,180,17,197.07,0.9,19,4,Silver,0,3350.19,0
CUST_06834,224,44,161.08,0.33,10,8,Bronze,0,7087.52,0
CUST_06835,6,10,312.97,0.12,46,8,Silver,0,3129.7,0
CUST_06836,103,20,257.73,0.62,76,7,Bronze,1,5154.6,0
CUST_06837,10,6,168.42,0.45,83,7,Bronze,0,1010.52,0
CUST_06838,71,8,110.43,0.92,66,8,Bronze,1,883.44,0
CUST_06839,90,45,389.49,0.49,79,4,Bronze,0,17527.05,0
CUST_06840,226,34,401.86,0.93,38,8,Silver,0,13663.24,0
CUST_06841,158,32,114.76,0.08,62,5,Bronze,0,3672.32,0
CUST_06842,228,42,138.21,0.83,72,5,Silver,0,5804.82,0
CUST_06843,126,4,127.18,0.76,46,9,Bronze,0,508.72,0
CUST_06844,209,44,443.44,0.72,35,5,Bronze,0,19511.36,0
CUST_06845,97,39,389.32,0.36,43,6,Bronze,0,15183.48,0
CUST_06846,74,20,46.54,0.78,30,8,Bronze,1,930.8,0
CUST_06847,115,24,418.01,0.48,73,2,Bronze,0,10032.24,0
CUST_06848,191,24,28.06,0.72,63,5,Bronze,0,673.44,0
CUST_06849,170,26,134.07,0.55,30,9,Bronze,0,3485.82,0
CUST_06850,307,25,460.31,0.16,83,4,Silver,0,11507.75,1
CUST_06851,204,36,433.52,0.06,29,3,Silver,0,15606.72,0
CUST_06852,56,7,392.9,0.37,66,7,Gold,1,2750.3,0
CUST_06853,208,10,234.2,0.93,92,2,Bronze,0,2342.0,0
CUST_06854,41,47,167.49,0.53,72,1,Bronze,0,7872.03,0
CUST_06855,32,12,441.96,0.8,89,3,Bronze,1,5303.52,0
CUST_06856,15,1,331.97,0.58,74,2,Bronze,0,331.97,0
CUST_06857,62,25,154.8,0.96,22,6,Bronze,0,3870.0,0
CUST_06858,155,16,236.97,0.37,35,3,Bronze,1,3791.52,0
CUST_06859,284,5,441.94,0.06,42,9,Bronze,0,2209.7,1
CUST_06860,209,19,452.69,0.78,24,8,Bronze,0,8601.11,0
CUST_06861,320,4,333.06,0.71,26,4,Bronze,0,1332.24,1
CUST_06862,187,6,368.95,0.53,31,2,Bronze,0,2213.7,0
CUST_06863,130,26,29.26,0.33,87,1,Bronze,0,760.76,0
CUST_06864,127,49,306.25,0.19,2,5,Bronze,0,15006.25,0
CUST_06865,292,39,347.61,0.48,39,5,Bronze,0,13556.79,0
CUST_06866,114,39,19.98,0.67,97,0,Silver,0,779.22,0
CUST_06867,199,9,423.49,0.58,88,6,Bronze,0,3811.41,0
CUST_06868,13,45,464.86,0.44,12,4,Silver,0,20918.7,0
CUST_06869,271,14,126.59,0.54,73,6,Silver,0,1772.26,1
CUST_06870,89,48,424.44,0.11,44,3,Silver,0,20373.12,0
CUST_06871,215,9,336.1,0.7,43,4,Silver,0,3024.9,0
CUST_06872,278,15,294.54,0.73,67,6,Bronze,0,4418.1,0
CUST_06873,203,37,423.13,0.01,87,5,Bronze,0,15655.81,0
CUST_06874,74,20,149.95,0.27,88,0,Gold,0,2999.0,0
CUST_06875,25,8,397.52,0.09,97,0,Bronze,1,3180.16,0
CUST_06876,101,32,164.12,1.0,94,1,Bronze,0,5251.84,0
CUST_06877,176,47,395.85,0.59,38,2,Silver,0,18604.95,0
CUST_06878,117,21,231.02,0.47,66,0,Gold,0,4851.42,0
CUST_06879,166,41,67.3,0.46,40,9,Silver,0,2759.3,0
CUST_06880,41,19,196.94,0.96,22,1,Bronze,0,3741.86,0
CUST_06881,344,29,124.41,0.66,75,1,Silver,0,3607.89,0
CUST_06882,120,31,59.26,0.17,63,6,Bronze,1,1837.06,0
CUST_06883,97,6,64.04,0.45,59,5,Bronze,0,384.24,0
CUST_06884,145,4,392.23,0.77,76,8,Gold,0,1568.92,0
CUST_06885,216,43,441.88,0.42,19,9,Gold,0,19000.84,0
CUST_06886,229,29,464.29,0.31,20,4,Bronze,0,13464.41,0
CUST_06887,313,42,428.43,0.99,73,2,Bronze,0,17994.06,0
CUST_06888,130,3,416.81,0.94,43,0,Bronze,0,1250.43,0
CUST_06889,352,1,43.73,0.94,58,0,Bronze,0,43.73,0
CUST_06890,318,44,397.16,0.13,82,1,Silver,0,17475.04,1
CUST_06891,137,15,393.81,0.23,54,2,Bronze,0,5907.15,0
CUST_06892,324,47,74.33,0.44,82,9,Silver,0,3493.51,1
CUST_06893,337,21,334.38,0.83,40,9,Bronze,0,7021.98,1
CUST_06894,273,46,231.73,0.74,27,4,Gold,1,10659.58,0
CUST_06895,117,31,451.01,0.85,13,6,Bronze,0,13981.31,0
CUST_06896,306,7,350.75,0.92,47,3,Bronze,0,2455.25,0
CUST_06897,94,17,475.98,0.78,72,9,Gold,0,8091.66,0
CUST_06898,168,19,61.41,0.26,23,5,Bronze,1,1166.79,0
CUST_06899,203,39,29.9,0.29,59,5,Gold,0,1166.1,0
CUST_06900,341,3,487.05,0.35,77,1,Bronze,0,1461.15,1
CUST_06901,149,30,49.29,0.3,7,5,Bronze,0,1478.7,0
CUST_06902,183,35,199.24,0.25,50,4,Bronze,0,6973.4,0
CUST_06903,152,29,328.49,0.75,66,5,Bronze,0,9526.21,0
CUST_06904,74,14,441.23,0.03,3,3,Bronze,0,6177.22,0
CUST_06905,274,35,134.74,0.73,39,0,Bronze,0,4715.9,0
CUST_06906,42,28,24.24,0.82,87,8,Gold,0,678.72,0
CUST_06907,212,30,265.43,0.07,7,2,Silver,0,7962.9,0
CUST_06908,101,26,240.84,0.06,68,0,Silver,0,6261.84,0
CUST_06909,45,7,160.38,0.29,55,3,Gold,0,1122.66,0
CUST_06910,82,39,438.21,0.21,8,6,Bronze,0,17090.19,0
CUST_06911,17,31,377.17,0.58,32,3,Bronze,1,11692.27,0
CUST_06912,73,5,430.48,0.68,19,3,Silver,0,2152.4,0
CUST_06913,14,35,89.29,0.63,12,8,Bronze,0,3125.15,0
CUST_06914,157,47,349.28,0.36,57,5,Bronze,1,16416.16,0
CUST_06915,223,14,487.8,0.5,10,8,Bronze,1,6829.2,0
CUST_06916,132,36,309.84,0.64,78,1,Bronze,0,11154.24,0
CUST_06917,338,27,93.97,0.12,91,6,Bronze,0,2537.19,1
CUST_06918,47,24,497.93,0.23,21,6,Bronze,0,11950.32,0
CUST_06919,107,40,268.88,0.89,20,7,Bronze,0,10755.2,0
CUST_06920,108,29,421.63,0.34,4,9,Bronze,0,12227.27,0
CUST_06921,265,45,83.19,0.8,19,8,Silver,0,3743.55,0
CUST_06922,205,22,336.39,0.25,29,7,Bronze,0,7400.58,1
CUST_06923,79,8,457.18,0.04,71,1,Bronze,0,3657.44,0
CUST_06924,155,15,270.69,0.5,64,2,Gold,0,4060.35,0
CUST_06925,271,49,151.44,0.89,97,1,Bronze,0,7420.56,0
CUST_06926,247,5,72.44,0.82,72,0,Bronze,0,362.2,0
CUST_06927,19,4,155.01,0.25,11,6,Bronze,0,620.04,0
CUST_06928,346,11,183.89,0.91,33,7,Bronze,0,2022.79,1
CUST_06929,26,18,357.88,0.48,25,4,Bronze,0,6441.84,0
CUST_06930,217,42,97.52,0.05,33,9,Bronze,0,4095.84,1
CUST_06931,154,49,61.99,0.03,26,8,Bronze,0,3037.51,0
CUST_06932,154,30,199.6,0.49,36,3,Silver,0,5988.0,0
CUST_06933,174,15,234.74,0.55,11,0,Bronze,0,3521.1,0
CUST_06934,92,6,317.91,0.08,30,3,Bronze,0,1907.46,0
CUST_06935,338,16,356.69,0.92,57,4,Silver,0,5707.04,0
CUST_06936,181,47,445.75,0.72,97,7,Silver,0,20950.25,0
CUST_06937,131,40,151.59,0.8,10,4,Bronze,1,6063.6,0
CUST_06938,298,9,269.02,0.58,93,9,Gold,0,2421.18,1
CUST_06939,275,43,189.36,0.66,25,8,Silver,0,8142.48,0
CUST_06940,273,34,10.7,0.39,96,5,Bronze,0,363.8,0
CUST_06941,76,27,293.92,0.68,68,7,Silver,1,7935.84,0
CUST_06942,177,13,409.74,0.98,57,2,Bronze,0,5326.62,0
CUST_06943,184,36,27.86,0.65,34,2,Bronze,0,1002.96,0
CUST_06944,319,27,11.71,0.34,86,8,Gold,0,316.17,1
CUST_06945,131,9,366.63,0.29,77,5,Silver,0,3299.67,0
CUST_06946,363,5,345.09,0.96,54,3,Bronze,0,1725.45,1
CUST_06947,49,22,208.87,0.19,51,7,Gold,0,4595.14,0
CUST_06948,55,31,334.19,0.81,6,3,Silver,1,10359.89,0
CUST_06949,154,3,477.16,0.47,59,3,Bronze,0,1431.48,0
CUST_06950,355,30,131.45,0.44,54,6,Silver,0,3943.5,1
CUST_06951,200,21,130.5,0.75,17,6,Gold,0,2740.5,0
CUST_06952,308,35,101.25,0.15,26,7,Bronze,0,3543.75,1
CUST_06953,356,6,364.75,0.47,88,9,Bronze,1,2188.5,1
CUST_06954,118,28,183.06,0.04,9,6,Bronze,0,5125.68,0
CUST_06955,263,32,494.46,0.67,2,7,Bronze,0,15822.72,0
CUST_06956,46,42,360.18,0.06,20,7,Bronze,0,15127.56,0
CUST_06957,302,37,190.01,0.09,91,6,Bronze,0,7030.37,1
CUST_06958,356,25,83.1,0.84,6,0,Bronze,0,2077.5,0
CUST_06959,189,32,300.09,0.44,91,3,Silver,0,9602.88,0
CUST_06960,310,35,154.5,0.2,88,2,Silver,0,5407.5,1
CUST_06961,318,22,453.7,0.59,79,8,Bronze,0,9981.4,1
CUST_06962,129,24,226.29,0.52,55,9,Silver,1,5430.96,0
CUST_06963,49,39,153.4,0.41,48,7,Bronze,0,5982.6,0
CUST_06964,25,30,298.39,0.91,58,8,Gold,0,8951.7,0
CUST_06965,266,32,77.12,0.75,97,4,Bronze,0,2467.84,0
CUST_06966,118,31,285.16,0.15,42,4,Bronze,1,8839.96,0
CUST_06967,144,23,37.49,0.57,74,9,Bronze,0,862.27,0
CUST_06968,200,40,307.38,0.09,21,4,Bronze,0,12295.2,0
CUST_06969,157,33,269.78,0.24,6,1,Bronze,0,8902.74,0
CUST_06970,348,25,265.18,0.91,30,6,Gold,1,6629.5,0
CUST_06971,134,36,345.24,0.46,23,7,Bronze,0,12428.64,0
CUST_06972,148,24,31.78,0.89,36,4,Gold,0,762.72,0
CUST_06973,336,31,235.27,0.17,3,7,Bronze,0,7293.37,1
CUST_06974,71,39,227.58,0.21,90,5,Bronze,0,8875.62,0
CUST_06975,233,46,235.29,0.35,34,3,Bronze,0,10823.34,0
CUST_06976,334,13,490.15,0.37,30,6,Bronze,0,6371.95,1
CUST_06977,299,10,78.25,0.75,82,7,Gold,0,782.5,1
CUST_06978,154,23,348.31,0.6,81,8,Silver,0,8011.13,0
CUST_06979,90,18,206.98,0.55,42,4,Silver,1,3725.64,0
CUST_06980,334,32,260.75,0.6,21,8,Bronze,0,8344.0,1
CUST_06981,199,33,383.57,0.73,88,7,Bronze,0,12657.81,0
CUST_06982,161,36,87.11,0.89,4,0,Bronze,0,3135.96,0
CUST_06983,26,28,384.16,0.41,49,7,Silver,0,10756.48,0
CUST_06984,121,16,44.46,0.8,48,7,Bronze,1,711.36,0
CUST_06985,301,16,246.82,0.5,89,6,Bronze,0,3949.12,1
CUST_06986,212,18,373.61,0.72,51,0,Silver,1,6724.98,0
CUST_06987,63,8,104.35,0.87,24,5,Bronze,0,834.8,0
CUST_06988,68,42,387.75,0.03,46,1,Silver,0,16285.5,0
CUST_06989,253,16,91.74,0.55,27,5,Bronze,0,1467.84,0
CUST_06990,2,11,401.63,0.99,95,1,Bronze,0,4417.93,0
CUST_06991,108,6,239.78,0.5,51,1,Bronze,1,1438.68,0
CUST_06992,286,1,345.47,0.86,99,6,Silver,0,345.47,1
CUST_06993,49,12,459.53,0.19,20,9,Bronze,0,5514.36,0
CUST_06994,140,38,210.13,0.6,80,0,Bronze,1,7984.94,0
CUST_06995,218,28,124.15,0.87,95,4,Bronze,0,3476.2,0
CUST_06996,44,45,434.91,0.43,71,0,Gold,1,19570.95,0
CUST_06997,269,17,89.19,0.49,18,8,Silver,0,1516.23,1
CUST_06998,78,1,319.42,0.08,8,4,Bronze,0,319.42,0
CUST_06999,216,32,462.39,0.04,27,4,Bronze,1,14796.48,0
CUST_07000,98,8,340.45,0.47,14,3,Bronze,0,2723.6,0
CUST_07001,236,40,105.88,0.84,18,2,Silver,0,4235.2,0
CUST_07002,282,43,84.62,0.93,65,7,Silver,1,3638.66,0
CUST_07003,149,46,133.63,0.66,31,6,Bronze,0,6146.98,0
CUST_07004,304,24,201.79,0.83,20,8,Silver,0,4842.96,0
CUST_07005,66,10,87.99,0.73,70,5,Silver,0,879.9,0
CUST_07006,234,47,400.93,0.7,45,0,Bronze,1,18843.71,0
CUST_07007,87,39,184.95,0.77,1,4,Bronze,1,7213.05,0
CUST_07008,79,39,468.68,0.51,19,4,Silver,0,18278.52,0
CUST_07009,205,10,422.82,0.46,39,6,Silver,0,4228.2,1
CUST_07010,279,36,455.32,0.16,27,9,Bronze,0,16391.52,1
CUST_07011,337,25,154.3,0.84,56,0,Bronze,0,3857.5,0
CUST_07012,254,10,291.13,0.04,16,0,Gold,0,2911.3,1
CUST_07013,304,19,167.51,0.27,78,5,Silver,0,3182.69,1
CUST_07014,130,46,135.9,0.52,98,5,Gold,0,6251.4,0
CUST_07015,84,45,307.47,0.97,7,8,Silver,0,13836.15,0
CUST_07016,276,15,410.82,0.79,20,2,Bronze,0,6162.3,0
CUST_07017,187,16,55.86,0.37,31,4,Bronze,0,893.76,0
CUST_07018,46,2,145.13,0.71,86,4,Silver,0,290.26,0
CUST_07019,183,29,110.52,0.93,84,0,Silver,0,3205.08,0
CUST_07020,268,4,401.19,0.54,79,5,Silver,1,1604.76,0
CUST_07021,296,29,467.35,0.46,25,3,Gold,0,13553.15,0
CUST_07022,322,31,49.17,0.55,1,5,Bronze,0,1524.27,0
CUST_07023,100,17,195.81,0.31,17,7,Silver,0,3328.77,0
CUST_07024,78,10,458.11,0.91,80,7,Bronze,0,4581.1,0
CUST_07025,272,27,178.87,0.8,85,2,Silver,0,4829.49,0
CUST_07026,339,41,359.2,0.71,27,8,Bronze,0,14727.2,0
CUST_07027,162,15,59.33,0.59,99,3,Gold,0,889.95,0
CUST_07028,44,44,227.75,0.97,24,0,Bronze,0,10021.0,0
CUST_07029,238,31,256.62,0.3,62,8,Bronze,0,7955.22,1
CUST_07030,134,21,381.26,0.28,52,4,Bronze,0,8006.46,0
CUST_07031,192,41,151.52,0.24,51,7,Silver,1,6212.32,0
CUST_07032,356,46,139.45,0.74,66,6,Bronze,0,6414.7,0
CUST_07033,278,45,158.45,0.8,57,4,Silver,0,7130.25,0
CUST_07034,18,26,282.29,0.6,55,7,Bronze,0,7339.54,0
CUST_07035,12,38,439.24,0.65,53,0,Gold,0,16691.12,0
CUST_07036,180,36,417.16,0.35,89,3,Bronze,0,15017.76,0
CUST_07037,123,17,38.39,0.04,19,4,Bronze,0,652.63,0
CUST_07038,246,3,440.69,0.25,13,3,Bronze,1,1322.07,0
CUST_07039,222,14,56.6,0.58,29,5,Gold,0,792.4,0
CUST_07040,51,49,213.52,0.81,96,8,Silver,0,10462.48,0
CUST_07041,71,13,385.05,0.78,6,0,Bronze,0,5005.65,0
CUST_07042,48,41,49.94,0.18,73,9,Bronze,0,2047.54,0
CUST_07043,19,27,29.8,0.05,1,1,Bronze,0,804.6,0
CUST_07044,262,1,171.7,0.85,24,0,Bronze,1,171.7,0
CUST_07045,84,17,367.66,0.08,74,6,Bronze,0,6250.22,0
CUST_07046,155,48,265.66,0.39,99,1,Bronze,0,12751.68,0
CUST_07047,53,34,214.33,0.09,6,8,Bronze,0,7287.22,0
CUST_07048,107,14,408.41,0.56,48,7,Silver,0,5717.74,0
CUST_07049,357,17,385.69,0.36,20,9,Silver,0,6556.73,1
CUST_07050,304,3,395.16,0.2,76,0,Bronze,0,1185.48,1
CUST_07051,135,34,235.27,0.6,67,2,Bronze,0,7999.18,0
CUST_07052,69,40,19.53,0.36,55,5,Bronze,0,781.2,0
CUST_07053,11,25,94.35,0.17,18,2,Bronze,0,2358.75,0
CUST_07054,143,2,373.24,0.7,21,8,Silver,0,746.48,0
CUST_07055,192,34,379.06,0.84,99,9,Silver,1,12888.04,0
CUST_07056,69,26,486.43,0.27,64,9,Bronze,0,12647.18,0
CUST_07057,23,31,103.19,0.19,37,1,Bronze,1,3198.89,0
CUST_07058,181,9,70.23,0.08,19,5,Bronze,0,632.07,1
CUST_07059,293,30,78.01,0.53,89,1,Bronze,0,2340.3,0
CUST_07060,9,20,100.55,0.83,56,2,Bronze,0,2011.0,0
CUST_07061,271,21,268.95,0.25,62,9,Bronze,1,5647.95,0
CUST_07062,93,29,487.85,0.46,18,8,Bronze,1,14147.65,0
CUST_07063,17,25,298.82,0.16,30,8,Bronze,0,7470.5,0
CUST_07064,154,38,266.12,0.4,56,1,Bronze,0,10112.56,0
CUST_07065,328,44,339.94,0.02,42,7,Bronze,0,14957.36,1
CUST_07066,149,25,46.23,0.91,53,2,Bronze,1,1155.75,0
CUST_07067,267,9,409.52,0.68,98,1,Silver,0,3685.68,0
CUST_07068,328,39,326.97,0.33,74,9,Bronze,1,12751.83,0
CUST_07069,106,44,93.88,0.88,86,7,Bronze,1,4130.72,0
CUST_07070,35,26,319.05,0.18,50,2,Bronze,0,8295.3,0
CUST_07071,119,37,302.14,0.08,4,7,Gold,0,11179.18,0
CUST_07072,14,16,41.78,0.94,63,5,Bronze,0,668.48,0
CUST_07073,14,37,140.8,0.31,67,0,Bronze,0,5209.6,0
CUST_07074,266,12,201.56,0.94,56,1,Gold,0,2418.72,0
CUST_07075,140,24,130.0,0.64,49,1,Silver,0,3120.0,0
CUST_07076,294,26,129.15,0.98,92,6,Bronze,0,3357.9,0
CUST_07077,364,20,290.74,0.75,22,5,Bronze,0,5814.8,1
CUST_07078,119,9,240.72,0.11,12,1,Silver,0,2166.48,0
CUST_07079,238,23,336.97,0.85,49,0,Bronze,0,7750.31,0
CUST_07080,34,39,478.64,0.15,13,4,Bronze,1,18666.96,0
CUST_07081,169,29,333.67,0.69,33,1,Silver,0,9676.43,0
CUST_07082,10,31,295.23,0.5,47,9,Bronze,1,9152.13,0
CUST_07083,122,19,425.3,0.71,64,9,Silver,0,8080.7,0
CUST_07084,145,20,319.72,0.76,83,5,Bronze,0,6394.4,0
CUST_07085,223,23,91.13,0.8,17,1,Bronze,0,2095.99,0
CUST_07086,257,43,164.23,0.83,34,8,Silver,0,7061.89,0
CUST_07087,268,27,369.35,0.85,68,4,Silver,0,9972.45,0
CUST_07088,359,30,371.81,0.41,39,6,Bronze,0,11154.3,1
CUST_07089,4,21,493.63,0.89,72,3,Bronze,0,10366.23,0
CUST_07090,354,44,317.22,0.72,97,1,Bronze,1,13957.68,0
CUST_07091,106,35,450.78,0.84,1,2,Bronze,1,15777.3,0
CUST_07092,85,49,36.74,0.99,5,4,Bronze,0,1800.26,0
CUST_07093,214,7,287.45,0.12,96,0,Bronze,0,2012.15,1
CUST_07094,121,22,460.73,0.37,40,3,Bronze,0,10136.06,0
CUST_07095,132,10,150.75,0.81,63,3,Bronze,0,1507.5,0
CUST_07096,338,23,85.89,0.09,1,1,Bronze,0,1975.47,1
CUST_07097,197,15,181.75,0.54,35,8,Bronze,0,2726.25,0
CUST_07098,19,30,398.2,0.86,86,5,Bronze,1,11946.0,0
CUST_07099,130,34,51.5,0.02,93,8,Bronze,1,1751.0,0
CUST_07100,12,13,304.17,0.94,17,5,Bronze,1,3954.21,0
CUST_07101,81,4,76.46,0.98,94,1,Bronze,0,305.84,0
CUST_07102,330,18,223.41,0.32,99,0,Silver,0,4021.38,1
CUST_07103,354,23,483.33,0.77,60,3,Bronze,1,11116.59,0
CUST_07104,262,33,105.62,0.13,1,0,Bronze,0,3485.46,0
CUST_07105,125,34,26.67,0.77,4,7,Bronze,0,906.78,0
CUST_07106,307,34,219.33,0.48,9,0,Bronze,0,7457.22,0
CUST_07107,267,36,293.07,0.86,45,4,Bronze,0,10550.52,0
CUST_07108,140,35,155.78,0.21,32,8,Bronze,0,5452.3,0
CUST_07109,329,17,275.47,0.67,69,0,Bronze,1,4682.99,0
CUST_07110,2,28,477.17,0.79,14,3,Bronze,1,13360.76,0
CUST_07111,8,14,162.77,0.2,51,7,Bronze,0,2278.78,0
CUST_07112,250,34,161.62,0.82,90,7,Gold,0,5495.08,0
CUST_07113,139,48,246.56,0.96,23,0,Silver,0,11834.88,0
CUST_07114,124,11,262.51,0.62,46,7,Bronze,0,2887.61,0
CUST_07115,309,13,10.67,0.78,86,2,Bronze,0,138.71,0
CUST_07116,228,33,311.78,0.53,27,6,Bronze,0,10288.74,0
CUST_07117,10,2,498.71,0.6,89,9,Bronze,0,997.42,0
CUST_07118,212,34,153.08,0.01,36,0,Silver,0,5204.72,0
CUST_07119,112,29,319.1,0.52,68,4,Bronze,0,9253.9,0
CUST_07120,8,37,12.26,0.58,32,3,Bronze,1,453.62,0
CUST_07121,292,4,306.12,0.67,73,3,Bronze,0,1224.48,1
CUST_07122,362,12,229.06,0.17,66,4,Bronze,1,2748.72,1
CUST_07123,253,26,269.84,0.24,42,2,Silver,0,7015.84,0
CUST_07124,14,28,276.51,0.76,50,6,Bronze,1,7742.28,0
CUST_07125,240,3,96.71,0.17,57,1,Bronze,0,290.13,1
CUST_07126,242,20,387.28,0.42,64,0,Bronze,0,7745.6,0
CUST_07127,342,10,282.18,0.25,46,5,Bronze,0,2821.8,1
CUST_07128,149,18,142.4,0.55,89,0,Bronze,0,2563.2,0
CUST_07129,236,27,469.32,0.99,74,6,Gold,0,12671.64,0
CUST_07130,306,31,16.26,0.85,89,7,Bronze,0,504.06,0
CUST_07131,167,27,365.71,0.27,54,1,Bronze,0,9874.17,0
CUST_07132,20,42,196.81,0.37,53,3,Silver,0,8266.02,0
CUST_07133,216,1,266.05,0.92,29,6,Bronze,0,266.05,0
CUST_07134,343,6,152.84,0.9,37,5,Silver,0,917.04,1
CUST_07135,135,11,167.41,0.16,69,1,Bronze,0,1841.51,0
CUST_07136,129,34,17.43,0.83,14,3,Bronze,0,592.62,0
CUST_07137,294,39,367.62,0.3,97,2,Bronze,0,14337.18,0
CUST_07138,246,20,358.29,0.54,27,8,Bronze,0,7165.8,1
CUST_07139,189,21,330.64,0.01,5,5,Bronze,1,6943.44,0
CUST_07140,44,21,440.2,1.0,44,1,Bronze,1,9244.2,0
CUST_07141,86,18,451.62,0.76,15,1,Bronze,0,8129.16,0
CUST_07142,44,21,282.66,0.24,67,2,Bronze,0,5935.86,0
CUST_07143,330,19,345.56,0.68,1,4,Bronze,0,6565.64,1
CUST_07144,145,4,15.39,0.29,24,5,Bronze,0,61.56,1
CUST_07145,51,13,424.71,0.09,76,4,Bronze,0,5521.23,0
CUST_07146,242,18,410.04,0.43,62,0,Bronze,0,7380.72,0
CUST_07147,294,29,19.92,0.61,78,0,Silver,0,577.68,0
CUST_07148,51,25,275.98,0.09,57,6,Gold,0,6899.5,0
CUST_07149,266,13,454.26,0.52,20,9,Bronze,0,5905.38,1
CUST_07150,120,27,98.88,0.51,58,6,Bronze,0,2669.76,0
CUST_07151,200,19,182.8,0.63,14,9,Bronze,0,3473.2,0
CUST_07152,248,49,172.22,0.24,78,5,Gold,0,8438.78,0
CUST_07153,70,1,184.41,0.02,53,8,Silver,0,184.41,1
CUST_07154,341,38,30.52,0.32,35,1,Silver,1,1159.76,0
CUST_07155,57,19,146.72,0.4,62,0,Silver,0,2787.68,0
CUST_07156,39,1,154.48,0.64,61,5,Silver,1,154.48,0
CUST_07157,289,40,434.28,0.93,19,5,Bronze,0,17371.2,0
CUST_07158,18,17,182.54,0.2,84,8,Bronze,0,3103.18,0
CUST_07159,220,21,229.14,0.69,42,9,Bronze,0,4811.94,0
CUST_07160,313,22,196.56,0.1,44,0,Bronze,0,4324.32,1
CUST_07161,244,15,69.13,0.19,87,0,Gold,0,1036.95,1
CUST_07162,352,39,495.27,0.51,98,9,Bronze,1,19315.53,0
CUST_07163,304,48,414.65,0.71,1,5,Bronze,0,19903.2,0
CUST_07164,298,39,275.05,0.86,68,4,Bronze,0,10726.95,0
CUST_07165,283,32,243.42,0.74,81,5,Bronze,0,7789.44,0
CUST_07166,74,49,328.13,0.02,90,5,Bronze,0,16078.37,0
CUST_07167,110,4,169.95,0.68,78,3,Bronze,0,679.8,0
CUST_07168,180,44,34.64,0.82,46,9,Silver,1,1524.16,0
CUST_07169,32,45,208.12,0.53,51,7,Bronze,0,9365.4,0
CUST_07170,234,32,492.15,0.97,32,4,Bronze,0,15748.8,0
CUST_07171,282,4,99.35,0.0,84,5,Bronze,0,397.4,1
CUST_07172,25,1,268.58,0.82,80,1,Gold,1,268.58,0
CUST_07173,331,33,14.18,0.33,19,0,Silver,0,467.94,1
CUST_07174,279,7,69.8,0.65,39,7,Bronze,0,488.6,1
CUST_07175,226,9,297.72,0.69,88,5,Bronze,0,2679.48,0
CUST_07176,57,1,155.73,0.31,14,8,Gold,0,155.73,0
CUST_07177,180,16,453.79,1.0,29,4,Bronze,0,7260.64,0
CUST_07178,232,18,209.02,0.1,42,7,Bronze,0,3762.36,1
CUST_07179,343,47,111.94,0.16,14,6,Silver,0,5261.18,1
CUST_07180,287,6,277.34,0.89,11,9,Bronze,0,1664.04,1
CUST_07181,64,2,399.54,0.12,75,0,Gold,1,799.08,0
CUST_07182,232,9,19.52,0.38,47,6,Bronze,0,175.68,1
CUST_07183,289,4,257.7,0.73,24,3,Bronze,0,1030.8,1
CUST_07184,213,45,388.98,0.79,22,5,Gold,0,17504.1,0
CUST_07185,258,23,60.76,0.95,49,8,Bronze,0,1397.48,0
CUST_07186,18,43,452.37,0.79,55,8,Bronze,0,19451.91,0
CUST_07187,175,45,139.61,0.84,55,8,Silver,0,6282.45,0
CUST_07188,229,43,93.6,0.95,85,4,Bronze,0,4024.8,0
CUST_07189,226,8,298.74,0.55,70,3,Bronze,0,2389.92,0
CUST_07190,84,39,95.77,0.34,78,5,Bronze,1,3735.03,0
CUST_07191,291,25,343.05,0.76,73,9,Bronze,0,8576.25,0
CUST_07192,246,16,250.15,0.16,35,4,Gold,0,4002.4,1
CUST_07193,110,35,63.88,0.07,44,9,Bronze,0,2235.8,0
CUST_07194,254,17,457.12,0.79,36,4,Silver,0,7771.04,0
CUST_07195,88,18,339.87,0.95,89,7,Bronze,0,6117.66,0
CUST_07196,72,27,277.54,0.44,15,9,Bronze,0,7493.58,0
CUST_07197,30,15,193.43,0.16,45,4,Bronze,0,2901.45,0
CUST_07198,172,17,76.08,0.5,62,0,Gold,1,1293.36,0
CUST_07199,309,43,356.68,0.39,92,4,Bronze,0,15337.24,0
CUST_07200,343,5,408.69,0.37,50,4,Silver,0,2043.45,1
CUST_07201,177,16,71.65,0.63,78,4,Bronze,0,1146.4,0
CUST_07202,139,15,252.34,0.17,13,2,Bronze,0,3785.1,0
CUST_07203,194,42,247.57,0.38,31,8,Bronze,0,10397.94,0
CUST_07204,186,46,181.46,0.87,5,4,Bronze,0,8347.16,0
CUST_07205,218,34,396.78,0.73,83,1,Bronze,0,13490.52,0
CUST_07206,164,48,58.77,0.06,8,4,Bronze,0,2820.96,0
CUST_07207,161,19,110.46,0.51,13,8,Bronze,0,2098.74,0
CUST_07208,13,8,10.79,0.09,41,7,Bronze,0,86.32,0
CUST_07209,296,47,192.76,0.96,17,5,Gold,0,9059.72,0
CUST_07210,89,10,152.68,0.24,32,8,Silver,0,1526.8,0
CUST_07211,324,5,434.83,0.93,5,6,Bronze,0,2174.15,1
CUST_07212,42,48,375.45,0.83,9,1,Bronze,0,18021.6,0
CUST_07213,210,26,51.39,0.55,34,0,Bronze,1,1336.14,0
CUST_07214,229,22,373.07,0.34,1,2,Bronze,0,8207.54,0
CUST_07215,350,44,340.95,0.86,40,3,Bronze,1,15001.8,0
CUST_07216,275,23,148.04,0.15,79,8,Bronze,0,3404.92,1
CUST_07217,279,13,17.58,0.18,54,4,Gold,0,228.54,1
CUST_07218,251,9,66.43,0.22,32,1,Bronze,0,597.87,1
CUST_07219,310,49,132.47,0.6,98,9,Silver,1,6491.03,0
CUST_07220,208,20,410.14,0.31,99,4,Bronze,0,8202.8,0
CUST_07221,321,28,238.0,0.99,50,1,Bronze,0,6664.0,0
CUST_07222,140,44,460.01,0.2,59,8,Bronze,0,20240.44,0
CUST_07223,280,37,396.68,0.81,92,5,Gold,0,14677.16,0
CUST_07224,34,24,150.68,0.1,81,4,Bronze,0,3616.32,0
CUST_07225,309,44,424.23,0.35,62,1,Bronze,0,18666.12,0
CUST_07226,18,33,67.2,0.24,11,6,Bronze,0,2217.6,0
CUST_07227,57,20,27.7,0.98,23,6,Bronze,0,554.0,0
CUST_07228,112,48,308.18,0.03,26,1,Bronze,0,14792.64,0
CUST_07229,5,30,177.45,0.72,63,9,Gold,0,5323.5,0
CUST_07230,182,44,171.42,0.25,46,5,Silver,0,7542.48,0
CUST_07231,13,9,346.73,0.81,69,9,Bronze,0,3120.57,0
CUST_07232,339,45,426.55,0.31,90,9,Bronze,0,19194.75,1
CUST_07233,285,49,167.87,0.19,6,2,Bronze,0,8225.63,0
CUST_07234,259,17,169.26,0.69,51,7,Bronze,0,2877.42,0
CUST_07235,90,36,271.59,0.26,43,4,Bronze,1,9777.24,0
CUST_07236,104,14,330.06,0.49,98,7,Bronze,0,4620.84,0
CUST_07237,186,19,109.42,0.13,42,6,Bronze,0,2078.98,1
CUST_07238,250,7,457.21,0.72,13,7,Bronze,0,3200.47,1
CUST_07239,255,3,330.66,0.41,25,0,Bronze,0,991.98,1
CUST_07240,76,33,316.33,0.14,2,5,Silver,0,10438.89,0
CUST_07241,108,44,453.06,0.74,14,2,Bronze,0,19934.64,0
CUST_07242,156,32,454.56,0.1,17,4,Bronze,0,14545.92,0
CUST_07243,82,47,76.42,0.57,40,1,Bronze,0,3591.74,0
CUST_07244,77,11,81.09,0.61,39,3,Bronze,0,891.99,0
CUST_07245,258,42,383.35,0.93,25,5,Bronze,0,16100.7,0
CUST_07246,127,2,478.87,0.15,91,0,Bronze,0,957.74,0
CUST_07247,282,26,336.59,0.65,48,1,Silver,1,8751.34,0
CUST_07248,88,4,211.55,0.38,88,1,Bronze,0,846.2,0
CUST_07249,204,17,344.9,0.4,49,8,Silver,0,5863.3,1
CUST_07250,16,17,122.12,0.5,33,4,Bronze,0,2076.04,0
CUST_07251,151,28,499.0,0.23,27,4,Bronze,0,13972.0,0
CUST_07252,254,30,221.23,0.46,45,5,Bronze,0,6636.9,0
CUST_07253,188,40,466.53,0.69,31,9,Bronze,0,18661.2,0
CUST_07254,329,23,221.09,0.46,63,2,Gold,0,5085.07,1
CUST_07255,32,46,464.79,0.04,38,8,Silver,0,21380.34,0
CUST_07256,271,24,174.49,0.26,79,2,Bronze,0,4187.76,1
CUST_07257,5,29,382.67,0.35,40,3,Bronze,0,11097.43,0
CUST_07258,330,4,475.99,0.35,58,8,Bronze,0,1903.96,1
CUST_07259,308,38,326.53,0.08,65,9,Silver,0,12408.14,1
CUST_07260,333,29,342.01,0.45,11,7,Bronze,0,9918.29,1
CUST_07261,169,19,60.41,0.69,15,5,Gold,0,1147.79,0
CUST_07262,181,27,242.37,0.05,97,7,Silver,0,6543.99,1
CUST_07263,178,29,444.51,0.75,57,0,Bronze,0,12890.79,0
CUST_07264,143,36,128.05,0.96,96,3,Bronze,0,4609.8,0
CUST_07265,362,35,396.3,0.01,25,9,Bronze,1,13870.5,1
CUST_07266,248,6,341.1,0.19,39,3,Bronze,0,2046.6,1
CUST_07267,127,23,119.26,0.54,33,1,Bronze,0,2742.98,0
CUST_07268,263,39,148.57,0.22,29,1,Bronze,0,5794.23,0
CUST_07269,40,46,219.5,0.76,58,9,Bronze,1,10097.0,0
CUST_07270,355,44,71.31,0.31,98,8,Bronze,0,3137.64,1
CUST_07271,255,48,457.55,0.29,72,5,Bronze,0,21962.4,0
CUST_07272,143,8,372.29,0.0,11,6,Silver,0,2978.32,1
CUST_07273,240,2,188.83,0.27,13,3,Bronze,0,377.66,1
CUST_07274,228,13,156.84,0.22,69,2,Silver,0,2038.92,1
CUST_07275,341,40,347.89,0.34,83,2,Silver,0,13915.6,1
CUST_07276,198,21,217.87,0.15,21,4,Bronze,0,4575.27,1
CUST_07277,65,31,122.37,0.59,3,5,Silver,0,3793.47,0
CUST_07278,11,48,220.77,0.24,26,1,Bronze,0,10596.96,0
CUST_07279,108,36,436.94,0.83,33,6,Bronze,0,15729.84,0
CUST_07280,26,48,43.62,0.28,94,6,Bronze,0,2093.76,0
CUST_07281,151,38,190.5,0.21,22,0,Bronze,0,7239.0,0
CUST_07282,221,27,481.55,0.06,62,6,Bronze,0,13001.85,1
CUST_07283,341,36,17.27,0.74,5,3,Silver,0,621.72,0
CUST_07284,237,48,446.41,0.51,19,3,Gold,0,21427.68,0
CUST_07285,237,23,193.67,0.11,9,2,Bronze,0,4454.41,1
CUST_07286,219,21,102.86,0.22,58,8,Bronze,0,2160.06,1
CUST_07287,151,13,17.34,1.0,24,2,Bronze,1,225.42,0
CUST_07288,123,37,44.56,0.81,39,3,Bronze,0,1648.72,0
CUST_07289,144,47,94.2,0.35,76,2,Bronze,1,4427.4,0
CUST_07290,189,26,22.45,0.54,61,7,Gold,0,583.7,0
CUST_07291,255,40,174.57,0.42,48,7,Bronze,0,6982.8,0
CUST_07292,68,7,32.0,0.04,91,9,Bronze,0,224.0,1
CUST_07293,104,46,349.19,0.78,50,7,Bronze,1,16062.74,0
CUST_07294,336,39,411.26,0.72,62,4,Silver,0,16039.14,0
CUST_07295,159,22,444.86,0.41,53,6,Bronze,0,9786.92,0
CUST_07296,309,39,279.07,0.85,21,2,Silver,0,10883.73,0
CUST_07297,362,23,473.79,0.53,38,7,Bronze,0,10897.17,1
CUST_07298,300,30,12.77,0.07,99,9,Gold,0,383.1,1
CUST_07299,90,18,75.67,0.26,96,1,Bronze,0,1362.06,0
CUST_07300,357,42,153.65,0.46,59,7,Bronze,1,6453.3,0
CUST_07301,256,18,396.62,0.1,97,5,Bronze,0,7139.16,1
CUST_07302,353,46,443.84,0.57,43,1,Gold,0,20416.64,0
CUST_07303,220,10,312.89,0.12,17,5,Bronze,0,3128.9,1
CUST_07304,9,39,197.79,0.2,69,9,Bronze,1,7713.81,0
CUST_07305,12,30,336.26,0.89,44,1,Bronze,0,10087.8,0
CUST_07306,325,26,98.64,1.0,84,2,Bronze,0,2564.64,0
CUST_07307,244,7,234.36,0.55,63,4,Bronze,0,1640.52,1
CUST_07308,182,7,258.7,0.62,23,0,Bronze,1,1810.9,0
CUST_07309,284,5,61.39,0.8,68,8,Bronze,0,306.95,1
CUST_07310,312,1,26.6,0.7,26,9,Silver,0,26.6,1
CUST_07311,99,46,377.55,0.18,94,2,Bronze,0,17367.3,0
CUST_07312,197,18,272.01,0.41,48,0,Bronze,0,4896.18,0
CUST_07313,226,13,172.8,0.54,47,5,Bronze,0,2246.4,0
CUST_07314,333,25,224.24,0.36,46,0,Bronze,0,5606.0,1
CUST_07315,103,40,479.27,0.18,29,2,Silver,0,19170.8,0
CUST_07316,106,8,198.61,0.74,34,6,Bronze,0,1588.88,0
CUST_07317,58,10,60.7,0.2,10,3,Bronze,0,607.0,0
CUST_07318,78,32,237.17,0.26,20,8,Bronze,0,7589.44,0
CUST_07319,75,17,327.54,0.29,88,6,Silver,0,5568.18,0
CUST_07320,42,38,15.94,0.16,34,4,Gold,0,605.72,0
CUST_07321,324,15,172.85,0.85,13,8,Bronze,0,2592.75,1
CUST_07322,181,15,202.82,0.61,87,2,Bronze,0,3042.3,0
CUST_07323,33,48,237.22,0.83,10,7,Silver,0,11386.56,0
CUST_07324,71,40,157.83,0.49,86,7,Bronze,0,6313.2,0
CUST_07325,56,20,336.79,0.52,45,3,Bronze,0,6735.8,0
CUST_07326,105,15,472.91,0.62,78,0,Silver,0,7093.65,0
CUST_07327,200,35,457.86,0.37,89,3,Bronze,0,16025.1,0
CUST_07328,101,6,335.55,0.5,82,8,Bronze,0,2013.3,0
CUST_07329,256,30,258.37,0.55,84,9,Bronze,0,7751.1,0
CUST_07330,307,8,414.65,0.95,92,0,Bronze,0,3317.2,0
CUST_07331,74,31,419.61,0.88,8,2,Silver,0,13007.91,0
CUST_07332,171,48,416.49,0.13,5,7,Bronze,0,19991.52,0
CUST_07333,143,47,87.34,0.04,85,2,Bronze,0,4104.98,0
CUST_07334,166,32,22.46,0.68,20,1,Silver,0,718.72,0
CUST_07335,261,45,491.76,0.05,44,0,Bronze,0,22129.2,0
CUST_07336,221,15,480.23,0.06,80,8,Silver,0,7203.45,1
CUST_07337,83,18,286.55,0.16,58,9,Gold,0,5157.9,0
CUST_07338,182,13,496.6,0.35,20,2,Bronze,0,6455.8,0
CUST_07339,307,24,387.57,0.43,89,6,Bronze,0,9301.68,1
CUST_07340,10,40,263.52,0.52,71,9,Silver,0,10540.8,0
CUST_07341,4,14,200.77,0.99,89,2,Bronze,0,2810.78,0
CUST_07342,351,28,300.5,0.39,74,7,Bronze,0,8414.0,1
CUST_07343,336,11,262.74,0.24,40,8,Gold,0,2890.14,1
CUST_07344,292,6,496.96,0.58,16,7,Bronze,1,2981.76,0
CUST_07345,281,25,250.33,0.22,4,4,Bronze,0,6258.25,1
CUST_07346,215,1,419.6,0.94,10,9,Gold,0,419.6,0
CUST_07347,98,25,408.68,0.26,51,1,Bronze,0,10217.0,0
CUST_07348,101,2,44.99,0.99,48,5,Bronze,0,89.98,0
CUST_07349,9,32,52.63,0.42,95,7,Gold,0,1684.16,0
CUST_07350,61,13,333.31,0.81,76,1,Bronze,1,4333.03,0
CUST_07351,309,33,136.96,0.65,20,5,Bronze,0,4519.68,0
CUST_07352,146,32,332.19,0.93,32,6,Bronze,0,10630.08,0
CUST_07353,63,24,80.87,0.63,66,8,Silver,1,1940.88,0
CUST_07354,121,27,204.56,0.58,60,8,Bronze,0,5523.12,0
CUST_07355,226,4,60.21,0.65,11,1,Bronze,0,240.84,0
CUST_07356,105,24,148.23,0.79,20,0,Bronze,1,3557.52,0
CUST_07357,260,23,53.27,0.9,23,6,Bronze,0,1225.21,0
CUST_07358,349,29,485.58,0.27,77,5,Bronze,0,14081.82,1
CUST_07359,255,34,203.58,0.2,35,9,Bronze,0,6921.72,1
CUST_07360,207,21,451.58,0.03,17,9,Gold,1,9483.18,0
CUST_07361,28,30,485.87,0.37,10,9,Bronze,0,14576.1,0
CUST_07362,170,26,455.69,0.85,38,3,Silver,0,11847.94,0
CUST_07363,336,20,232.93,0.07,78,8,Bronze,0,4658.6,1
CUST_07364,76,16,391.66,0.54,83,0,Bronze,0,6266.56,0
CUST_07365,116,3,85.31,0.69,32,6,Silver,1,255.93,0
CUST_07366,69,49,56.47,0.84,54,4,Bronze,0,2767.03,0
CUST_07367,354,37,439.68,0.58,97,4,Bronze,1,16268.16,0
CUST_07368,234,40,25.25,0.19,57,5,Bronze,0,1010.0,0
CUST_07369,1,44,486.44,0.96,89,1,Gold,0,21403.36,0
CUST_07370,167,25,339.35,0.09,25,2,Bronze,0,8483.75,0
CUST_07371,352,23,215.61,0.77,14,8,Bronze,0,4959.03,1
CUST_07372,218,44,79.27,0.09,45,3,Bronze,0,3487.88,0
CUST_07373,273,1,364.38,0.14,44,5,Silver,1,364.38,1
CUST_07374,251,33,285.92,0.9,38,2,Silver,0,9435.36,0
CUST_07375,347,15,358.45,0.75,36,2,Bronze,0,5376.75,1
CUST_07376,344,17,214.78,0.37,88,8,Bronze,0,3651.26,1
CUST_07377,174,34,42.47,0.64,39,8,Silver,0,1443.98,0
CUST_07378,170,17,164.34,0.46,39,2,Silver,0,2793.78,0
CUST_07379,246,41,164.36,0.07,13,2,Bronze,0,6738.76,0
CUST_07380,90,44,14.25,0.72,66,5,Bronze,0,627.0,0
CUST_07381,49,4,14.69,0.76,34,0,Silver,1,58.76,0
CUST_07382,294,13,172.07,0.88,15,4,Bronze,0,2236.91,0
CUST_07383,150,4,366.54,0.54,58,8,Bronze,1,1466.16,0
CUST_07384,132,7,315.78,0.67,59,8,Bronze,0,2210.46,0
CUST_07385,59,46,127.12,0.44,66,7,Gold,0,5847.52,0
CUST_07386,324,9,305.35,0.32,52,5,Bronze,0,2748.15,1
CUST_07387,199,23,327.22,0.41,89,8,Bronze,0,7526.06,0
CUST_07388,215,33,266.06,0.91,69,2,Bronze,0,8779.98,0
CUST_07389,49,33,265.46,0.16,98,8,Bronze,0,8760.18,0
CUST_07390,232,20,191.18,0.25,5,7,Bronze,1,3823.6,0
CUST_07391,247,4,70.46,0.61,43,0,Bronze,0,281.84,0
CUST_07392,239,1,198.89,0.12,8,8,Bronze,0,198.89,1
CUST_07393,168,42,179.21,0.89,78,7,Bronze,0,7526.82,0
CUST_07394,48,34,300.07,0.05,93,7,Bronze,0,10202.38,0
CUST_07395,51,27,429.57,0.76,94,5,Bronze,0,11598.39,0
CUST_07396,299,21,193.93,0.37,63,8,Gold,0,4072.53,1
CUST_07397,98,24,357.77,0.05,68,7,Gold,0,8586.48,0
CUST_07398,216,15,407.8,0.84,35,1,Bronze,0,6117.0,0
CUST_07399,177,35,113.76,0.64,71,5,Silver,0,3981.6,0
CUST_07400,80,25,451.81,0.01,90,7,Gold,0,11295.25,0
CUST_07401,185,9,44.52,0.27,32,5,Silver,0,400.68,1
CUST_07402,27,17,451.84,0.35,97,8,Bronze,1,7681.28,0
CUST_07403,195,21,90.18,0.32,24,4,Silver,0,1893.78,0
CUST_07404,214,13,175.21,0.5,50,7,Bronze,0,2277.73,0
CUST_07405,342,3,306.57,0.53,59,9,Bronze,0,919.71,1
CUST_07406,114,4,453.78,0.4,65,1,Bronze,0,1815.12,0
CUST_07407,242,4,135.29,0.33,93,4,Bronze,0,541.16,1
CUST_07408,124,43,384.15,0.5,38,0,Bronze,0,16518.45,0
CUST_07409,305,28,358.11,0.03,38,4,Bronze,0,10027.08,1
CUST_07410,76,7,88.26,0.65,21,6,Silver,0,617.82,0
CUST_07411,311,26,244.94,0.61,23,0,Bronze,0,6368.44,0
CUST_07412,312,11,245.94,0.28,46,9,Bronze,1,2705.34,1
CUST_07413,196,24,159.26,0.18,69,2,Bronze,1,3822.24,0
CUST_07414,351,43,392.16,0.07,30,5,Bronze,0,16862.88,1
CUST_07415,44,10,463.71,0.59,40,0,Gold,0,4637.1,0
CUST_07416,186,37,361.12,0.57,82,2,Bronze,0,13361.44,0
CUST_07417,343,13,486.75,0.53,70,7,Bronze,1,6327.75,0
CUST_07418,246,44,34.73,0.99,69,8,Bronze,1,1528.12,0
CUST_07419,84,42,28.24,0.53,42,6,Bronze,0,1186.08,0
CUST_07420,207,39,447.99,0.72,18,3,Bronze,1,17471.61,0
CUST_07421,151,19,449.92,0.11,59,6,Bronze,0,8548.48,1
CUST_07422,156,19,62.49,0.3,13,6,Bronze,0,1187.31,0
CUST_07423,16,12,185.15,0.28,84,6,Silver,0,2221.8,0
CUST_07424,165,22,419.34,0.58,21,7,Silver,0,9225.48,0
CUST_07425,145,47,72.98,0.33,68,3,Bronze,0,3430.06,0
CUST_07426,37,37,141.04,0.64,77,3,Gold,0,5218.48,0
CUST_07427,333,30,343.69,0.69,82,8,Silver,0,10310.7,1
CUST_07428,45,46,491.13,0.03,77,7,Bronze,0,22591.98,0
CUST_07429,206,12,400.6,0.64,77,3,Gold,0,4807.2,0
CUST_07430,62,29,390.89,0.12,61,5,Silver,0,11335.81,0
CUST_07431,356,21,177.9,0.47,99,8,Silver,0,3735.9,1
CUST_07432,308,11,334.06,0.73,38,5,Bronze,0,3674.66,1
CUST_07433,19,37,65.41,0.7,40,4,Bronze,0,2420.17,0
CUST_07434,300,48,496.21,0.3,27,6,Gold,0,23818.08,0
CUST_07435,7,18,245.49,0.27,58,1,Bronze,1,4418.82,0
CUST_07436,249,44,323.02,0.44,90,7,Bronze,1,14212.88,0
CUST_07437,117,27,439.32,0.19,76,6,Bronze,0,11861.64,0
CUST_07438,68,37,10.47,0.97,66,5,Bronze,0,387.39,0
CUST_07439,34,48,488.23,0.34,43,2,Bronze,0,23435.04,0
CUST_07440,194,12,185.99,0.92,20,8,Bronze,0,2231.88,0
CUST_07441,325,23,176.4,0.91,35,1,Bronze,1,4057.2,0
CUST_07442,55,34,81.08,0.36,55,3,Bronze,0,2756.72,0
CUST_07443,266,38,430.51,0.25,74,1,Bronze,0,16359.38,0
CUST_07444,42,23,436.71,0.77,72,5,Bronze,1,10044.33,0
CUST_07445,297,25,19.79,0.23,40,6,Bronze,0,494.75,1
CUST_07446,231,4,37.31,0.52,46,8,Bronze,0,149.24,1
CUST_07447,10,30,459.99,0.11,95,5,Bronze,0,13799.7,0
CUST_07448,358,30,70.21,0.39,79,5,Bronze,0,2106.3,1
CUST_07449,128,13,314.25,0.08,42,4,Bronze,0,4085.25,0
CUST_07450,179,42,313.63,0.28,18,9,Silver,0,13172.46,0
CUST_07451,193,49,436.17,0.67,15,9,Silver,0,21372.33,0
CUST_07452,92,14,290.6,0.99,83,3,Bronze,0,4068.4,0
CUST_07453,231,47,222.67,0.25,88,9,Bronze,0,10465.49,0
CUST_07454,78,8,487.45,0.47,99,3,Silver,0,3899.6,0
CUST_07455,85,24,122.12,0.45,66,3,Bronze,0,2930.88,0
CUST_07456,30,18,138.73,0.18,13,4,Bronze,0,2497.14,0
CUST_07457,213,35,51.54,0.61,57,0,Bronze,0,1803.9,0
CUST_07458,49,25,487.91,0.72,9,1,Bronze,1,12197.75,0
CUST_07459,265,17,356.12,0.15,99,2,Bronze,0,6054.04,1
CUST_07460,145,32,15.93,0.76,66,6,Bronze,1,509.76,0
CUST_07461,69,24,355.11,0.7,16,0,Bronze,0,8522.64,0
CUST_07462,58,7,208.03,0.2,2,2,Bronze,1,1456.21,0
CUST_07463,185,13,484.1,0.65,16,6,Bronze,0,6293.3,0
CUST_07464,62,27,145.92,0.39,72,5,Bronze,0,3939.84,0
CUST_07465,308,48,358.04,0.68,1,1,Bronze,0,17185.92,0
CUST_07466,296,5,317.44,0.5,82,3,Bronze,0,1587.2,1
CUST_07467,166,36,15.9,0.05,26,0,Bronze,0,572.4,0
CUST_07468,171,26,443.76,0.79,44,4,Bronze,0,11537.76,0
CUST_07469,63,42,78.41,0.56,5,1,Bronze,0,3293.22,0
CUST_07470,147,45,335.16,0.72,21,7,Silver,0,15082.2,0
CUST_07471,306,31,390.02,0.13,35,9,Bronze,0,12090.62,1
CUST_07472,161,10,319.15,0.72,92,5,Gold,0,3191.5,0
CUST_07473,141,46,57.59,0.41,54,0,Bronze,0,2649.14,0
CUST_07474,334,26,487.84,0.8,90,1,Bronze,0,12683.84,0
CUST_07475,97,22,126.04,0.6,96,3,Bronze,0,2772.88,0
CUST_07476,221,12,317.65,0.35,50,2,Bronze,0,3811.8,0
CUST_07477,43,32,400.62,0.2,44,8,Bronze,0,12819.84,0
CUST_07478,292,27,470.23,0.82,85,0,Silver,0,12696.21,0
CUST_07479,108,33,305.97,0.56,4,6,Bronze,0,10097.01,0
CUST_07480,266,20,136.94,0.99,42,8,Bronze,0,2738.8,0
CUST_07481,95,39,419.95,0.37,41,8,Bronze,0,16378.05,0
CUST_07482,262,41,89.98,0.69,36,5,Bronze,1,3689.18,0
CUST_07483,313,40,20.92,0.62,24,6,Bronze,1,836.8,0
CUST_07484,71,13,454.99,0.64,97,7,Bronze,0,5914.87,0
CUST_07485,219,14,291.94,0.74,5,2,Bronze,0,4087.16,0
CUST_07486,21,44,44.12,0.14,57,4,Silver,0,1941.28,0
CUST_07487,92,40,294.07,0.55,67,3,Bronze,1,11762.8,0
CUST_07488,127,22,81.06,0.51,11,8,Bronze,0,1783.32,0
CUST_07489,80,18,25.38,0.34,45,8,Bronze,1,456.84,0
CUST_07490,312,48,67.1,0.44,96,3,Bronze,0,3220.8,0
CUST_07491,238,29,389.8,0.52,22,1,Bronze,0,11304.2,0
CUST_07492,182,43,380.27,0.32,11,0,Silver,0,16351.61,0
CUST_07493,25,16,306.12,0.29,38,2,Bronze,0,4897.92,0
CUST_07494,156,46,112.57,0.74,59,1,Bronze,0,5178.22,0
CUST_07495,5,35,372.09,0.07,86,4,Bronze,1,13023.15,0
CUST_07496,120,34,209.94,0.31,4,5,Silver,0,7137.96,0
CUST_07497,277,3,260.27,0.65,67,8,Bronze,0,780.81,1
CUST_07498,18,4,449.84,0.21,10,3,Bronze,0,1799.36,0
CUST_07499,198,5,234.35,0.57,19,3,Bronze,0,1171.75,0
CUST_07500,57,10,316.92,0.3,82,3,Bronze,0,3169.2,0
CUST_07501,93,29,481.26,0.84,28,0,Bronze,1,13956.54,0
CUST_07502,19,32,231.18,0.35,95,2,Bronze,0,7397.76,0
CUST_07503,353,31,284.76,0.23,17,3,Bronze,0,8827.56,1
CUST_07504,193,2,296.36,0.53,24,0,Bronze,1,592.72,0
CUST_07505,237,12,127.95,0.14,1,4,Bronze,1,1535.4,0
CUST_07506,277,27,371.09,0.8,5,9,Bronze,1,10019.43,0
CUST_07507,227,5,366.05,0.68,32,8,Silver,0,1830.25,1
CUST_07508,233,37,114.64,0.77,53,0,Bronze,0,4241.68,0
CUST_07509,40,27,16.54,0.4,81,6,Silver,0,446.58,0
CUST_07510,323,23,499.48,0.84,57,1,Silver,0,11488.04,0
CUST_07511,153,33,294.98,0.49,85,9,Bronze,0,9734.34,0
CUST_07512,127,4,98.71,0.09,43,8,Bronze,0,394.84,1
CUST_07513,237,21,148.95,0.22,86,3,Bronze,1,3127.95,0
CUST_07514,55,24,312.72,0.71,39,2,Silver,0,7505.28,0
CUST_07515,172,44,77.43,0.9,34,6,Silver,0,3406.92,0
CUST_07516,109,31,28.27,0.1,78,5,Bronze,0,876.37,0
CUST_07517,354,44,401.26,0.86,80,9,Bronze,0,17655.44,0
CUST_07518,184,48,360.76,0.8,5,7,Silver,0,17316.48,0
CUST_07519,198,24,161.7,0.36,18,8,Bronze,0,3880.8,0
CUST_07520,87,49,38.66,0.69,4,6,Gold,1,1894.34,0
CUST_07521,201,10,248.27,0.19,92,5,Bronze,0,2482.7,1
CUST_07522,337,49,145.33,0.81,91,7,Silver,0,7121.17,0
CUST_07523,322,49,204.91,0.66,70,8,Bronze,1,10040.59,0
CUST_07524,275,2,144.24,0.44,11,7,Bronze,0,288.48,1
CUST_07525,211,31,95.88,0.86,47,5,Bronze,1,2972.28,0
CUST_07526,118,25,199.62,0.14,85,7,Gold,1,4990.5,0
CUST_07527,191,4,482.8,0.85,81,8,Bronze,1,1931.2,0
CUST_07528,42,11,140.45,0.02,31,5,Bronze,0,1544.95,0
CUST_07529,42,17,174.62,0.75,98,5,Silver,0,2968.54,0
CUST_07530,315,44,171.33,0.57,13,1,Silver,0,7538.52,0
CUST_07531,276,2,245.34,0.7,23,8,Bronze,0,490.68,1
CUST_07532,329,6,423.32,0.41,65,7,Bronze,0,2539.92,1
CUST_07533,17,9,207.04,0.86,68,4,Bronze,0,1863.36,0
CUST_07534,283,5,405.01,0.31,30,9,Silver,0,2025.05,1
CUST_07535,258,20,66.36,0.27,31,2,Bronze,0,1327.2,1
CUST_07536,63,29,448.5,0.3,47,8,Bronze,0,13006.5,0
CUST_07537,62,21,100.8,0.77,16,9,Bronze,0,2116.8,0
CUST_07538,100,9,29.21,0.5,43,6,Bronze,0,262.89,0
CUST_07539,19,28,87.59,0.54,3,8,Bronze,0,2452.52,0
CUST_07540,17,8,103.47,0.83,12,6,Bronze,0,827.76,0
CUST_07541,325,31,259.17,0.83,76,7,Bronze,0,8034.27,0
CUST_07542,246,20,230.47,0.16,11,9,Silver,0,4609.4,1
CUST_07543,251,27,360.78,0.55,16,4,Bronze,0,9741.06,0
CUST_07544,81,8,34.97,0.13,29,9,Bronze,0,279.76,1
CUST_07545,39,21,253.88,0.87,21,9,Bronze,0,5331.48,0
CUST_07546,36,28,172.91,0.84,58,5,Gold,0,4841.48,0
CUST_07547,197,23,319.05,0.85,43,7,Gold,0,7338.15,0
CUST_07548,158,6,31.41,0.7,5,6,Bronze,0,188.46,0
CUST_07549,204,3,27.12,0.47,52,0,Silver,1,81.36,0
CUST_07550,196,5,219.35,0.4,13,9,Bronze,0,1096.75,1
CUST_07551,216,9,407.56,0.4,81,3,Silver,1,3668.04,0
CUST_07552,285,7,338.84,0.07,12,7,Bronze,0,2371.88,1
CUST_07553,196,4,18.19,0.95,81,8,Bronze,0,72.76,0
CUST_07554,307,39,97.45,0.45,1,5,Bronze,0,3800.55,0
CUST_07555,152,5,121.1,0.93,8,3,Silver,0,605.5,0
CUST_07556,14,11,217.3,0.88,16,1,Silver,0,2390.3,0
CUST_07557,325,15,297.49,0.83,15,8,Bronze,0,4462.35,1
CUST_07558,146,34,116.07,0.59,19,0,Gold,0,3946.38,0
CUST_07559,57,13,197.43,0.1,25,4,Bronze,0,2566.59,0
CUST_07560,211,48,296.13,0.32,31,7,Bronze,1,14214.24,0
CUST_07561,268,7,197.88,0.6,2,3,Silver,1,1385.16,0
CUST_07562,210,40,80.15,0.01,59,0,Bronze,0,3206.0,0
CUST_07563,17,6,250.91,0.04,89,3,Bronze,0,1505.46,0
CUST_07564,286,39,168.76,0.68,31,4,Gold,0,6581.64,0
CUST_07565,344,30,433.45,0.89,68,4,Bronze,0,13003.5,0
CUST_07566,203,22,390.06,0.86,68,0,Silver,1,8581.32,0
CUST_07567,99,25,103.23,0.17,12,1,Silver,0,2580.75,0
CUST_07568,279,28,84.79,0.91,17,5,Bronze,0,2374.12,0
CUST_07569,209,20,180.36,0.7,85,9,Silver,0,3607.2,0
CUST_07570,129,39,211.97,0.72,29,4,Bronze,0,8266.83,0
CUST_07571,335,3,466.69,0.3,86,8,Bronze,0,1400.07,1
CUST_07572,288,5,157.79,0.72,36,6,Bronze,0,788.95,1
CUST_07573,252,1,435.12,0.71,80,4,Bronze,0,435.12,1
CUST_07574,265,15,257.6,0.59,63,8,Silver,0,3864.0,1
CUST_07575,271,26,443.96,0.36,15,0,Bronze,0,11542.96,0
CUST_07576,188,3,353.96,0.81,30,2,Bronze,1,1061.88,0
CUST_07577,214,40,357.11,0.94,51,1,Silver,0,14284.4,0
CUST_07578,283,41,264.21,0.87,11,6,Bronze,0,10832.61,0
CUST_07579,211,47,421.75,0.24,57,8,Bronze,0,19822.25,0
CUST_07580,76,42,134.67,0.45,13,1,Silver,0,5656.14,0
CUST_07581,148,34,454.6,0.34,87,5,Bronze,0,15456.4,0
CUST_07582,321,5,322.02,0.71,55,1,Silver,0,1610.1,1
CUST_07583,213,31,224.97,0.83,98,2,Bronze,0,6974.07,0
CUST_07584,109,13,491.27,0.22,63,0,Bronze,0,6386.51,0
CUST_07585,129,43,432.39,0.95,84,5,Bronze,0,18592.77,0
CUST_07586,10,1,388.29,0.68,2,1,Silver,1,388.29,0
CUST_07587,47,22,144.21,0.22,72,2,Bronze,0,3172.62,0
CUST_07588,315,15,487.13,0.37,82,5,Silver,1,7306.95,0
CUST_07589,96,26,374.06,0.1,56,5,Bronze,0,9725.56,0
CUST_07590,103,18,306.56,0.6,7,3,Bronze,1,5518.08,0
CUST_07591,342,48,461.68,0.17,43,0,Bronze,0,22160.64,0
CUST_07592,146,9,89.47,0.69,31,6,Silver,0,805.23,0
CUST_07593,27,1,78.12,0.74,61,1,Silver,0,78.12,0
CUST_07594,220,43,286.22,0.48,22,5,Gold,0,12307.46,0
CUST_07595,18,9,37.79,0.09,62,6,Bronze,0,340.11,0
CUST_07596,167,23,335.35,0.61,28,1,Bronze,0,7713.05,0
CUST_07597,82,43,127.96,0.37,25,5,Silver,0,5502.28,0
CUST_07598,72,45,68.32,0.95,65,0,Bronze,0,3074.4,0
CUST_07599,310,2,210.65,0.51,32,5,Silver,0,421.3,1
CUST_07600,254,14,238.32,0.07,89,7,Gold,0,3336.48,1
CUST_07601,162,38,93.54,0.64,48,7,Bronze,0,3554.52,0
CUST_07602,327,40,30.35,0.78,80,6,Bronze,0,1214.0,0
CUST_07603,38,18,212.89,0.16,93,3,Silver,1,3832.02,0
CUST_07604,201,16,382.17,0.45,24,3,Silver,0,6114.72,0
CUST_07605,200,29,438.36,0.74,81,4,Bronze,0,12712.44,0
CUST_07606,255,44,57.8,0.02,42,7,Silver,0,2543.2,1
CUST_07607,179,11,267.09,0.03,70,3,Gold,0,2937.99,1
CUST_07608,35,6,139.07,0.68,78,8,Bronze,0,834.42,0
CUST_07609,82,3,193.57,0.73,90,2,Bronze,1,580.71,0
CUST_07610,220,14,467.39,0.85,92,8,Bronze,0,6543.46,0
CUST_07611,158,2,182.52,0.4,36,1,Bronze,0,365.04,0
CUST_07612,4,32,189.02,0.39,31,5,Bronze,0,6048.64,0
CUST_07613,167,31,112.6,0.55,27,4,Bronze,0,3490.6,0
CUST_07614,204,11,480.41,0.76,66,4,Bronze,0,5284.51,0
CUST_07615,194,22,233.68,0.64,83,5,Bronze,0,5140.96,0
CUST_07616,235,3,289.49,0.33,92,9,Gold,1,868.47,0
CUST_07617,206,31,232.05,0.35,45,6,Silver,0,7193.55,0
CUST_07618,150,33,133.93,0.76,44,3,Bronze,0,4419.69,0
CUST_07619,159,24,407.1,0.53,57,3,Bronze,1,9770.4,0
CUST_07620,279,1,23.95,0.1,21,8,Gold,0,23.95,1
CUST_07621,304,44,348.22,0.15,55,3,Bronze,0,15321.68,1
CUST_07622,166,15,301.19,0.85,15,7,Bronze,0,4517.85,0
CUST_07623,311,37,80.7,1.0,34,9,Bronze,1,2985.9,0
CUST_07624,68,27,91.29,0.34,3,0,Bronze,0,2464.83,0
CUST_07625,88,38,333.02,0.39,1,3,Silver,0,12654.76,0
CUST_07626,217,48,162.95,0.15,24,1,Bronze,0,7821.6,0
CUST_07627,1,27,140.21,0.24,43,9,Silver,0,3785.67,0
CUST_07628,135,44,38.99,0.42,27,4,Bronze,0,1715.56,0
CUST_07629,185,12,385.58,0.28,9,1,Bronze,0,4626.96,0
CUST_07630,351,3,442.51,0.7,88,6,Bronze,0,1327.53,1
CUST_07631,140,30,411.72,0.54,17,9,Silver,0,12351.6,0
CUST_07632,106,32,238.36,0.82,92,6,Gold,0,7627.52,0
CUST_07633,133,23,271.64,0.72,39,8,Bronze,0,6247.72,0
CUST_07634,108,2,128.72,0.13,55,3,Bronze,0,257.44,0
CUST_07635,178,7,94.7,0.12,68,4,Bronze,0,662.9,1
CUST_07636,298,34,413.27,0.9,93,2,Bronze,0,14051.18,0
CUST_07637,358,32,401.19,0.82,45,6,Silver,0,12838.08,0
CUST_07638,359,39,390.91,0.47,28,4,Bronze,0,15245.49,1
CUST_07639,146,32,237.05,0.13,56,8,Bronze,0,7585.6,0
CUST_07640,74,43,433.61,0.9,29,6,Bronze,0,18645.23,0
CUST_07641,108,43,463.85,0.23,29,3,Bronze,0,19945.55,0
CUST_07642,122,14,170.89,0.04,69,6,Silver,0,2392.46,1
CUST_07643,17,3,120.1,0.92,11,0,Gold,0,360.3,0
CUST_07644,196,46,237.49,0.81,2,1,Silver,0,10924.54,0
CUST_07645,327,32,97.87,0.69,68,2,Bronze,0,3131.84,0
CUST_07646,318,43,443.16,0.03,10,4,Bronze,0,19055.88,1
CUST_07647,297,36,175.62,0.53,72,4,Silver,0,6322.32,0
CUST_07648,252,17,292.32,0.65,87,6,Bronze,1,4969.44,0
CUST_07649,119,48,301.41,0.76,27,8,Silver,1,14467.68,0
CUST_07650,162,3,262.34,0.47,87,9,Bronze,0,787.02,1
CUST_07651,198,10,86.7,0.95,98,8,Bronze,0,867.0,0
CUST_07652,45,47,495.59,0.24,35,5,Silver,0,23292.73,0
CUST_07653,314,40,94.58,0.07,81,6,Bronze,1,3783.2,0
CUST_07654,179,18,378.24,0.33,50,7,Bronze,0,6808.32,0
CUST_07655,44,3,397.77,0.66,74,3,Bronze,0,1193.31,0
CUST_07656,271,39,81.13,0.74,2,6,Bronze,0,3164.07,0
CUST_07657,78,10,467.25,0.74,17,5,Bronze,0,4672.5,0
CUST_07658,326,9,249.0,0.11,95,7,Bronze,0,2241.0,1
CUST_07659,178,46,318.15,0.89,80,0,Bronze,0,14634.9,0
CUST_07660,357,46,324.67,0.28,24,4,Bronze,0,14934.82,1
CUST_07661,3,11,257.43,0.21,57,2,Silver,0,2831.73,0
CUST_07662,214,33,79.59,0.61,71,8,Gold,0,2626.47,0
CUST_07663,342,36,378.36,0.21,83,8,Gold,0,13620.96,1
CUST_07664,74,26,295.08,0.51,16,2,Bronze,0,7672.08,0
CUST_07665,51,27,68.15,0.41,97,9,Bronze,0,1840.05,0
CUST_07666,67,38,353.16,0.23,36,1,Gold,0,13420.08,0
CUST_07667,332,22,354.35,0.29,45,4,Bronze,0,7795.7,1
CUST_07668,93,26,278.76,0.43,10,3,Bronze,0,7247.76,0
CUST_07669,176,22,54.37,0.35,63,6,Bronze,0,1196.14,0
CUST_07670,145,5,182.8,0.38,43,7,Bronze,0,914.0,0
CUST_07671,7,35,34.95,0.74,51,3,Silver,1,1223.25,0
CUST_07672,269,2,244.02,0.17,79,2,Silver,0,488.04,1
CUST_07673,322,35,454.16,0.63,3,8,Gold,1,15895.6,0
CUST_07674,4,9,11.1,0.68,66,7,Bronze,0,99.9,0
CUST_07675,138,49,140.65,0.8,35,6,Bronze,1,6891.85,0
CUST_07676,231,18,401.93,0.85,91,7,Silver,0,7234.74,0
CUST_07677,88,43,14.83,0.16,69,7,Bronze,0,637.69,0
CUST_07678,17,12,14.98,0.14,79,9,Bronze,0,179.76,0
CUST_07679,52,3,309.3,0.61,36,7,Silver,0,927.9,0
CUST_07680,134,18,396.71,0.76,49,0,Bronze,1,7140.78,0
CUST_07681,211,38,390.49,0.27,97,3,Bronze,0,14838.62,0
CUST_07682,325,7,391.99,0.53,1,9,Bronze,0,2743.93,1
CUST_07683,219,33,186.89,0.77,76,6,Silver,0,6167.37,0
CUST_07684,205,6,442.53,0.77,42,5,Silver,0,2655.18,0
CUST_07685,211,18,16.29,0.65,41,2,Silver,0,293.22,0
CUST_07686,277,45,162.97,0.08,73,2,Bronze,0,7333.65,0
CUST_07687,24,22,175.22,0.05,57,3,Bronze,0,3854.84,0
CUST_07688,4,39,91.13,0.39,20,9,Bronze,0,3554.07,0
CUST_07689,152,9,174.75,0.03,94,5,Bronze,0,1572.75,1
CUST_07690,259,35,297.08,0.9,14,0,Bronze,0,10397.8,0
CUST_07691,324,23,264.94,0.02,87,9,Bronze,1,6093.62,1
CUST_07692,357,12,166.52,0.03,93,3,Bronze,0,1998.24,1
CUST_07693,168,24,377.17,0.17,99,8,Silver,1,9052.08,0
CUST_07694,176,40,360.25,0.63,52,6,Gold,0,14410.0,0
CUST_07695,310,9,147.54,0.54,91,5,Bronze,0,1327.86,1
CUST_07696,291,13,168.38,0.66,54,4,Bronze,0,2188.94,1
CUST_07697,56,40,150.88,0.89,49,1,Gold,1,6035.2,0
CUST_07698,108,42,73.14,0.45,91,1,Gold,0,3071.88,0
CUST_07699,296,17,378.86,0.04,30,5,Bronze,0,6440.62,1
CUST_07700,324,7,32.68,0.76,3,8,Bronze,0,228.76,1
CUST_07701,302,17,83.78,0.81,12,8,Bronze,0,1424.26,0
CUST_07702,334,24,61.6,0.05,31,0,Gold,0,1478.4,1
CUST_07703,141,2,414.42,0.24,37,6,Gold,0,828.84,1
CUST_07704,155,35,31.56,0.77,27,6,Silver,0,1104.6,0
CUST_07705,262,28,335.67,0.38,24,9,Gold,0,9398.76,1
CUST_07706,273,19,31.79,0.47,41,1,Bronze,0,604.01,0
CUST_07707,232,33,395.36,0.82,64,9,Bronze,1,13046.88,0
CUST_07708,241,21,457.23,0.09,11,3,Bronze,0,9601.83,1
CUST_07709,355,10,248.55,0.68,91,7,Bronze,0,2485.5,1
CUST_07710,337,46,404.23,0.21,73,5,Silver,0,18594.58,1
CUST_07711,258,45,356.14,0.06,16,6,Gold,0,16026.3,1
CUST_07712,249,9,399.86,0.66,14,9,Bronze,0,3598.74,1
CUST_07713,77,38,385.72,0.12,47,5,Bronze,1,14657.36,0
CUST_07714,180,6,110.63,0.75,30,8,Bronze,0,663.78,0
CUST_07715,66,42,254.78,0.2,24,9,Bronze,0,10700.76,0
CUST_07716,308,35,480.6,0.05,13,9,Silver,0,16821.0,1
CUST_07717,348,18,178.33,0.1,97,8,Bronze,0,3209.94,1
CUST_07718,171,19,485.54,0.84,9,5,Bronze,0,9225.26,0
CUST_07719,22,5,295.75,0.37,49,5,Bronze,0,1478.75,0
CUST_07720,107,25,236.19,0.3,26,8,Bronze,0,5904.75,0
CUST_07721,323,11,332.3,0.49,49,9,Silver,0,3655.3,1
CUST_07722,227,10,409.76,0.63,42,8,Bronze,1,4097.6,0
CUST_07723,216,17,203.16,0.04,45,2,Bronze,0,3453.72,1
CUST_07724,69,36,26.15,0.9,77,6,Bronze,0,941.4,0
CUST_07725,84,26,357.32,0.96,21,2,Bronze,0,9290.32,0
CUST_07726,103,31,478.52,0.42,29,3,Bronze,0,14834.12,0
CUST_07727,39,32,316.24,0.41,92,8,Bronze,0,10119.68,0
CUST_07728,13,21,102.32,0.88,24,9,Bronze,0,2148.72,0
CUST_07729,297,18,131.64,0.43,77,7,Gold,0,2369.52,1
CUST_07730,313,18,455.78,0.86,42,5,Bronze,1,8204.04,0
CUST_07731,181,1,16.65,0.03,84,5,Bronze,1,16.65,0
CUST_07732,268,14,278.89,0.49,71,7,Silver,0,3904.46,1
CUST_07733,13,8,87.75,0.95,41,1,Silver,0,702.0,0
CUST_07734,120,2,148.55,0.25,48,4,Bronze,0,297.1,0
CUST_07735,353,15,160.42,0.27,79,6,Silver,0,2406.3,1
CUST_07736,57,34,117.45,0.63,89,2,Bronze,0,3993.3,0
CUST_07737,40,36,398.25,0.93,99,7,Bronze,1,14337.0,0
CUST_07738,336,1,172.78,0.2,77,2,Bronze,0,172.78,1
CUST_07739,128,21,179.29,0.92,43,3,Bronze,0,3765.09,0
CUST_07740,173,42,231.97,0.66,8,9,Bronze,0,9742.74,0
CUST_07741,35,1,452.12,0.99,85,9,Bronze,1,452.12,0
CUST_07742,259,32,347.2,0.74,63,5,Silver,1,11110.4,0
CUST_07743,5,20,40.26,0.67,63,5,Bronze,0,805.2,0
CUST_07744,218,47,29.24,0.81,6,1,Bronze,0,1374.28,0
CUST_07745,11,36,287.53,0.18,74,1,Silver,0,10351.08,0
CUST_07746,327,39,444.66,0.95,52,2,Bronze,0,17341.74,0
CUST_07747,117,30,168.39,0.17,21,2,Bronze,0,5051.7,0
CUST_07748,184,7,131.41,0.03,14,3,Silver,0,919.87,1
CUST_07749,362,22,376.61,0.7,58,3,Bronze,0,8285.42,1
CUST_07750,116,45,305.02,0.18,97,3,Bronze,1,13725.9,0
CUST_07751,162,10,286.86,0.76,25,9,Silver,1,2868.6,0
CUST_07752,67,8,83.16,0.8,56,9,Bronze,0,665.28,0
CUST_07753,200,27,96.22,0.24,83,2,Bronze,0,2597.94,0
CUST_07754,31,10,148.08,0.09,9,0,Bronze,0,1480.8,0
CUST_07755,75,14,111.35,0.5,36,8,Silver,0,1558.9,0
CUST_07756,237,46,486.01,0.89,57,1,Bronze,0,22356.46,0
CUST_07757,327,11,19.12,0.85,79,2,Bronze,0,210.32,0
CUST_07758,66,6,316.77,0.12,5,1,Bronze,0,1900.62,0
CUST_07759,70,21,263.62,0.96,81,5,Bronze,0,5536.02,0
CUST_07760,297,33,168.39,0.26,94,5,Silver,0,5556.87,1
CUST_07761,20,19,444.92,0.35,7,0,Bronze,0,8453.48,0
CUST_07762,226,39,338.38,0.15,6,3,Gold,0,13196.82,0
CUST_07763,199,24,499.19,0.38,79,9,Bronze,0,11980.56,0
CUST_07764,39,18,92.64,0.64,52,4,Bronze,1,1667.52,0
CUST_07765,145,35,53.06,0.51,74,5,Bronze,0,1857.1,0
CUST_07766,45,43,78.3,0.83,70,4,Bronze,0,3366.9,0
CUST_07767,326,37,141.95,0.64,55,2,Bronze,0,5252.15,0
CUST_07768,91,19,214.23,0.26,77,2,Gold,0,4070.37,0
CUST_07769,238,24,432.68,0.56,14,2,Gold,0,10384.32,0
CUST_07770,70,34,148.96,0.06,1,5,Bronze,0,5064.64,0
CUST_07771,166,22,458.47,0.58,97,3,Bronze,0,10086.34,0
CUST_07772,130,4,236.82,0.39,83,3,Gold,0,947.28,0
CUST_07773,214,10,327.06,0.1,73,2,Silver,1,3270.6,0
CUST_07774,340,2,139.56,0.31,37,3,Bronze,0,279.12,1
CUST_07775,89,8,86.45,0.9,49,7,Silver,0,691.6,0
CUST_07776,335,33,436.03,0.59,12,2,Silver,0,14388.99,0
CUST_07777,252,38,63.66,0.9,5,9,Bronze,0,2419.08,0
CUST_07778,349,43,389.27,0.41,70,2,Gold,0,16738.61,0
CUST_07779,72,28,294.68,0.98,11,5,Bronze,0,8251.04,0
CUST_07780,165,10,431.96,0.36,53,0,Bronze,0,4319.6,0
CUST_07781,49,45,361.73,0.76,55,9,Bronze,1,16277.85,0
CUST_07782,52,1,148.02,0.31,74,5,Bronze,0,148.02,0
CUST_07783,289,34,291.47,0.11,79,8,Bronze,0,9909.98,1
CUST_07784,278,3,16.41,0.83,50,2,Silver,0,49.23,0
CUST_07785,114,9,242.86,0.76,53,1,Bronze,0,2185.74,0
CUST_07786,239,5,52.15,0.82,55,2,Bronze,0,260.75,0
CUST_07787,133,42,220.18,0.3,92,2,Bronze,0,9247.56,0
CUST_07788,274,10,63.71,0.7,3,1,Gold,0,637.1,0
CUST_07789,166,12,478.19,0.22,16,3,Silver,0,5738.28,0
CUST_07790,293,18,266.3,0.01,45,7,Bronze,1,4793.4,1
CUST_07791,243,21,457.48,0.87,81,6,Bronze,0,9607.08,0
CUST_07792,320,21,20.96,0.52,36,9,Bronze,0,440.16,1
CUST_07793,138,1,322.45,0.98,19,8,Bronze,0,322.45,0
CUST_07794,79,3,160.41,0.39,4,7,Bronze,0,481.23,0
CUST_07795,170,5,221.6,0.96,59,6,Bronze,1,1108.0,0
CUST_07796,123,25,437.81,0.62,89,5,Silver,0,10945.25,0
CUST_07797,176,49,490.21,0.51,91,2,Silver,0,24020.29,0
CUST_07798,300,8,130.78,0.3,12,9,Bronze,0,1046.24,1
CUST_07799,82,17,474.64,0.83,63,3,Bronze,0,8068.88,0
CUST_07800,87,9,347.48,0.83,56,7,Silver,0,3127.32,0
CUST_07801,225,32,476.19,0.42,27,1,Bronze,0,15238.08,0
CUST_07802,16,6,285.56,0.73,68,5,Bronze,0,1713.36,0
CUST_07803,310,49,480.77,0.45,24,0,Bronze,0,23557.73,0
CUST_07804,358,40,447.3,0.74,81,6,Bronze,0,17892.0,0
CUST_07805,163,21,73.01,0.99,26,3,Gold,0,1533.21,0
CUST_07806,98,7,162.29,0.26,82,0,Bronze,0,1136.03,0
CUST_07807,156,7,129.1,0.63,22,4,Bronze,0,903.7,0
CUST_07808,2,47,290.33,0.38,70,4,Silver,0,13645.51,0
CUST_07809,350,39,403.37,0.55,19,5,Silver,0,15731.43,0
CUST_07810,169,27,382.11,0.87,34,7,Bronze,0,10316.97,0
CUST_07811,315,8,366.11,0.35,11,3,Bronze,1,2928.88,0
CUST_07812,325,9,193.88,0.07,88,6,Bronze,0,1744.92,1
CUST_07813,92,28,78.42,0.8,45,3,Gold,0,2195.76,0
CUST_07814,181,15,113.19,0.56,37,1,Bronze,1,1697.85,0
CUST_07815,231,2,373.42,0.45,23,7,Silver,0,746.84,1
CUST_07816,301,7,82.29,0.18,40,4,Silver,0,576.03,1
CUST_07817,148,47,119.24,0.09,43,9,Bronze,0,5604.28,0
CUST_07818,280,18,218.03,0.28,4,3,Silver,0,3924.54,1
CUST_07819,189,22,45.34,0.72,82,1,Bronze,0,997.48,0
CUST_07820,347,10,114.22,0.41,94,6,Silver,0,1142.2,1
CUST_07821,350,33,83.39,0.57,15,4,Bronze,1,2751.87,0
CUST_07822,314,7,476.15,0.08,23,8,Bronze,0,3333.05,1
CUST_07823,128,3,103.85,0.12,12,6,Silver,0,311.55,1
CUST_07824,7,14,432.27,0.01,68,8,Gold,1,6051.78,0
CUST_07825,47,44,66.25,0.67,68,9,Bronze,0,2915.0,0
CUST_07826,53,46,436.14,0.26,52,9,Silver,0,20062.44,0
CUST_07827,187,36,303.72,0.97,41,4,Silver,0,10933.92,0
CUST_07828,38,13,426.36,0.31,78,5,Silver,0,5542.68,0
CUST_07829,226,16,435.0,0.36,59,7,Bronze,1,6960.0,0
CUST_07830,53,16,302.22,0.47,58,9,Silver,0,4835.52,0
CUST_07831,224,5,459.67,0.32,59,5,Bronze,0,2298.35,1
CUST_07832,154,25,296.87,0.82,72,3,Bronze,0,7421.75,0
CUST_07833,48,38,359.16,0.88,23,1,Bronze,0,13648.08,0
CUST_07834,351,38,213.88,0.01,1,5,Gold,0,8127.44,1
CUST_07835,147,38,457.89,0.65,56,8,Bronze,0,17399.82,0
CUST_07836,64,39,413.84,0.69,75,7,Bronze,0,16139.76,0
CUST_07837,349,48,91.69,0.96,91,2,Bronze,0,4401.12,0
CUST_07838,182,41,292.43,0.37,4,4,Bronze,0,11989.63,0
CUST_07839,125,26,449.45,0.2,29,5,Bronze,1,11685.7,0
CUST_07840,179,13,398.6,0.52,17,6,Bronze,0,5181.8,0
CUST_07841,39,44,481.65,0.45,49,1,Silver,0,21192.6,0
CUST_07842,260,26,123.34,0.79,83,5,Bronze,0,3206.84,0
CUST_07843,3,1,190.06,0.9,51,1,Gold,0,190.06,0
CUST_07844,64,8,258.52,0.09,49,7,Bronze,0,2068.16,0
CUST_07845,29,4,124.01,0.85,24,6,Silver,1,496.04,0
CUST_07846,11,21,203.08,0.91,44,1,Silver,0,4264.68,0
CUST_07847,97,22,273.39,0.92,41,3,Silver,1,6014.58,0
CUST_07848,358,37,103.76,0.76,57,6,Bronze,0,3839.12,0
CUST_07849,203,49,135.78,0.74,56,8,Silver,0,6653.22,0
CUST_07850,21,3,71.17,0.01,32,2,Bronze,0,213.51,0
CUST_07851,39,19,359.56,0.92,31,9,Bronze,0,6831.64,0
CUST_07852,223,1,187.16,0.35,16,9,Bronze,0,187.16,1
CUST_07853,102,29,117.93,0.04,32,7,Bronze,0,3419.97,0
CUST_07854,46,23,258.59,0.41,42,8,Bronze,0,5947.57,0
CUST_07855,66,33,43.44,0.73,34,7,Silver,0,1433.52,0
CUST_07856,91,41,462.47,0.44,99,3,Gold,0,18961.27,0
CUST_07857,164,23,154.29,0.76,37,3,Bronze,0,3548.67,0
CUST_07858,111,5,444.37,0.51,16,6,Bronze,0,2221.85,0
CUST_07859,338,7,253.83,0.3,85,3,Bronze,0,1776.81,1
CUST_07860,123,6,426.57,0.2,13,9,Silver,0,2559.42,1
CUST_07861,193,49,131.06,0.42,82,9,Gold,0,6421.94,0
CUST_07862,99,22,95.88,0.04,66,6,Bronze,0,2109.36,0
CUST_07863,291,49,426.21,0.42,33,8,Gold,0,20884.29,0
CUST_07864,159,13,114.33,0.07,82,8,Bronze,0,1486.29,1
CUST_07865,103,12,375.64,0.88,92,8,Bronze,0,4507.68,0
CUST_07866,281,4,178.85,0.58,35,9,Bronze,0,715.4,1
CUST_07867,43,8,376.61,0.65,37,9,Bronze,0,3012.88,0
CUST_07868,84,37,454.75,0.29,76,5,Bronze,1,16825.75,0
CUST_07869,191,31,491.0,0.23,40,0,Bronze,0,15221.0,0
CUST_07870,51,37,186.31,0.71,8,7,Bronze,0,6893.47,0
CUST_07871,210,45,190.09,0.67,54,5,Bronze,0,8554.05,0
CUST_07872,126,26,490.88,0.12,89,6,Bronze,0,12762.88,0
CUST_07873,69,43,432.15,0.24,7,1,Bronze,0,18582.45,0
CUST_07874,265,8,32.1,0.95,2,2,Silver,0,256.8,0
CUST_07875,258,40,290.99,0.3,97,5,Bronze,0,11639.6,0
CUST_07876,188,33,98.81,0.03,56,2,Bronze,0,3260.73,0
CUST_07877,230,45,497.07,0.06,97,4,Bronze,0,22368.15,0
CUST_07878,189,29,78.07,0.78,57,3,Bronze,0,2264.03,0
CUST_07879,10,5,284.08,0.76,49,4,Bronze,0,1420.4,0
CUST_07880,114,28,335.95,0.38,87,7,Bronze,0,9406.6,0
CUST_07881,76,40,469.16,0.15,69,3,Bronze,0,18766.4,0
CUST_07882,164,17,425.16,0.5,78,8,Silver,1,7227.72,0
CUST_07883,85,23,130.42,0.33,8,2,Gold,0,2999.66,0
CUST_07884,49,45,290.59,0.37,84,6,Silver,0,13076.55,0
CUST_07885,326,9,477.25,0.26,63,6,Gold,0,4295.25,1
CUST_07886,177,2,370.5,0.06,82,0,Bronze,0,741.0,1
CUST_07887,218,32,347.28,0.79,87,2,Gold,0,11112.96,0
CUST_07888,189,49,379.9,0.62,93,9,Bronze,0,18615.1,0
CUST_07889,346,31,168.03,0.83,71,0,Silver,0,5208.93,0
CUST_07890,230,7,367.33,0.5,88,7,Gold,0,2571.31,1
CUST_07891,255,30,124.1,0.98,46,9,Silver,0,3723.0,0
CUST_07892,236,3,219.77,0.96,89,4,Gold,1,659.31,0
CUST_07893,26,9,446.07,0.27,78,3,Bronze,0,4014.63,0
CUST_07894,72,10,19.3,0.39,67,2,Bronze,0,193.0,0
CUST_07895,261,46,213.02,0.75,46,6,Bronze,0,9798.92,0
CUST_07896,254,47,140.74,0.78,78,7,Bronze,0,6614.78,0
CUST_07897,271,26,107.31,0.91,67,7,Silver,0,2790.06,0
CUST_07898,123,1,420.9,0.65,42,0,Silver,1,420.9,0
CUST_07899,144,30,351.28,0.48,64,6,Bronze,1,10538.4,0
CUST_07900,257,38,65.19,0.38,73,4,Bronze,0,2477.22,0
CUST_07901,144,15,252.29,0.42,53,1,Bronze,0,3784.35,0
CUST_07902,259,25,238.78,0.85,71,7,Bronze,0,5969.5,0
CUST_07903,47,6,79.84,0.98,90,1,Bronze,0,479.04,0
CUST_07904,351,18,401.88,0.05,7,5,Bronze,0,7233.84,1
CUST_07905,13,1,189.67,0.58,7,4,Bronze,0,189.67,0
CUST_07906,208,3,383.35,0.52,36,5,Silver,0,1150.05,1
CUST_07907,311,17,104.11,0.38,13,9,Silver,0,1769.87,1
CUST_07908,235,48,164.39,0.85,67,7,Bronze,0,7890.72,0
CUST_07909,149,8,56.63,0.58,20,8,Bronze,0,453.04,0
CUST_07910,322,49,80.3,0.31,73,2,Silver,0,3934.7,0
CUST_07911,155,40,442.76,0.44,53,2,Bronze,1,17710.4,0
CUST_07912,166,17,63.47,0.36,86,6,Gold,1,1078.99,0
CUST_07913,90,25,56.91,0.43,52,2,Bronze,0,1422.75,0
CUST_07914,186,41,470.78,0.07,97,9,Silver,0,19301.98,0
CUST_07915,318,12,326.49,0.11,61,4,Bronze,0,3917.88,1
CUST_07916,358,29,59.45,0.62,87,9,Bronze,0,1724.05,1
CUST_07917,174,25,486.14,0.68,87,3,Bronze,0,12153.5,0
CUST_07918,217,36,82.08,0.64,90,8,Gold,0,2954.88,0
CUST_07919,264,25,385.51,0.76,96,7,Bronze,0,9637.75,0
CUST_07920,97,29,27.08,0.94,61,8,Bronze,0,785.32,0
CUST_07921,117,11,316.03,0.86,56,5,Gold,0,3476.33,0
CUST_07922,199,4,277.88,0.42,92,1,Bronze,0,1111.52,0
CUST_07923,320,14,111.92,0.22,94,7,Silver,1,1566.88,1
CUST_07924,21,46,325.14,0.31,40,0,Gold,0,14956.44,0
CUST_07925,200,38,312.36,0.59,81,4,Bronze,0,11869.68,0
CUST_07926,341,17,401.19,0.86,63,1,Bronze,0,6820.23,0
CUST_07927,248,2,439.18,0.7,57,6,Bronze,0,878.36,1
CUST_07928,276,8,259.95,0.54,82,4,Silver,0,2079.6,1
CUST_07929,264,36,250.24,0.6,89,9,Bronze,1,9008.64,0
CUST_07930,58,10,314.58,0.53,4,2,Bronze,0,3145.8,0
CUST_07931,302,7,367.31,0.97,26,6,Bronze,0,2571.17,0
CUST_07932,31,36,184.52,0.82,95,2,Silver,0,6642.72,0
CUST_07933,249,16,257.27,0.78,62,5,Bronze,0,4116.32,0
CUST_07934,93,14,296.7,0.52,76,3,Bronze,0,4153.8,0
CUST_07935,265,16,494.31,0.33,54,9,Silver,1,7908.96,0
CUST_07936,271,25,297.98,0.02,62,1,Silver,1,7449.5,0
CUST_07937,94,41,119.85,0.04,18,8,Bronze,1,4913.85,0
CUST_07938,154,4,298.12,0.03,10,5,Bronze,0,1192.48,1
CUST_07939,285,29,411.55,0.98,36,4,Bronze,0,11934.95,0
CUST_07940,80,6,430.13,0.11,2,4,Silver,0,2580.78,0
CUST_07941,292,1,402.12,0.14,60,7,Silver,0,402.12,1
CUST_07942,84,39,445.22,0.48,89,4,Bronze,1,17363.58,0
CUST_07943,37,1,174.04,0.48,47,7,Bronze,1,174.04,0
CUST_07944,342,40,258.71,0.92,73,7,Bronze,0,10348.4,0
CUST_07945,327,3,392.0,0.07,32,0,Gold,1,1176.0,1
CUST_07946,232,1,139.58,0.96,69,3,Silver,0,139.58,0
CUST_07947,93,1,192.07,0.22,51,8,Bronze,0,192.07,1
CUST_07948,336,39,417.27,0.97,67,1,Bronze,0,16273.53,0
CUST_07949,102,21,387.34,0.54,81,3,Bronze,0,8134.14,0
CUST_07950,166,45,485.89,0.65,77,3,Bronze,0,21865.05,0
CUST_07951,159,30,498.03,0.32,67,0,Bronze,0,14940.9,0
CUST_07952,14,32,127.96,0.61,92,9,Gold,0,4094.72,0
CUST_07953,225,33,451.22,0.71,68,9,Bronze,0,14890.26,0
CUST_07954,73,48,56.31,0.01,82,6,Bronze,0,2702.88,0
CUST_07955,249,22,357.8,0.03,56,0,Silver,0,7871.6,1
CUST_07956,91,30,117.85,0.99,99,4,Bronze,0,3535.5,0
CUST_07957,216,46,157.15,0.46,14,7,Bronze,1,7228.9,0
CUST_07958,90,4,473.7,0.94,16,3,Silver,0,1894.8,0
CUST_07959,29,23,138.94,0.73,76,4,Bronze,0,3195.62,0
CUST_07960,305,44,339.86,0.37,75,9,Gold,0,14953.84,1
CUST_07961,220,25,97.28,0.15,66,2,Bronze,1,2432.0,0
CUST_07962,328,12,55.76,0.98,33,4,Bronze,0,669.12,0
CUST_07963,215,17,176.27,0.58,13,2,Bronze,0,2996.59,0
CUST_07964,221,15,315.86,0.19,30,3,Bronze,0,4737.9,1
CUST_07965,42,10,131.49,0.68,26,2,Gold,0,1314.9,0
CUST_07966,135,35,157.08,0.09,82,4,Bronze,0,5497.8,0
CUST_07967,42,29,357.28,0.87,13,1,Bronze,0,10361.12,0
CUST_07968,164,12,60.37,0.09,68,8,Bronze,0,724.44,1
CUST_07969,361,1,228.98,0.24,33,2,Gold,0,228.98,1
CUST_07970,283,1,471.45,0.09,15,9,Silver,0,471.45,1
CUST_07971,58,10,204.52,0.1,17,0,Bronze,0,2045.2,0
CUST_07972,302,18,222.76,0.52,6,4,Bronze,0,4009.68,1
CUST_07973,322,47,371.72,0.69,5,3,Bronze,0,17470.84,0
CUST_07974,25,2,391.72,0.79,33,1,Bronze,1,783.44,0
CUST_07975,73,49,387.11,0.7,54,7,Bronze,0,18968.39,0
CUST_07976,129,8,498.95,0.36,16,8,Silver,0,3991.6,0
CUST_07977,87,22,45.01,0.56,46,5,Bronze,0,990.22,0
CUST_07978,330,22,491.3,0.93,24,7,Bronze,0,10808.6,0
CUST_07979,153,26,475.59,0.39,5,1,Bronze,0,12365.34,0
CUST_07980,182,26,427.55,0.25,67,5,Bronze,0,11116.3,0
CUST_07981,125,9,232.52,0.52,99,0,Bronze,0,2092.68,0
CUST_07982,67,21,436.74,0.3,91,9,Bronze,1,9171.54,0
CUST_07983,6,31,118.21,0.26,76,2,Bronze,0,3664.51,0
CUST_07984,125,43,397.91,0.78,50,6,Bronze,0,17110.13,0
CUST_07985,314,6,100.77,0.89,41,0,Bronze,0,604.62,0
CUST_07986,326,14,409.53,0.5,89,5,Silver,0,5733.42,1
CUST_07987,53,33,311.12,0.78,55,6,Silver,0,10266.96,0
CUST_07988,66,7,58.04,0.19,81,2,Bronze,0,406.28,0
CUST_07989,314,24,448.71,0.55,20,7,Bronze,0,10769.04,1
CUST_07990,82,9,293.2,0.64,92,7,Bronze,0,2638.8,0
CUST_07991,87,11,331.56,0.49,50,4,Bronze,0,3647.16,0
CUST_07992,2,23,148.92,0.12,35,1,Silver,0,3425.16,0
CUST_07993,204,48,437.1,0.73,50,1,Silver,0,20980.8,0
CUST_07994,150,2,277.15,0.84,79,4,Bronze,0,554.3,0
CUST_07995,293,15,216.35,0.64,33,3,Bronze,0,3245.25,0
CUST_07996,103,35,271.8,0.17,67,3,Bronze,0,9513.0,0
CUST_07997,24,36,354.62,0.07,71,4,Bronze,0,12766.32,0
CUST_07998,212,28,350.57,0.3,10,0,Bronze,0,9815.96,0
CUST_07999,65,39,185.21,0.04,90,6,Bronze,0,7223.19,0
CUST_08000,209,44,198.78,0.84,41,2,Silver,0,8746.32,0
CUST_08001,251,4,285.5,0.7,40,9,Bronze,0,1142.0,1
CUST_08002,117,10,462.96,0.56,6,9,Bronze,0,4629.6,0
CUST_08003,116,6,375.26,0.89,33,7,Bronze,0,2251.56,0
CUST_08004,237,30,201.3,0.11,16,8,Bronze,0,6039.0,1
CUST_08005,105,46,175.15,0.71,24,7,Bronze,0,8056.9,0
CUST_08006,259,35,266.58,0.15,94,1,Silver,0,9330.3,0
CUST_08007,46,49,436.3,0.06,60,6,Gold,1,21378.7,0
CUST_08008,311,43,14.25,0.13,74,3,Silver,0,612.75,1
CUST_08009,331,10,358.14,0.95,11,4,Bronze,0,3581.4,0
CUST_08010,216,32,154.31,0.44,44,9,Bronze,0,4937.92,0
CUST_08011,301,42,112.11,0.05,86,4,Silver,0,4708.62,1
CUST_08012,333,42,15.95,0.58,3,8,Gold,0,669.9,0
CUST_08013,24,3,449.33,0.2,38,1,Bronze,0,1347.99,0
CUST_08014,35,26,457.0,0.01,40,1,Bronze,0,11882.0,0
CUST_08015,24,15,40.09,0.76,87,2,Bronze,1,601.35,0
CUST_08016,28,17,265.69,0.15,19,4,Silver,0,4516.73,0
CUST_08017,16,27,84.76,0.94,40,3,Silver,1,2288.52,0
CUST_08018,59,18,381.76,0.59,53,9,Bronze,0,6871.68,0
CUST_08019,243,19,336.04,0.09,77,9,Silver,0,6384.76,1
CUST_08020,207,12,155.59,0.22,36,8,Gold,0,1867.08,1
CUST_08021,271,24,67.31,0.61,67,2,Bronze,0,1615.44,0
CUST_08022,249,5,417.3,0.34,86,0,Bronze,1,2086.5,0
CUST_08023,267,24,340.38,0.53,89,4,Silver,0,8169.12,0
CUST_08024,193,27,13.34,0.8,20,7,Bronze,0,360.18,0
CUST_08025,335,48,317.66,0.79,28,0,Silver,0,15247.68,0
CUST_08026,218,30,407.05,0.7,57,0,Bronze,0,12211.5,0
CUST_08027,115,15,299.48,0.89,3,5,Bronze,0,4492.2,0
CUST_08028,68,47,218.11,0.2,86,6,Bronze,0,10251.17,0
CUST_08029,299,38,296.12,0.18,37,7,Bronze,0,11252.56,1
CUST_08030,325,44,313.66,0.8,18,7,Gold,1,13801.04,0
CUST_08031,75,34,323.62,0.32,84,2,Bronze,0,11003.08,0
CUST_08032,103,27,483.85,0.51,46,3,Bronze,0,13063.95,0
CUST_08033,297,20,97.54,0.74,5,8,Bronze,0,1950.8,0
CUST_08034,178,41,315.32,0.4,73,4,Bronze,0,12928.12,0
CUST_08035,215,32,102.12,0.13,93,8,Silver,0,3267.84,1
CUST_08036,315,4,112.88,0.68,81,4,Silver,0,451.52,1
CUST_08037,39,5,337.94,0.82,76,4,Gold,0,1689.7,0
CUST_08038,259,8,458.82,0.01,57,8,Bronze,0,3670.56,1
CUST_08039,204,22,87.93,0.56,26,5,Bronze,0,1934.46,0
CUST_08040,7,42,481.61,0.47,33,2,Silver,0,20227.62,0
CUST_08041,49,7,166.49,0.26,97,4,Silver,0,1165.43,0
CUST_08042,26,22,201.74,0.16,36,0,Bronze,0,4438.28,0
CUST_08043,161,46,85.3,0.19,93,8,Bronze,0,3923.8,0
CUST_08044,357,30,311.76,0.72,22,9,Bronze,0,9352.8,1
CUST_08045,176,37,302.25,0.54,82,9,Silver,0,11183.25,0
CUST_08046,79,16,226.71,0.98,17,6,Bronze,0,3627.36,0
CUST_08047,2,15,243.28,0.24,44,0,Bronze,0,3649.2,0
CUST_08048,132,5,315.26,0.96,52,3,Bronze,0,1576.3,0
CUST_08049,276,3,295.91,0.52,88,1,Bronze,0,887.73,1
CUST_08050,117,23,193.39,0.15,22,2,Bronze,0,4447.97,0
CUST_08051,164,10,443.22,0.15,69,3,Bronze,0,4432.2,1
CUST_08052,288,5,337.15,0.61,1,1,Bronze,1,1685.75,0
CUST_08053,28,23,110.65,0.83,83,9,Bronze,1,2544.95,0
CUST_08054,333,15,166.75,0.75,30,0,Bronze,0,2501.25,0
CUST_08055,1,18,396.06,0.66,39,3,Bronze,0,7129.08,0
CUST_08056,188,25,61.22,0.17,79,8,Bronze,0,1530.5,1
CUST_08057,56,8,377.61,0.11,35,8,Gold,0,3020.88,0
CUST_08058,35,31,185.83,0.0,69,8,Silver,0,5760.73,0
CUST_08059,112,21,280.33,0.1,70,2,Bronze,0,5886.93,0
CUST_08060,286,2,147.47,0.77,89,0,Bronze,0,294.94,0
CUST_08061,310,22,493.36,0.9,11,0,Bronze,0,10853.92,0
CUST_08062,36,8,453.86,0.24,51,2,Silver,0,3630.88,0
CUST_08063,217,23,464.94,0.79,63,9,Bronze,1,10693.62,0
CUST_08064,80,32,100.54,0.2,86,7,Bronze,0,3217.28,0
CUST_08065,314,8,422.43,0.25,34,3,Bronze,0,3379.44,1
CUST_08066,83,4,272.34,0.22,55,7,Bronze,0,1089.36,0
CUST_08067,65,30,356.85,0.05,78,6,Bronze,0,10705.5,0
CUST_08068,325,19,116.58,0.19,73,7,Bronze,0,2215.02,1
CUST_08069,128,23,358.87,0.37,20,1,Bronze,0,8254.01,0
CUST_08070,307,18,457.99,0.41,80,7,Silver,0,8243.82,1
CUST_08071,22,29,141.07,0.31,58,8,Bronze,1,4091.03,0
CUST_08072,216,23,124.35,0.51,81,9,Bronze,0,2860.05,0
CUST_08073,107,33,61.16,0.38,17,5,Bronze,0,2018.28,0
CUST_08074,109,47,140.74,0.97,34,2,Bronze,0,6614.78,0
CUST_08075,357,18,272.54,0.81,75,6,Silver,0,4905.72,1
CUST_08076,181,44,418.03,0.93,99,8,Bronze,0,18393.32,0
CUST_08077,356,33,146.61,0.56,62,7,Bronze,0,4838.13,1
CUST_08078,164,7,314.36,0.68,34,7,Bronze,1,2200.52,0
CUST_08079,68,28,245.0,0.17,72,6,Bronze,0,6860.0,0
CUST_08080,292,1,151.4,0.75,19,4,Bronze,1,151.4,0
CUST_08081,180,39,260.08,0.24,97,1,Bronze,1,10143.12,0
CUST_08082,181,34,92.3,0.15,87,4,Bronze,0,3138.2,0
CUST_08083,169,39,323.39,0.04,66,4,Silver,0,12612.21,0
CUST_08084,22,19,66.67,0.47,72,1,Silver,0,1266.73,0
CUST_08085,66,31,368.18,0.29,93,9,Bronze,0,11413.58,0
CUST_08086,21,13,97.08,0.99,42,0,Gold,1,1262.04,0
CUST_08087,100,24,499.1,0.25,51,4,Bronze,1,11978.4,0
CUST_08088,300,5,413.6,0.87,71,5,Bronze,0,2068.0,1
CUST_08089,103,23,178.48,0.32,49,6,Bronze,0,4105.04,0
CUST_08090,47,19,218.84,0.75,29,1,Silver,0,4157.96,0
CUST_08091,39,1,137.0,0.66,95,5,Bronze,0,137.0,0
CUST_08092,285,33,385.89,0.56,30,7,Bronze,0,12734.37,0
CUST_08093,310,33,196.56,0.42,99,5,Bronze,1,6486.48,0
CUST_08094,90,32,380.04,0.67,25,2,Bronze,1,12161.28,0
CUST_08095,85,28,19.02,0.41,68,2,Gold,0,532.56,0
CUST_08096,273,37,76.45,0.55,62,6,Bronze,0,2828.65,0
CUST_08097,336,41,188.84,0.59,38,1,Bronze,0,7742.44,0
CUST_08098,188,12,63.37,0.27,17,2,Silver,0,760.44,0
CUST_08099,159,9,304.55,0.34,74,6,Bronze,0,2740.95,0
CUST_08100,243,11,34.91,0.02,1,8,Bronze,0,384.01,1
CUST_08101,73,33,431.28,0.85,18,0,Bronze,0,14232.24,0
CUST_08102,49,19,383.04,0.76,63,4,Bronze,0,7277.76,0
CUST_08103,101,42,115.97,0.18,46,1,Bronze,0,4870.74,0
CUST_08104,2,34,247.06,0.36,19,4,Bronze,0,8400.04,0
CUST_08105,244,7,231.39,0.42,50,5,Gold,0,1619.73,1
CUST_08106,176,31,365.18,0.33,96,7,Silver,0,11320.58,0
CUST_08107,238,2,206.74,0.8,54,6,Bronze,0,413.48,0
CUST_08108,59,19,26.14,0.73,31,4,Silver,0,496.66,0
CUST_08109,353,38,144.13,0.77,97,4,Bronze,0,5476.94,0
CUST_08110,99,32,238.44,0.9,86,1,Bronze,0,7630.08,0
CUST_08111,359,10,487.5,0.6,65,5,Gold,1,4875.0,0
CUST_08112,2,41,441.77,0.61,46,2,Bronze,0,18112.57,0
CUST_08113,243,8,98.89,0.72,35,5,Bronze,0,791.12,0
CUST_08114,297,26,364.41,0.68,49,2,Silver,0,9474.66,0
CUST_08115,211,30,469.04,0.87,81,1,Bronze,0,14071.2,0
CUST_08116,123,11,14.31,0.77,34,7,Bronze,1,157.41,0
CUST_08117,229,41,363.26,0.12,29,3,Bronze,0,14893.66,0
CUST_08118,82,20,235.07,0.93,6,4,Bronze,0,4701.4,0
CUST_08119,144,20,343.32,0.68,1,8,Bronze,0,6866.4,0
CUST_08120,140,9,306.74,0.13,55,3,Bronze,1,2760.66,0
CUST_08121,29,8,492.49,0.77,27,0,Bronze,0,3939.92,0
CUST_08122,270,15,151.52,0.36,12,5,Bronze,0,2272.8,1
CUST_08123,247,34,395.21,0.81,4,4,Gold,0,13437.14,0
CUST_08124,12,24,124.97,0.96,80,9,Silver,0,2999.28,0
CUST_08125,355,33,223.45,0.26,52,2,Bronze,0,7373.85,1
CUST_08126,337,41,487.94,0.86,11,4,Bronze,0,20005.54,0
CUST_08127,106,41,385.41,0.77,52,7,Bronze,0,15801.81,0
CUST_08128,32,45,164.75,0.67,84,0,Silver,0,7413.75,0
CUST_08129,74,40,313.49,0.38,26,3,Bronze,0,12539.6,0
CUST_08130,171,27,34.35,0.11,28,2,Bronze,1,927.45,0
CUST_08131,337,21,140.53,0.48,72,3,Bronze,0,2951.13,1
CUST_08132,69,5,362.01,0.11,66,1,Bronze,0,1810.05,0
CUST_08133,301,35,289.35,0.5,90,1,Silver,0,10127.25,0
CUST_08134,362,21,240.14,0.82,27,1,Bronze,0,5042.94,0
CUST_08135,137,4,348.53,1.0,97,2,Silver,0,1394.12,0
CUST_08136,100,49,205.24,0.2,55,8,Bronze,1,10056.76,0
CUST_08137,146,48,22.82,0.21,71,4,Bronze,0,1095.36,0
CUST_08138,9,16,226.1,0.81,54,3,Silver,0,3617.6,0
CUST_08139,62,31,452.04,0.47,46,3,Bronze,0,14013.24,0
CUST_08140,185,26,429.74,0.92,36,2,Bronze,0,11173.24,0
CUST_08141,29,35,210.41,0.77,21,8,Bronze,0,7364.35,0
CUST_08142,114,6,20.89,0.74,49,9,Silver,0,125.34,0
CUST_08143,143,33,321.79,0.1,34,0,Silver,0,10619.07,0
CUST_08144,120,21,373.19,0.04,87,5,Bronze,0,7836.99,0
CUST_08145,170,16,154.18,0.32,34,3,Silver,0,2466.88,0
CUST_08146,157,47,243.57,0.22,40,7,Bronze,1,11447.79,0
CUST_08147,335,39,496.01,0.71,7,6,Gold,0,19344.39,0
CUST_08148,349,34,292.41,0.45,90,2,Gold,0,9941.94,1
CUST_08149,260,42,182.03,0.52,52,4,Silver,0,7645.26,0
CUST_08150,82,15,317.47,0.81,49,3,Bronze,0,4762.05,0
CUST_08151,242,6,98.21,0.48,81,3,Bronze,0,589.26,1
CUST_08152,172,2,107.63,0.54,95,9,Bronze,0,215.26,1
CUST_08153,231,24,463.21,0.84,89,7,Bronze,0,11117.04,0
CUST_08154,208,49,127.21,0.43,37,8,Silver,0,6233.29,0
CUST_08155,75,28,162.29,0.08,62,3,Gold,0,4544.12,0
CUST_08156,270,1,276.45,0.52,15,1,Gold,1,276.45,0
CUST_08157,114,1,450.85,0.58,2,0,Bronze,1,450.85,0
CUST_08158,62,28,392.91,0.51,11,9,Bronze,0,11001.48,0
CUST_08159,362,36,31.45,0.26,96,3,Bronze,0,1132.2,1
CUST_08160,320,20,349.58,0.22,94,7,Bronze,0,6991.6,1
CUST_08161,102,48,256.99,0.37,17,4,Bronze,0,12335.52,0
CUST_08162,362,8,243.02,0.17,88,1,Bronze,0,1944.16,1
CUST_08163,210,1,348.86,0.67,45,3,Bronze,1,348.86,0
CUST_08164,255,26,106.15,0.61,68,3,Bronze,0,2759.9,0
CUST_08165,20,43,490.93,0.63,61,9,Silver,0,21109.99,0
CUST_08166,58,49,326.2,0.22,46,4,Bronze,0,15983.8,0
CUST_08167,112,25,189.17,0.25,32,1,Bronze,0,4729.25,0
CUST_08168,313,10,304.1,0.79,19,6,Bronze,0,3041.0,1
CUST_08169,196,12,116.07,0.69,67,4,Bronze,0,1392.84,0
CUST_08170,353,41,320.58,0.88,4,3,Gold,0,13143.78,0
CUST_08171,92,7,23.83,0.4,25,7,Bronze,0,166.81,0
CUST_08172,52,12,177.18,0.55,73,1,Bronze,0,2126.16,0
CUST_08173,293,47,376.28,0.74,21,0,Bronze,0,17685.16,0
CUST_08174,8,40,405.91,0.97,87,5,Gold,0,16236.4,0
CUST_08175,300,17,133.93,0.99,93,9,Gold,1,2276.81,0
CUST_08176,98,5,274.31,1.0,94,9,Bronze,1,1371.55,0
CUST_08177,236,14,268.96,0.89,89,7,Gold,0,3765.44,0
CUST_08178,69,34,216.51,0.64,93,6,Bronze,1,7361.34,0
CUST_08179,45,48,121.93,0.01,98,8,Silver,0,5852.64,0
CUST_08180,137,17,354.58,0.7,14,0,Bronze,0,6027.86,0
CUST_08181,234,35,133.66,0.24,22,2,Bronze,1,4678.1,0
CUST_08182,32,1,456.4,0.06,48,8,Silver,0,456.4,0
CUST_08183,289,36,268.97,0.7,51,4,Bronze,0,9682.92,0
CUST_08184,126,15,436.53,0.76,80,5,Gold,0,6547.95,0
CUST_08185,67,19,152.46,0.66,11,6,Bronze,0,2896.74,0
CUST_08186,30,42,405.47,0.37,59,2,Bronze,0,17029.74,0
CUST_08187,114,5,65.7,0.51,14,6,Bronze,0,328.5,0
CUST_08188,204,19,385.75,0.93,7,2,Bronze,0,7329.25,0
CUST_08189,29,43,199.6,0.73,69,5,Gold,1,8582.8,0
CUST_08190,131,39,240.3,0.5,58,7,Bronze,0,9371.7,0
CUST_08191,185,5,91.74,0.59,40,6,Bronze,0,458.7,0
CUST_08192,253,12,19.13,0.93,93,4,Bronze,0,229.56,0
CUST_08193,286,19,336.44,0.39,81,5,Silver,0,6392.36,1
CUST_08194,62,47,297.98,0.1,94,3,Gold,0,14005.06,0
CUST_08195,3,12,314.99,0.33,25,1,Bronze,0,3779.88,0
CUST_08196,68,36,134.95,0.42,78,6,Bronze,0,4858.2,0
CUST_08197,25,12,127.25,0.27,42,3,Bronze,0,1527.0,0
CUST_08198,179,18,416.85,0.53,86,5,Bronze,0,7503.3,0
CUST_08199,141,49,383.01,0.3,44,9,Bronze,0,18767.49,0
CUST_08200,231,48,175.03,0.1,5,1,Silver,0,8401.44,0
CUST_08201,300,43,322.52,0.19,28,1,Bronze,0,13868.36,0
CUST_08202,163,34,415.79,0.92,76,5,Bronze,1,14136.86,0
CUST_08203,311,48,445.53,0.63,60,7,Bronze,1,21385.44,0
CUST_08204,130,33,12.85,0.31,77,0,Silver,0,424.05,0
CUST_08205,246,49,408.6,0.37,21,9,Bronze,1,20021.4,0
CUST_08206,297,18,181.69,0.49,96,6,Bronze,0,3270.42,1
CUST_08207,172,29,362.01,0.67,49,5,Bronze,0,10498.29,0
CUST_08208,64,45,191.99,0.58,56,4,Gold,0,8639.55,0
CUST_08209,31,5,307.06,0.93,57,9,Bronze,0,1535.3,0
CUST_08210,47,25,326.92,0.63,85,7,Bronze,1,8173.0,0
CUST_08211,130,24,208.45,0.91,61,0,Bronze,0,5002.8,0
CUST_08212,352,29,261.26,0.01,38,4,Bronze,0,7576.54,1
CUST_08213,333,38,365.89,0.89,73,5,Bronze,0,13903.82,0
CUST_08214,110,33,243.39,0.72,2,3,Silver,1,8031.87,0
CUST_08215,69,10,16.85,0.17,3,9,Bronze,0,168.5,0
CUST_08216,58,37,16.32,0.26,43,9,Silver,0,603.84,0
CUST_08217,106,33,334.04,0.54,74,1,Bronze,0,11023.32,0
CUST_08218,300,23,425.15,0.12,35,7,Bronze,0,9778.45,1
CUST_08219,330,11,394.78,0.79,73,4,Bronze,0,4342.58,1
CUST_08220,256,24,162.1,0.79,40,9,Bronze,0,3890.4,0
CUST_08221,312,24,240.85,0.3,96,5,Bronze,0,5780.4,1
CUST_08222,171,7,124.74,0.07,85,8,Bronze,0,873.18,1
CUST_08223,162,21,494.68,0.99,58,1,Bronze,0,10388.28,0
CUST_08224,286,20,137.65,0.25,34,4,Bronze,1,2753.0,0
CUST_08225,71,10,213.97,0.07,25,0,Bronze,0,2139.7,0
CUST_08226,255,25,343.75,0.33,56,2,Bronze,1,8593.75,0
CUST_08227,55,47,439.25,0.97,32,5,Silver,0,20644.75,0
CUST_08228,323,36,35.22,0.79,22,7,Silver,0,1267.92,0
CUST_08229,3,48,157.5,0.48,89,4,Bronze,0,7560.0,0
CUST_08230,26,47,288.8,0.31,65,3,Gold,0,13573.6,0
CUST_08231,313,15,312.97,0.42,21,4,Bronze,0,4694.55,1
CUST_08232,126,44,44.31,0.02,80,3,Gold,0,1949.64,0
CUST_08233,53,40,335.4,0.72,96,1,Gold,0,13416.0,0
CUST_08234,198,40,268.75,0.1,21,0,Silver,0,10750.0,0
CUST_08235,299,6,415.54,0.52,28,7,Bronze,0,2493.24,1
CUST_08236,188,37,118.87,0.57,19,0,Bronze,0,4398.19,0
CUST_08237,186,2,105.56,0.0,14,1,Silver,0,211.12,1
CUST_08238,305,12,398.74,0.98,87,4,Bronze,1,4784.88,0
CUST_08239,298,4,354.9,0.3,24,7,Silver,0,1419.6,1
CUST_08240,204,23,397.92,0.08,20,9,Silver,0,9152.16,1
CUST_08241,11,13,393.15,0.85,32,2,Gold,0,5110.95,0
CUST_08242,359,17,60.96,0.15,74,8,Bronze,0,1036.32,1
CUST_08243,354,31,146.51,0.02,52,5,Bronze,0,4541.81,1
CUST_08244,146,16,137.44,0.49,65,2,Bronze,0,2199.04,0
CUST_08245,85,41,467.95,0.13,95,9,Silver,0,19185.95,0
CUST_08246,100,26,248.86,0.98,52,6,Bronze,0,6470.36,0
CUST_08247,104,28,64.42,0.01,58,6,Bronze,0,1803.76,0
CUST_08248,46,1,151.89,0.05,79,6,Bronze,0,151.89,0
CUST_08249,44,47,437.23,0.83,95,3,Bronze,0,20549.81,0
CUST_08250,278,12,425.06,0.24,92,5,Bronze,0,5100.72,1
CUST_08251,181,37,451.17,0.91,10,2,Bronze,0,16693.29,0
CUST_08252,187,20,200.38,0.31,70,3,Bronze,1,4007.6,0
CUST_08253,114,2,324.26,0.07,15,2,Bronze,0,648.52,1
CUST_08254,255,36,146.31,0.01,47,2,Bronze,0,5267.16,1
CUST_08255,30,15,98.6,0.28,91,0,Silver,1,1479.0,0
CUST_08256,264,38,20.73,0.47,10,4,Gold,0,787.74,0
CUST_08257,98,22,119.49,0.0,21,2,Bronze,0,2628.78,0
CUST_08258,313,44,306.14,0.58,19,0,Bronze,0,13470.16,0
CUST_08259,329,32,453.06,0.33,68,8,Silver,1,14497.92,0
CUST_08260,115,20,75.38,0.39,22,3,Bronze,0,1507.6,0
CUST_08261,276,36,459.83,0.26,63,8,Bronze,0,16553.88,1
CUST_08262,281,33,179.24,0.53,38,1,Bronze,0,5914.92,0
CUST_08263,275,15,219.15,0.23,15,1,Bronze,0,3287.25,1
CUST_08264,261,46,188.84,0.13,70,3,Bronze,0,8686.64,0
CUST_08265,331,3,210.22,0.89,75,3,Gold,0,630.66,1
CUST_08266,207,29,137.0,0.39,44,4,Bronze,0,3973.0,0
CUST_08267,328,47,352.32,0.08,30,0,Bronze,0,16559.04,1
CUST_08268,211,27,381.51,0.23,24,4,Bronze,0,10300.77,0
CUST_08269,215,5,413.33,0.31,86,9,Bronze,0,2066.65,1
CUST_08270,40,31,177.23,0.77,94,1,Bronze,0,5494.13,0
CUST_08271,26,22,384.67,0.02,46,4,Bronze,0,8462.74,0
CUST_08272,27,35,322.46,0.48,4,9,Silver,0,11286.1,0
CUST_08273,190,7,479.38,0.41,6,9,Silver,0,3355.66,1
CUST_08274,83,6,218.14,0.97,38,5,Bronze,0,1308.84,0
CUST_08275,170,26,496.23,0.18,26,2,Bronze,0,12901.98,0
CUST_08276,167,1,372.79,0.63,19,3,Bronze,0,372.79,0
CUST_08277,188,19,390.38,0.2,2,4,Bronze,1,7417.22,0
CUST_08278,169,7,22.6,0.55,68,5,Bronze,0,158.2,0
CUST_08279,289,36,253.73,0.56,69,8,Bronze,0,9134.28,0
CUST_08280,229,12,268.88,0.08,47,8,Bronze,0,3226.56,1
CUST_08281,97,20,29.89,0.46,99,5,Gold,0,597.8,0
CUST_08282,16,23,162.94,0.46,29,0,Silver,0,3747.62,0
CUST_08283,279,25,478.27,0.32,64,5,Bronze,0,11956.75,1
CUST_08284,135,30,218.79,0.28,80,9,Silver,0,6563.7,0
CUST_08285,26,29,101.48,0.22,12,2,Bronze,1,2942.92,0
CUST_08286,352,31,261.54,0.01,85,4,Bronze,0,8107.74,1
CUST_08287,12,18,26.55,0.0,73,4,Bronze,0,477.9,0
CUST_08288,72,41,262.83,0.59,11,9,Bronze,0,10776.03,0
CUST_08289,133,19,301.19,0.29,8,3,Bronze,0,5722.61,0
CUST_08290,106,4,185.27,0.17,60,2,Silver,0,741.08,0
CUST_08291,220,1,383.66,0.68,26,0,Silver,0,383.66,0
CUST_08292,177,41,76.5,0.53,32,6,Bronze,0,3136.5,0
CUST_08293,282,15,440.31,0.91,39,7,Bronze,0,6604.65,0
CUST_08294,133,8,478.17,0.83,4,4,Gold,1,3825.36,0
CUST_08295,22,15,10.6,0.73,98,7,Silver,0,159.0,0
CUST_08296,269,15,422.93,0.13,92,3,Bronze,1,6343.95,0
CUST_08297,161,39,257.99,0.67,89,7,Gold,0,10061.61,0
CUST_08298,107,22,236.09,0.69,44,2,Bronze,0,5193.98,0
CUST_08299,279,18,126.95,0.76,99,7,Bronze,1,2285.1,0
CUST_08300,353,16,229.19,0.26,83,5,Silver,0,3667.04,1
CUST_08301,235,2,475.71,0.64,35,8,Bronze,0,951.42,1
CUST_08302,18,36,113.29,0.62,51,4,Bronze,0,4078.44,0
CUST_08303,242,20,97.73,0.39,51,0,Bronze,0,1954.6,0
CUST_08304,117,16,128.53,0.66,29,7,Bronze,1,2056.48,0
CUST_08305,286,3,280.4,0.09,78,2,Bronze,0,841.2,1
CUST_08306,282,30,465.85,0.64,85,4,Bronze,0,13975.5,0
CUST_08307,144,2,291.2,0.61,36,1,Bronze,0,582.4,0
CUST_08308,205,35,129.31,0.21,78,6,Bronze,0,4525.85,0
CUST_08309,39,26,225.82,0.82,60,4,Bronze,0,5871.32,0
CUST_08310,154,5,201.3,0.87,15,6,Bronze,0,1006.5,0
CUST_08311,176,2,32.82,0.21,51,6,Bronze,0,65.64,1
CUST_08312,241,20,260.21,0.08,50,4,Bronze,0,5204.2,1
CUST_08313,134,34,71.74,0.6,94,4,Bronze,0,2439.16,0
CUST_08314,46,34,422.7,0.48,55,8,Bronze,0,14371.8,0
CUST_08315,50,20,278.99,0.43,12,2,Bronze,0,5579.8,0
CUST_08316,166,25,423.86,0.76,50,7,Silver,0,10596.5,0
CUST_08317,106,20,478.46,0.97,62,0,Bronze,0,9569.2,0
CUST_08318,216,25,472.16,0.48,5,3,Gold,0,11804.0,0
CUST_08319,146,14,59.21,0.01,27,1,Bronze,1,828.94,0
CUST_08320,72,47,472.96,0.6,79,2,Bronze,1,22229.12,0
CUST_08321,330,44,399.92,0.65,90,5,Bronze,0,17596.48,0
CUST_08322,273,43,391.05,0.83,9,3,Bronze,0,16815.15,0
CUST_08323,247,43,54.16,0.2,35,0,Bronze,0,2328.88,0
CUST_08324,186,39,97.96,0.52,13,4,Bronze,0,3820.44,0
CUST_08325,70,12,487.83,0.45,44,2,Gold,1,5853.96,0
CUST_08326,150,48,114.55,0.66,46,1,Bronze,0,5498.4,0
CUST_08327,246,5,92.84,0.06,97,3,Silver,0,464.2,1
CUST_08328,262,2,187.55,0.88,98,3,Bronze,0,375.1,0
CUST_08329,26,16,457.54,0.51,68,2,Silver,0,7320.64,0
CUST_08330,140,30,243.33,0.88,77,4,Gold,0,7299.9,0
CUST_08331,99,47,461.09,0.34,74,4,Bronze,0,21671.23,0
CUST_08332,278,43,173.83,0.65,53,7,Bronze,0,7474.69,0
CUST_08333,51,38,121.0,0.96,1,9,Bronze,0,4598.0,0
CUST_08334,151,45,252.65,0.94,11,6,Bronze,0,11369.25,0
CUST_08335,104,42,311.58,0.94,50,8,Silver,0,13086.36,0
CUST_08336,89,24,201.83,0.04,9,6,Bronze,0,4843.92,0
CUST_08337,141,30,179.55,0.4,38,1,Silver,0,5386.5,0
CUST_08338,213,37,116.85,0.06,87,2,Bronze,0,4323.45,0
CUST_08339,233,39,144.75,0.31,13,5,Bronze,0,5645.25,0
CUST_08340,183,11,339.83,0.17,5,0,Bronze,0,3738.13,0
CUST_08341,251,14,191.24,0.62,25,7,Bronze,0,2677.36,0
CUST_08342,9,23,49.08,0.78,10,6,Bronze,0,1128.84,0
CUST_08343,79,16,77.7,0.51,5,5,Bronze,0,1243.2,0
CUST_08344,52,21,192.47,0.8,22,4,Silver,0,4041.87,0
CUST_08345,269,4,463.01,0.01,42,9,Bronze,1,1852.04,1
CUST_08346,226,33,195.72,0.82,89,4,Bronze,0,6458.76,0
CUST_08347,51,47,39.71,0.18,20,7,Bronze,0,1866.37,0
CUST_08348,186,14,214.82,0.46,28,7,Bronze,0,3007.48,0
CUST_08349,34,19,337.72,0.44,21,2,Bronze,0,6416.68,0
CUST_08350,291,5,300.86,0.87,11,8,Bronze,0,1504.3,1
CUST_08351,230,36,146.61,0.97,93,2,Bronze,0,5277.96,0
CUST_08352,131,31,347.16,0.26,69,9,Bronze,0,10761.96,0
CUST_08353,120,45,319.01,0.07,37,7,Bronze,0,14355.45,0
CUST_08354,326,18,94.36,0.65,49,6,Bronze,0,1698.48,1
CUST_08355,247,44,89.45,0.5,69,8,Bronze,1,3935.8,0
CUST_08356,192,31,278.12,0.57,33,8,Silver,0,8621.72,0
CUST_08357,323,30,333.12,0.05,45,0,Bronze,1,9993.6,0
CUST_08358,210,21,481.34,0.78,8,0,Bronze,0,10108.14,0
CUST_08359,103,47,216.75,0.23,6,2,Bronze,1,10187.25,0
CUST_08360,329,30,384.82,0.33,15,6,Bronze,0,11544.6,1
CUST_08361,133,41,67.1,0.23,15,2,Bronze,1,2751.1,0
CUST_08362,323,4,445.91,0.95,9,2,Bronze,0,1783.64,0
CUST_08363,139,5,320.22,0.17,61,3,Silver,0,1601.1,1
CUST_08364,121,41,318.22,0.73,56,7,Bronze,0,13047.02,0
CUST_08365,94,45,79.8,0.25,5,0,Bronze,0,3591.0,0
CUST_08366,129,10,29.4,0.42,26,3,Silver,0,294.0,0
CUST_08367,91,27,353.71,1.0,87,3,Bronze,0,9550.17,0
CUST_08368,92,16,67.36,0.1,80,7,Silver,0,1077.76,0
CUST_08369,63,30,72.22,0.88,57,6,Gold,1,2166.6,0
CUST_08370,29,13,101.88,0.95,35,3,Bronze,0,1324.44,0
CUST_08371,210,36,57.9,0.7,10,7,Bronze,0,2084.4,0
CUST_08372,12,21,316.44,0.01,91,2,Silver,0,6645.24,0
CUST_08373,333,45,216.78,0.82,80,9,Bronze,0,9755.1,0
CUST_08374,297,40,140.39,0.88,21,6,Bronze,0,5615.6,0
CUST_08375,130,45,225.97,0.98,12,8,Silver,0,10168.65,0
CUST_08376,293,15,423.63,0.84,9,5,Bronze,0,6354.45,0
CUST_08377,173,20,464.27,0.45,16,3,Bronze,0,9285.4,0
CUST_08378,208,20,248.86,0.69,73,3,Bronze,0,4977.2,0
CUST_08379,24,45,287.71,0.49,93,0,Bronze,0,12946.95,0
CUST_08380,99,5,136.03,0.35,54,5,Gold,1,680.15,0
CUST_08381,356,32,261.66,0.63,23,2,Bronze,0,8373.12,0
CUST_08382,139,6,376.58,0.77,39,2,Gold,0,2259.48,0
CUST_08383,314,30,251.15,0.64,88,0,Bronze,0,7534.5,0
CUST_08384,174,26,158.02,0.83,22,6,Bronze,0,4108.52,0
CUST_08385,29,37,295.2,0.18,55,8,Bronze,0,10922.4,0
CUST_08386,143,13,473.86,0.37,31,2,Bronze,0,6160.18,0
CUST_08387,316,29,445.11,0.31,74,6,Bronze,0,12908.19,1
CUST_08388,351,5,386.93,0.19,47,8,Bronze,0,1934.65,1
CUST_08389,42,25,145.34,0.44,27,2,Bronze,0,3633.5,0
CUST_08390,299,13,128.36,0.95,98,8,Gold,0,1668.68,0
CUST_08391,208,24,420.88,0.54,48,1,Bronze,0,10101.12,0
CUST_08392,330,31,98.85,0.29,39,2,Bronze,0,3064.35,1
CUST_08393,192,20,306.75,0.35,88,3,Gold,0,6135.0,0
CUST_08394,160,8,225.08,0.61,21,6,Silver,0,1800.64,0
CUST_08395,64,9,239.31,0.35,15,8,Silver,0,2153.79,0
CUST_08396,243,21,232.73,0.54,81,0,Bronze,0,4887.33,0
CUST_08397,258,20,450.98,0.27,45,8,Bronze,0,9019.6,1
CUST_08398,152,15,52.68,0.35,19,9,Bronze,0,790.2,0
CUST_08399,215,26,393.62,0.71,53,4,Bronze,0,10234.12,0
CUST_08400,322,42,419.16,0.58,89,3,Bronze,0,17604.72,0
CUST_08401,166,11,472.01,0.09,55,5,Bronze,0,5192.11,1
CUST_08402,31,37,231.77,0.97,86,9,Bronze,1,8575.49,0
CUST_08403,232,41,255.03,0.05,49,4,Gold,0,10456.23,0
CUST_08404,282,11,481.03,0.08,78,4,Bronze,0,5291.33,1
CUST_08405,29,27,234.64,0.7,61,4,Bronze,0,6335.28,0
CUST_08406,195,30,256.74,0.71,60,7,Silver,1,7702.2,0
CUST_08407,334,19,172.8,0.02,92,9,Silver,1,3283.2,1
CUST_08408,256,34,25.5,0.64,76,7,Bronze,0,867.0,0
CUST_08409,281,38,222.2,0.03,91,9,Bronze,0,8443.6,1
CUST_08410,304,23,330.99,0.96,24,3,Bronze,0,7612.77,0
CUST_08411,321,1,348.07,0.7,86,8,Bronze,0,348.07,1
CUST_08412,323,3,13.19,0.19,39,7,Bronze,0,39.57,1
CUST_08413,346,3,402.52,0.16,61,5,Silver,0,1207.56,1
CUST_08414,294,28,251.28,0.57,23,1,Bronze,0,7035.84,0
CUST_08415,87,14,265.17,0.63,72,8,Gold,0,3712.38,0
CUST_08416,149,30,481.25,0.83,92,5,Bronze,1,14437.5,0
CUST_08417,249,5,149.39,0.9,93,7,Bronze,0,746.95,0
CUST_08418,321,49,383.21,0.39,79,5,Silver,1,18777.29,0
CUST_08419,283,15,291.64,0.84,39,4,Bronze,0,4374.6,0
CUST_08420,362,38,353.39,0.54,72,6,Bronze,0,13428.82,1
CUST_08421,198,14,214.73,0.47,92,3,Bronze,0,3006.22,0
CUST_08422,44,14,146.81,0.7,97,9,Bronze,1,2055.34,0
CUST_08423,356,49,277.6,0.1,11,2,Bronze,0,13602.4,1
CUST_08424,28,8,193.72,0.27,42,6,Bronze,0,1549.76,0
CUST_08425,17,8,119.23,0.82,25,1,Bronze,0,953.84,0
CUST_08426,127,19,421.23,0.5,34,9,Bronze,0,8003.37,0
CUST_08427,168,32,243.16,0.91,22,2,Gold,0,7781.12,0
CUST_08428,244,31,425.18,0.09,2,0,Bronze,0,13180.58,0
CUST_08429,76,29,242.28,0.31,51,0,Silver,0,7026.12,0
CUST_08430,231,41,282.83,0.36,16,1,Bronze,0,11596.03,0
CUST_08431,204,11,497.69,0.42,11,0,Bronze,0,5474.59,0
CUST_08432,248,45,476.24,0.99,78,1,Silver,0,21430.8,0
CUST_08433,302,13,143.13,0.31,96,0,Bronze,0,1860.69,1
CUST_08434,214,27,435.64,0.52,86,2,Bronze,0,11762.28,0
CUST_08435,215,19,201.3,0.54,69,8,Bronze,0,3824.7,0
CUST_08436,158,26,44.91,0.77,87,8,Bronze,0,1167.66,0
CUST_08437,69,37,292.13,0.52,62,7,Silver,0,10808.81,0
CUST_08438,85,48,488.76,0.61,19,8,Silver,0,23460.48,0
CUST_08439,267,9,487.41,0.75,29,3,Silver,1,4386.69,0
CUST_08440,69,28,71.97,0.1,42,7,Bronze,0,2015.16,0
CUST_08441,99,32,387.91,0.96,23,4,Bronze,0,12413.12,0
CUST_08442,347,3,403.39,0.85,60,3,Gold,0,1210.17,1
CUST_08443,216,32,190.68,0.39,73,3,Bronze,0,6101.76,0
CUST_08444,161,5,332.71,0.73,18,1,Bronze,0,1663.55,0
CUST_08445,94,8,249.2,0.76,95,9,Silver,1,1993.6,0
CUST_08446,174,14,121.67,0.85,81,8,Bronze,1,1703.38,0
CUST_08447,165,3,383.02,0.19,55,8,Bronze,1,1149.06,0
CUST_08448,115,24,138.75,0.7,18,0,Bronze,0,3330.0,0
CUST_08449,220,13,176.82,0.03,27,3,Bronze,0,2298.66,1
CUST_08450,31,43,103.11,0.12,85,8,Bronze,0,4433.73,0
CUST_08451,11,29,362.44,0.78,1,3,Bronze,0,10510.76,0
CUST_08452,343,8,234.77,0.81,96,1,Bronze,1,1878.16,0
CUST_08453,130,42,227.25,0.59,14,1,Bronze,0,9544.5,0
CUST_08454,105,31,306.24,0.58,59,9,Gold,0,9493.44,0
CUST_08455,27,26,87.06,0.75,78,8,Silver,0,2263.56,0
CUST_08456,227,18,450.1,0.91,33,3,Silver,1,8101.8,0
CUST_08457,2,18,237.9,0.42,36,0,Silver,1,4282.2,0
CUST_08458,359,7,189.6,0.11,39,0,Bronze,0,1327.2,1
CUST_08459,101,48,72.08,0.84,76,0,Bronze,0,3459.84,0
CUST_08460,21,38,92.3,0.34,45,7,Bronze,0,3507.4,0
CUST_08461,58,48,460.98,0.13,25,0,Bronze,0,22127.04,0
CUST_08462,180,16,233.74,0.61,15,4,Gold,0,3739.84,0
CUST_08463,341,33,363.87,0.58,20,8,Bronze,0,12007.71,1
CUST_08464,349,3,49.45,0.47,34,3,Gold,1,148.35,0
CUST_08465,20,38,325.3,0.86,58,8,Bronze,0,12361.4,0
CUST_08466,255,4,461.54,0.27,60,4,Bronze,0,1846.16,1
CUST_08467,317,36,156.98,0.01,78,8,Silver,0,5651.28,1
CUST_08468,38,4,293.78,0.32,30,1,Bronze,1,1175.12,0
CUST_08469,148,42,470.71,0.01,13,7,Bronze,0,19769.82,0
CUST_08470,25,9,362.47,0.54,78,6,Bronze,0,3262.23,0
CUST_08471,121,40,40.54,0.38,93,6,Bronze,0,1621.6,0
CUST_08472,26,17,195.58,0.81,90,2,Silver,0,3324.86,0
CUST_08473,169,17,52.03,0.8,67,9,Bronze,0,884.51,0
CUST_08474,323,33,432.05,0.43,89,1,Gold,1,14257.65,0
CUST_08475,225,20,314.61,0.22,91,9,Bronze,0,6292.2,1
CUST_08476,1,14,478.63,0.42,45,0,Bronze,1,6700.82,0
CUST_08477,307,22,19.68,0.64,40,0,Bronze,0,432.96,0
CUST_08478,261,27,217.31,0.19,80,6,Silver,0,5867.37,1
CUST_08479,13,43,61.14,0.77,38,8,Silver,0,2629.02,0
CUST_08480,48,3,181.74,0.33,75,0,Bronze,0,545.22,0
CUST_08481,313,24,89.32,0.93,93,9,Silver,0,2143.68,0
CUST_08482,291,30,171.11,0.51,47,3,Bronze,0,5133.3,0
CUST_08483,332,8,411.44,0.85,88,1,Bronze,1,3291.52,0
CUST_08484,94,22,88.74,0.62,29,7,Silver,1,1952.28,0
CUST_08485,261,25,242.1,0.55,34,8,Silver,0,6052.5,0
CUST_08486,278,10,461.58,0.68,11,2,Bronze,0,4615.8,0
CUST_08487,359,49,499.4,0.81,20,2,Bronze,0,24470.6,0
CUST_08488,205,29,132.81,0.64,20,6,Silver,0,3851.49,0
CUST_08489,185,40,468.43,0.8,73,8,Bronze,1,18737.2,0
CUST_08490,175,1,138.08,0.19,56,6,Silver,0,138.08,1
CUST_08491,309,21,212.63,0.28,23,6,Bronze,0,4465.23,1
CUST_08492,69,39,440.18,0.23,91,1,Bronze,0,17167.02,0
CUST_08493,104,24,395.23,0.8,88,0,Bronze,0,9485.52,0
CUST_08494,246,9,430.17,0.09,25,1,Bronze,0,3871.53,1
CUST_08495,161,44,402.13,0.8,89,5,Bronze,0,17693.72,0
CUST_08496,200,26,125.18,0.39,33,9,Bronze,0,3254.68,0
CUST_08497,216,9,283.81,0.08,31,7,Bronze,0,2554.29,1
CUST_08498,212,20,198.77,0.42,74,7,Bronze,1,3975.4,0
CUST_08499,16,35,235.26,0.3,79,5,Bronze,0,8234.1,0
CUST_08500,332,36,85.44,0.59,1,1,Bronze,1,3075.84,0
CUST_08501,205,42,164.73,0.47,54,8,Bronze,0,6918.66,0
CUST_08502,39,36,430.25,0.3,16,9,Bronze,0,15489.0,0
CUST_08503,89,9,449.8,0.86,85,3,Bronze,0,4048.2,0
CUST_08504,256,22,308.98,0.41,59,4,Gold,0,6797.56,0
CUST_08505,254,1,254.15,0.47,66,0,Silver,0,254.15,1
CUST_08506,216,5,359.29,0.85,3,8,Bronze,0,1796.45,0
CUST_08507,303,9,308.34,0.09,15,9,Bronze,0,2775.06,1
CUST_08508,172,37,492.0,0.39,32,0,Bronze,0,18204.0,0
CUST_08509,137,38,103.14,0.4,50,6,Silver,0,3919.32,0
CUST_08510,178,19,230.03,0.5,91,8,Silver,0,4370.57,0
CUST_08511,77,8,459.94,0.11,99,2,Bronze,0,3679.52,0
CUST_08512,188,42,458.22,0.1,60,1,Bronze,0,19245.24,0
CUST_08513,15,43,252.72,0.42,88,9,Bronze,0,10866.96,0
CUST_08514,292,32,76.06,0.03,8,7,Bronze,0,2433.92,1
CUST_08515,319,13,409.33,0.25,7,3,Bronze,0,5321.29,1
CUST_08516,325,20,296.73,0.2,4,0,Bronze,1,5934.6,0
CUST_08517,214,36,388.85,0.49,94,7,Bronze,0,13998.6,0
CUST_08518,208,43,236.64,0.01,10,5,Bronze,0,10175.52,0
CUST_08519,169,44,109.9,0.68,60,5,Gold,1,4835.6,0
CUST_08520,330,37,21.75,0.86,25,3,Bronze,1,804.75,0
CUST_08521,280,30,283.98,0.71,42,5,Bronze,0,8519.4,0
CUST_08522,305,10,88.91,0.82,47,1,Bronze,0,889.1,0
CUST_08523,146,31,101.7,0.64,96,5,Bronze,0,3152.7,0
CUST_08524,263,25,223.79,0.51,96,1,Gold,0,5594.75,0
CUST_08525,4,29,226.62,0.22,32,5,Bronze,0,6571.98,0
CUST_08526,90,24,144.45,0.28,74,8,Bronze,0,3466.8,0
CUST_08527,60,39,74.64,0.32,73,6,Bronze,1,2910.96,0
CUST_08528,311,21,473.03,0.04,25,3,Bronze,0,9933.63,1
CUST_08529,16,41,74.5,0.91,89,0,Bronze,0,3054.5,0
CUST_08530,227,9,181.88,0.9,16,8,Bronze,0,1636.92,0
CUST_08531,29,42,159.39,0.11,49,0,Silver,0,6694.38,0
CUST_08532,151,42,434.51,0.56,16,4,Gold,0,18249.42,0
CUST_08533,245,2,210.93,0.47,94,6,Bronze,0,421.86,1
CUST_08534,270,4,70.78,0.68,38,9,Bronze,0,283.12,1
CUST_08535,79,8,15.03,0.6,5,9,Bronze,0,120.24,0
CUST_08536,289,32,363.76,0.12,7,5,Silver,1,11640.32,0
CUST_08537,153,14,360.11,0.66,77,2,Bronze,0,5041.54,0
CUST_08538,277,49,214.71,0.61,8,7,Bronze,0,10520.79,0
CUST_08539,279,13,71.89,0.53,33,6,Bronze,0,934.57,1
CUST_08540,57,21,192.1,0.4,62,8,Gold,0,4034.1,0
CUST_08541,186,24,299.04,0.95,74,0,Silver,0,7176.96,0
CUST_08542,93,18,354.93,0.85,84,7,Bronze,0,6388.74,0
CUST_08543,276,45,48.34,0.59,32,3,Bronze,0,2175.3,0
CUST_08544,158,40,282.59,0.01,93,6,Silver,0,11303.6,0
CUST_08545,275,26,145.3,0.43,1,6,Bronze,0,3777.8,1
CUST_08546,181,32,312.46,0.7,91,3,Bronze,0,9998.72,0
CUST_08547,359,44,327.59,0.12,20,7,Bronze,0,14413.96,1
CUST_08548,77,33,456.2,0.41,55,0,Bronze,0,15054.6,0
CUST_08549,151,31,211.09,0.19,63,4,Bronze,1,6543.79,0
CUST_08550,238,18,273.42,0.34,78,3,Bronze,0,4921.56,1
CUST_08551,289,35,141.43,0.03,79,3,Silver,0,4950.05,1
CUST_08552,231,12,150.41,0.13,6,2,Bronze,0,1804.92,1
CUST_08553,18,25,32.56,0.45,52,0,Bronze,0,814.0,0
CUST_08554,73,45,150.17,0.9,2,4,Bronze,0,6757.65,0
CUST_08555,189,31,41.28,0.49,93,7,Bronze,0,1279.68,0
CUST_08556,17,10,482.32,0.45,39,9,Bronze,0,4823.2,0
CUST_08557,19,47,315.89,0.79,32,5,Bronze,0,14846.83,0
CUST_08558,219,34,94.84,0.27,51,0,Silver,0,3224.56,0
CUST_08559,326,3,67.22,0.1,69,4,Bronze,0,201.66,1
CUST_08560,120,46,191.36,0.21,86,5,Bronze,0,8802.56,0
CUST_08561,101,39,160.75,0.79,92,8,Bronze,0,6269.25,0
CUST_08562,34,8,146.83,0.68,32,8,Gold,1,1174.64,0
CUST_08563,84,32,239.42,0.09,93,4,Silver,1,7661.44,0
CUST_08564,196,43,457.31,0.67,3,2,Silver,0,19664.33,0
CUST_08565,330,29,288.34,0.93,62,5,Bronze,0,8361.86,0
CUST_08566,202,22,265.4,0.04,95,7,Bronze,1,5838.8,0
CUST_08567,344,20,405.21,0.62,13,4,Bronze,0,8104.2,1
CUST_08568,341,6,11.97,0.38,70,7,Silver,0,71.82,1
CUST_08569,11,43,106.72,0.5,21,0,Bronze,1,4588.96,0
CUST_08570,347,49,253.13,0.53,61,7,Silver,0,12403.37,0
CUST_08571,218,29,355.6,0.77,14,1,Bronze,0,10312.4,0
CUST_08572,253,42,247.66,0.56,89,6,Silver,1,10401.72,0
CUST_08573,222,17,90.22,0.59,71,1,Bronze,1,1533.74,0
CUST_08574,80,31,465.69,0.33,22,2,Gold,1,14436.39,0
CUST_08575,7,34,171.05,0.13,32,4,Bronze,1,5815.7,0
CUST_08576,272,38,396.23,0.68,41,9,Bronze,0,15056.74,0
CUST_08577,227,37,446.79,0.0,32,6,Bronze,1,16531.23,0
CUST_08578,16,4,179.76,0.33,42,8,Bronze,1,719.04,0
CUST_08579,12,2,424.2,0.22,52,4,Gold,0,848.4,0
CUST_08580,291,12,358.28,0.39,94,0,Bronze,0,4299.36,1
CUST_08581,241,35,453.1,0.31,81,2,Bronze,0,15858.5,0
CUST_08582,21,6,133.14,0.7,54,4,Bronze,0,798.84,0
CUST_08583,178,46,466.33,0.26,62,2,Gold,0,21451.18,0
CUST_08584,228,8,42.0,0.56,85,7,Bronze,0,336.0,1
CUST_08585,273,21,398.9,0.46,90,7,Bronze,0,8376.9,1
CUST_08586,288,46,223.48,0.8,43,0,Gold,0,10280.08,0
CUST_08587,297,35,97.17,0.43,3,7,Silver,0,3400.95,1
CUST_08588,134,48,48.91,0.86,38,3,Silver,0,2347.68,0
CUST_08589,283,15,200.88,0.0,81,5,Silver,0,3013.2,1
CUST_08590,153,7,200.77,0.6,39,9,Bronze,0,1405.39,0
CUST_08591,66,15,122.68,0.01,70,7,Bronze,0,1840.2,0
CUST_08592,137,45,115.6,0.71,85,1,Bronze,1,5202.0,0
CUST_08593,92,6,205.76,0.23,45,7,Bronze,0,1234.56,0
CUST_08594,317,47,210.96,0.38,46,6,Bronze,0,9915.12,0
CUST_08595,259,17,226.76,0.38,13,3,Bronze,0,3854.92,1
CUST_08596,103,4,435.69,0.85,52,4,Bronze,0,1742.76,0
CUST_08597,55,22,309.51,0.1,9,5,Bronze,0,6809.22,0
CUST_08598,257,32,20.01,0.67,57,2,Silver,0,640.32,0
CUST_08599,101,22,264.36,0.98,69,1,Bronze,0,5815.92,0
CUST_08600,198,27,383.6,0.02,43,1,Silver,0,10357.2,0
CUST_08601,301,46,37.64,0.97,7,3,Silver,0,1731.44,0
CUST_08602,226,15,217.08,0.02,44,6,Bronze,0,3256.2,1
CUST_08603,237,44,231.09,0.84,44,0,Bronze,0,10167.96,0
CUST_08604,26,22,477.47,0.96,95,0,Bronze,0,10504.34,0
CUST_08605,121,28,243.09,0.99,68,3,Bronze,1,6806.52,0
CUST_08606,182,42,377.45,0.46,77,8,Bronze,0,15852.9,0
CUST_08607,199,38,158.42,0.87,44,4,Bronze,0,6019.96,0
CUST_08608,302,9,391.86,0.12,79,0,Bronze,0,3526.74,1
CUST_08609,255,34,168.1,0.43,40,2,Bronze,0,5715.4,0
CUST_08610,122,36,220.71,0.31,77,5,Bronze,1,7945.56,0
CUST_08611,31,9,244.95,0.4,43,2,Bronze,0,2204.55,0
CUST_08612,315,15,463.92,0.7,62,5,Gold,0,6958.8,1
CUST_08613,285,45,36.19,0.09,43,5,Gold,0,1628.55,1
CUST_08614,106,20,106.46,1.0,90,4,Silver,0,2129.2,0
CUST_08615,224,8,355.81,0.64,19,9,Silver,1,2846.48,0
CUST_08616,273,28,293.01,0.87,49,4,Bronze,1,8204.28,0
CUST_08617,232,19,133.25,0.83,65,8,Bronze,0,2531.75,0
CUST_08618,256,16,151.71,0.77,77,2,Bronze,0,2427.36,0
CUST_08619,24,11,189.98,0.04,25,9,Silver,0,2089.78,0
CUST_08620,109,42,230.67,0.52,84,6,Bronze,0,9688.14,0
CUST_08621,191,8,410.83,0.33,41,3,Bronze,0,3286.64,0
CUST_08622,347,33,16.77,0.11,23,1,Silver,0,553.41,1
CUST_08623,25,10,450.03,0.34,58,9,Gold,0,4500.3,0
CUST_08624,187,18,212.38,0.64,88,2,Bronze,0,3822.84,0
CUST_08625,288,35,122.94,0.23,43,2,Bronze,0,4302.9,0
CUST_08626,116,43,259.12,0.44,40,2,Bronze,1,11142.16,0
CUST_08627,338,3,333.24,0.4,30,2,Bronze,0,999.72,1
CUST_08628,37,40,31.93,0.05,34,9,Gold,0,1277.2,0
CUST_08629,282,27,360.73,0.63,10,5,Silver,0,9739.71,0
CUST_08630,137,28,382.77,0.62,60,5,Bronze,0,10717.56,0
CUST_08631,227,46,91.43,0.97,1,8,Bronze,0,4205.78,0
CUST_08632,320,6,92.26,0.3,12,7,Silver,0,553.56,1
CUST_08633,328,47,109.85,0.42,46,9,Gold,0,5162.95,1
CUST_08634,182,14,400.35,0.4,93,6,Bronze,0,5604.9,0
CUST_08635,362,7,143.28,0.92,75,1,Bronze,0,1002.96,0
CUST_08636,86,10,400.01,0.41,17,9,Bronze,0,4000.1,0
CUST_08637,53,15,274.86,0.44,84,1,Bronze,0,4122.9,0
CUST_08638,348,31,385.91,0.25,58,0,Silver,0,11963.21,1
CUST_08639,355,29,281.3,0.0,38,6,Silver,0,8157.7,1
CUST_08640,235,42,174.53,0.11,6,6,Bronze,0,7330.26,0
CUST_08641,267,17,456.25,0.7,62,0,Bronze,0,7756.25,0
CUST_08642,287,29,360.49,0.68,84,5,Gold,1,10454.21,0
CUST_08643,100,49,247.19,0.32,74,6,Bronze,0,12112.31,0
CUST_08644,87,44,322.34,0.47,10,0,Silver,0,14182.96,0
CUST_08645,15,15,311.76,0.3,95,5,Bronze,0,4676.4,0
CUST_08646,101,26,185.48,0.73,26,9,Bronze,0,4822.48,0
CUST_08647,165,12,217.65,0.84,58,8,Bronze,0,2611.8,0
CUST_08648,29,25,165.95,0.9,17,0,Silver,0,4148.75,0
CUST_08649,114,41,499.76,0.17,53,1,Bronze,0,20490.16,0
CUST_08650,107,5,294.23,0.7,78,1,Bronze,0,1471.15,0
CUST_08651,364,4,55.11,0.96,5,9,Silver,0,220.44,1
CUST_08652,130,44,264.36,0.65,67,2,Silver,0,11631.84,0
CUST_08653,84,48,34.48,0.35,20,3,Bronze,0,1655.04,0
CUST_08654,271,41,151.44,0.64,51,6,Bronze,1,6209.04,0
CUST_08655,244,31,228.52,0.69,46,2,Bronze,0,7084.12,0
CUST_08656,214,3,271.79,0.4,79,6,Bronze,0,815.37,1
CUST_08657,306,3,488.33,0.1,67,4,Silver,0,1464.99,1
CUST_08658,166,26,491.29,0.61,3,4,Gold,0,12773.54,0
CUST_08659,279,17,58.05,0.8,23,6,Bronze,0,986.85,0
CUST_08660,59,10,273.69,1.0,9,6,Gold,1,2736.9,0
CUST_08661,90,2,410.38,0.22,11,6,Bronze,1,820.76,0
CUST_08662,331,24,126.48,0.7,47,8,Bronze,1,3035.52,0
CUST_08663,194,11,377.78,0.03,49,0,Bronze,0,4155.58,1
CUST_08664,123,24,440.52,0.97,44,0,Gold,0,10572.48,0
CUST_08665,136,35,334.62,0.01,13,2,Bronze,0,11711.7,0
CUST_08666,139,23,170.57,0.36,8,5,Bronze,0,3923.11,0
CUST_08667,229,32,462.33,0.08,63,1,Bronze,0,14794.56,0
CUST_08668,274,23,442.92,0.62,22,8,Gold,0,10187.16,0
CUST_08669,50,34,360.75,0.34,38,0,Silver,0,12265.5,0
CUST_08670,118,41,188.2,0.73,27,4,Bronze,0,7716.2,0
CUST_08671,202,19,398.03,0.49,26,6,Bronze,0,7562.57,0
CUST_08672,191,2,164.89,0.42,23,9,Silver,0,329.78,1
CUST_08673,364,2,133.95,0.35,95,2,Gold,0,267.9,1
CUST_08674,323,15,262.36,0.09,93,1,Silver,0,3935.4,1
CUST_08675,181,21,498.6,0.2,65,2,Gold,0,10470.6,0
CUST_08676,78,35,404.12,0.64,74,6,Bronze,0,14144.2,0
CUST_08677,75,5,367.6,0.5,47,0,Silver,1,1838.0,0
CUST_08678,295,43,231.49,0.07,61,7,Gold,0,9954.07,1
CUST_08679,281,27,162.86,0.54,46,2,Silver,0,4397.22,0
CUST_08680,21,24,429.39,0.05,4,4,Bronze,0,10305.36,0
CUST_08681,171,7,288.19,0.51,31,9,Silver,0,2017.33,0
CUST_08682,15,6,408.49,0.96,4,4,Silver,0,2450.94,0
CUST_08683,211,46,249.0,0.31,29,5,Silver,0,11454.0,0
CUST_08684,48,33,379.44,0.72,73,6,Bronze,0,12521.52,0
CUST_08685,86,49,435.19,0.75,79,0,Bronze,0,21324.31,0
CUST_08686,149,17,201.78,0.4,44,5,Bronze,0,3430.26,0
CUST_08687,188,46,16.65,0.59,3,1,Silver,0,765.9,0
CUST_08688,306,42,134.91,0.47,59,9,Bronze,1,5666.22,0
CUST_08689,151,30,458.31,0.28,79,2,Bronze,0,13749.3,0
CUST_08690,141,8,346.9,0.75,53,4,Bronze,0,2775.2,0
CUST_08691,69,40,371.24,0.7,11,0,Silver,1,14849.6,0
CUST_08692,260,46,169.39,0.9,6,6,Bronze,0,7791.94,0
CUST_08693,334,7,353.62,0.62,47,0,Silver,0,2475.34,1
CUST_08694,9,6,326.68,0.39,7,7,Bronze,0,1960.08,0
CUST_08695,121,4,97.4,0.71,68,5,Gold,0,389.6,0
CUST_08696,101,1,484.66,0.62,85,0,Gold,1,484.66,0
CUST_08697,149,15,183.47,0.62,1,6,Silver,0,2752.05,0
CUST_08698,146,31,171.35,0.85,56,9,Bronze,0,5311.85,0
CUST_08699,353,25,190.89,0.91,87,2,Bronze,0,4772.25,0
CUST_08700,243,47,54.94,0.18,77,6,Bronze,0,2582.18,0
CUST_08701,241,33,316.23,0.31,43,7,Bronze,0,10435.59,0
CUST_08702,337,35,126.93,0.65,28,9,Silver,0,4442.55,1
CUST_08703,43,5,403.62,0.56,29,2,Bronze,0,2018.1,0
CUST_08704,95,5,203.14,0.65,18,4,Bronze,0,1015.7,0
CUST_08705,226,36,234.69,0.43,87,9,Bronze,0,8448.84,0
CUST_08706,6,17,326.75,0.41,92,1,Silver,1,5554.75,0
CUST_08707,214,14,383.32,0.12,73,1,Bronze,0,5366.48,1
CUST_08708,206,29,123.25,0.62,62,0,Bronze,0,3574.25,0
CUST_08709,67,8,483.48,0.18,6,2,Bronze,0,3867.84,0
CUST_08710,100,34,314.94,0.67,16,3,Bronze,0,10707.96,0
CUST_08711,12,40,12.76,0.97,1,2,Bronze,0,510.4,0
CUST_08712,237,1,213.65,0.26,22,7,Bronze,0,213.65,1
CUST_08713,322,29,224.04,0.14,46,0,Bronze,0,6497.16,1
CUST_08714,258,36,406.49,0.02,62,4,Bronze,0,14633.64,1
CUST_08715,337,37,159.52,0.38,23,6,Silver,0,5902.24,1
CUST_08716,135,29,172.3,0.21,21,8,Silver,0,4996.7,0
CUST_08717,222,5,44.54,0.49,51,0,Bronze,0,222.7,0
CUST_08718,156,32,148.94,0.52,95,8,Bronze,1,4766.08,0
CUST_08719,142,24,361.31,0.35,38,8,Bronze,0,8671.44,0
CUST_08720,158,19,321.03,0.75,28,3,Bronze,0,6099.57,0
CUST_08721,326,12,49.88,0.9,44,9,Bronze,1,598.56,0
CUST_08722,344,1,66.2,0.21,91,4,Bronze,0,66.2,1
CUST_08723,262,7,194.69,0.84,39,5,Bronze,0,1362.83,0
CUST_08724,283,17,374.44,0.13,42,3,Bronze,0,6365.48,1
CUST_08725,338,34,418.13,0.23,42,5,Silver,0,14216.42,1
CUST_08726,344,43,17.17,0.56,60,4,Bronze,0,738.31,0
CUST_08727,229,7,171.22,0.31,57,2,Bronze,1,1198.54,0
CUST_08728,280,17,217.89,0.04,77,2,Gold,0,3704.13,1
CUST_08729,358,3,456.46,0.29,96,8,Silver,0,1369.38,1
CUST_08730,290,29,255.69,0.9,7,4,Bronze,0,7415.01,0
CUST_08731,168,22,142.15,0.17,51,2,Bronze,0,3127.3,0
CUST_08732,47,38,201.12,0.76,97,7,Bronze,0,7642.56,0
CUST_08733,203,43,223.85,0.72,77,7,Bronze,0,9625.55,0
CUST_08734,214,29,338.3,0.11,32,2,Gold,1,9810.7,0
CUST_08735,246,42,30.13,0.33,7,6,Bronze,1,1265.46,0
CUST_08736,24,5,200.83,0.19,76,8,Silver,1,1004.15,0
CUST_08737,321,30,326.81,0.02,40,2,Silver,0,9804.3,1
CUST_08738,274,23,148.83,0.17,15,7,Bronze,0,3423.09,1
CUST_08739,44,21,299.96,0.2,59,0,Bronze,0,6299.16,0
CUST_08740,332,26,185.07,0.17,85,2,Bronze,0,4811.82,1
CUST_08741,313,47,381.77,0.09,12,3,Silver,0,17943.19,1
CUST_08742,363,21,39.69,0.53,77,2,Bronze,0,833.49,1
CUST_08743,156,20,459.8,0.32,42,8,Gold,1,9196.0,0
CUST_08744,199,23,94.09,0.91,39,9,Gold,0,2164.07,0
CUST_08745,162,4,87.69,0.19,63,4,Bronze,0,350.76,1
CUST_08746,234,21,421.92,0.6,2,2,Bronze,0,8860.32,0
CUST_08747,163,21,435.95,0.9,29,2,Bronze,0,9154.95,0
CUST_08748,116,1,55.56,0.05,61,1,Bronze,0,55.56,1
CUST_08749,93,15,455.27,0.52,29,9,Bronze,0,6829.05,0
CUST_08750,42,17,143.92,0.45,38,5,Bronze,1,2446.64,0
CUST_08751,284,14,313.12,0.93,7,8,Bronze,0,4383.68,0
CUST_08752,210,19,43.61,0.66,30,6,Bronze,0,828.59,0
CUST_08753,206,34,196.52,0.35,87,1,Bronze,1,6681.68,0
CUST_08754,220,6,230.86,0.71,92,8,Gold,0,1385.16,0
CUST_08755,280,45,303.92,0.58,56,2,Bronze,0,13676.4,0
CUST_08756,136,49,267.38,0.35,87,6,Bronze,0,13101.62,0
CUST_08757,106,6,236.13,0.79,36,9,Silver,0,1416.78,0
CUST_08758,118,5,480.22,0.67,42,6,Bronze,0,2401.1,0
CUST_08759,237,7,100.66,0.01,93,3,Bronze,0,704.62,1
CUST_08760,309,33,87.42,0.87,4,3,Gold,0,2884.86,0
CUST_08761,100,13,359.58,0.4,84,1,Bronze,0,4674.54,0
CUST_08762,261,1,46.53,0.65,5,1,Bronze,0,46.53,0
CUST_08763,305,13,246.62,0.4,46,1,Bronze,0,3206.06,1
CUST_08764,354,43,247.19,0.88,75,4,Gold,0,10629.17,0
CUST_08765,286,27,161.91,0.65,2,2,Silver,0,4371.57,0
CUST_08766,328,7,465.92,0.58,54,9,Silver,0,3261.44,1
CUST_08767,103,3,148.45,0.98,88,6,Gold,0,445.35,0
CUST_08768,63,25,151.34,0.28,59,6,Bronze,0,3783.5,0
CUST_08769,175,33,124.81,0.07,33,5,Silver,0,4118.73,0
CUST_08770,282,40,81.44,0.52,22,7,Bronze,1,3257.6,0
CUST_08771,293,17,188.37,0.42,47,3,Gold,0,3202.29,1
CUST_08772,226,45,343.63,0.45,6,8,Silver,0,15463.35,0
CUST_08773,7,14,373.66,0.62,24,9,Silver,0,5231.24,0
CUST_08774,127,37,408.58,0.62,93,9,Silver,1,15117.46,0
CUST_08775,92,23,106.8,0.39,49,4,Bronze,1,2456.4,0
CUST_08776,190,24,27.46,0.86,96,3,Bronze,1,659.04,0
CUST_08777,359,29,487.6,0.65,94,2,Gold,0,14140.4,0
CUST_08778,53,38,17.02,0.89,51,8,Gold,0,646.76,0
CUST_08779,242,27,480.73,0.91,41,3,Bronze,0,12979.71,0
CUST_08780,132,38,416.12,0.17,67,8,Bronze,0,15812.56,0
CUST_08781,364,40,456.92,0.68,89,0,Bronze,0,18276.8,0
CUST_08782,112,45,199.72,0.32,92,4,Silver,0,8987.4,0
CUST_08783,7,23,106.63,0.84,79,0,Bronze,0,2452.49,0
CUST_08784,230,31,307.17,0.73,81,8,Bronze,0,9522.27,0
CUST_08785,156,36,373.21,0.2,2,6,Bronze,0,13435.56,0
CUST_08786,197,17,74.12,0.94,91,9,Bronze,0,1260.04,0
CUST_08787,323,37,400.83,0.68,78,8,Gold,1,14830.71,0
CUST_08788,364,3,112.21,0.95,43,4,Bronze,0,336.63,1
CUST_08789,223,36,250.92,0.2,32,9,Gold,0,9033.12,1
CUST_08790,250,5,429.68,0.87,12,8,Bronze,0,2148.4,0
CUST_08791,83,46,104.78,0.67,23,3,Bronze,0,4819.88,0
CUST_08792,240,15,128.52,0.55,16,2,Bronze,0,1927.8,0
CUST_08793,360,49,40.76,0.82,44,1,Silver,0,1997.24,0
CUST_08794,323,6,81.84,0.63,2,3,Bronze,1,491.04,0
CUST_08795,263,10,81.8,0.67,7,2,Silver,0,818.0,0
CUST_08796,189,32,109.68,0.25,21,8,Bronze,0,3509.76,0
CUST_08797,290,23,150.24,0.82,58,7,Silver,0,3455.52,0
CUST_08798,362,48,409.34,0.65,95,0,Silver,1,19648.32,0
CUST_08799,58,17,458.72,0.84,23,1,Bronze,1,7798.24,0
CUST_08800,9,46,209.08,0.35,60,2,Bronze,0,9617.68,0
CUST_08801,304,20,72.82,0.33,25,5,Bronze,0,1456.4,1
CUST_08802,115,44,119.67,0.02,35,4,Bronze,1,5265.48,0
CUST_08803,210,41,370.74,0.77,99,4,Bronze,0,15200.34,0
CUST_08804,41,15,341.94,0.33,45,5,Bronze,0,5129.1,0
CUST_08805,304,44,483.93,0.33,7,7,Bronze,0,21292.92,1
CUST_08806,173,46,17.1,0.69,69,0,Bronze,1,786.6,0
CUST_08807,234,22,377.87,0.25,32,4,Gold,0,8313.14,1
CUST_08808,281,6,257.84,0.91,53,5,Silver,0,1547.04,0
CUST_08809,78,4,452.32,0.54,69,9,Bronze,0,1809.28,0
CUST_08810,108,23,292.32,0.97,25,5,Bronze,1,6723.36,0
CUST_08811,281,44,228.87,0.08,95,8,Bronze,0,10070.28,1
CUST_08812,39,45,336.27,0.34,84,9,Bronze,0,15132.15,0
CUST_08813,119,19,418.43,0.38,86,6,Silver,1,7950.17,0
CUST_08814,335,45,148.42,0.73,77,3,Bronze,0,6678.9,0
CUST_08815,336,31,62.69,0.21,2,6,Bronze,0,1943.39,1
CUST_08816,27,44,222.18,0.38,86,6,Bronze,0,9775.92,0
CUST_08817,104,3,115.11,0.91,61,5,Bronze,0,345.33,0
CUST_08818,74,28,220.48,0.11,9,7,Bronze,0,6173.44,0
CUST_08819,191,3,495.61,0.75,51,7,Bronze,0,1486.83,0
CUST_08820,324,14,291.32,0.7,2,9,Bronze,0,4078.48,1
CUST_08821,147,18,349.86,0.13,45,5,Bronze,0,6297.48,0
CUST_08822,255,27,342.18,0.69,32,1,Bronze,0,9238.86,0
CUST_08823,284,10,412.14,0.57,72,4,Bronze,0,4121.4,1
CUST_08824,213,49,472.62,0.29,80,0,Bronze,0,23158.38,0
CUST_08825,123,15,332.82,0.31,97,9,Silver,0,4992.3,0
CUST_08826,206,19,243.29,0.83,75,9,Bronze,0,4622.51,0
CUST_08827,240,9,165.74,0.23,32,9,Bronze,0,1491.66,1
CUST_08828,339,4,186.53,0.51,8,8,Bronze,0,746.12,1
CUST_08829,286,15,173.9,0.68,96,3,Bronze,0,2608.5,0
CUST_08830,22,48,168.99,0.13,85,0,Bronze,0,8111.52,0
CUST_08831,259,8,350.37,0.93,89,2,Bronze,0,2802.96,0
CUST_08832,357,49,297.98,0.26,20,9,Bronze,0,14601.02,1
CUST_08833,105,1,108.98,0.32,65,1,Bronze,0,108.98,0
CUST_08834,258,7,485.12,0.67,21,8,Bronze,0,3395.84,1
CUST_08835,204,31,219.59,0.08,7,6,Bronze,0,6807.29,1
CUST_08836,310,18,287.38,0.63,89,9,Gold,0,5172.84,1
CUST_08837,262,12,354.27,0.92,9,9,Gold,1,4251.24,0
CUST_08838,107,48,310.7,0.25,86,5,Bronze,0,14913.6,0
CUST_08839,251,30,162.42,0.36,2,3,Silver,0,4872.6,0
CUST_08840,221,33,400.88,0.23,19,3,Bronze,0,13229.04,0
CUST_08841,222,47,63.98,0.82,60,6,Bronze,0,3007.06,0
CUST_08842,258,7,288.81,0.17,70,7,Bronze,0,2021.67,1
CUST_08843,201,28,143.93,0.35,59,3,Bronze,0,4030.04,0
CUST_08844,258,49,311.72,0.6,69,6,Bronze,0,15274.28,0
CUST_08845,349,3,116.82,0.4,45,2,Bronze,0,350.46,1
CUST_08846,225,43,388.38,0.07,62,8,Bronze,1,16700.34,0
CUST_08847,202,6,121.49,0.95,10,2,Silver,0,728.94,0
CUST_08848,226,31,446.29,0.34,65,2,Silver,1,13834.99,0
CUST_08849,236,38,432.16,0.45,26,9,Gold,0,16422.08,0
CUST_08850,183,15,187.57,0.17,90,1,Silver,0,2813.55,0
CUST_08851,200,7,199.05,0.87,60,2,Gold,0,1393.35,0
CUST_08852,357,43,353.74,0.29,18,7,Bronze,0,15210.82,1
CUST_08853,246,30,54.28,0.02,59,1,Bronze,0,1628.4,1
CUST_08854,353,27,49.65,0.32,21,0,Silver,1,1340.55,0
CUST_08855,111,17,76.8,0.98,46,4,Bronze,0,1305.6,0
CUST_08856,6,18,285.61,0.15,12,7,Gold,0,5140.98,0
CUST_08857,236,22,83.01,0.03,78,5,Bronze,0,1826.22,1
CUST_08858,127,26,146.03,0.58,32,1,Bronze,0,3796.78,0
CUST_08859,104,27,326.99,0.37,39,8,Silver,0,8828.73,0
CUST_08860,237,40,17.66,0.79,99,3,Bronze,0,706.4,0
CUST_08861,155,24,98.32,0.73,81,2,Bronze,0,2359.68,0
CUST_08862,257,8,465.67,0.19,55,3,Silver,0,3725.36,1
CUST_08863,235,21,335.15,0.56,55,2,Bronze,1,7038.15,0
CUST_08864,289,29,159.72,0.03,10,7,Bronze,0,4631.88,1
CUST_08865,40,43,32.2,0.44,35,0,Gold,1,1384.6,0
CUST_08866,288,21,297.16,0.71,80,0,Bronze,0,6240.36,0
CUST_08867,197,3,119.2,0.41,6,8,Bronze,0,357.6,1
CUST_08868,273,31,480.49,0.12,68,6,Silver,0,14895.19,1
CUST_08869,264,27,346.61,0.06,62,8,Bronze,0,9358.47,1
CUST_08870,57,46,487.32,0.85,9,2,Bronze,0,22416.72,0
CUST_08871,298,27,425.96,0.89,29,2,Bronze,0,11500.92,0
CUST_08872,98,9,246.68,0.34,71,1,Bronze,0,2220.12,0
CUST_08873,137,33,338.09,0.16,80,1,Bronze,1,11156.97,0
CUST_08874,87,33,407.93,0.98,6,8,Bronze,0,13461.69,0
CUST_08875,242,26,293.31,0.55,44,1,Bronze,0,7626.06,0
CUST_08876,199,28,40.13,0.48,64,3,Bronze,0,1123.64,0
CUST_08877,310,44,240.52,0.74,67,3,Gold,0,10582.88,0
CUST_08878,84,43,73.98,0.17,44,8,Gold,0,3181.14,0
CUST_08879,242,31,360.27,0.58,78,2,Silver,0,11168.37,0
CUST_08880,281,1,343.51,0.89,14,9,Bronze,1,343.51,0
CUST_08881,323,20,496.53,0.02,9,1,Gold,0,9930.6,1
CUST_08882,252,12,318.12,0.67,23,2,Bronze,0,3817.44,0
CUST_08883,190,17,402.07,0.55,57,8,Bronze,0,6835.19,0
CUST_08884,152,15,141.46,0.95,57,4,Bronze,0,2121.9,0
CUST_08885,302,34,176.61,0.26,15,4,Silver,0,6004.74,1
CUST_08886,278,16,459.34,0.86,64,6,Bronze,0,7349.44,0
CUST_08887,139,4,380.04,0.31,7,0,Silver,0,1520.16,0
CUST_08888,176,8,331.08,0.43,20,9,Bronze,0,2648.64,1
CUST_08889,8,34,134.47,0.21,64,4,Bronze,1,4571.98,0
CUST_08890,295,46,352.3,0.86,19,8,Silver,0,16205.8,0
CUST_08891,235,25,444.51,0.2,6,5,Bronze,0,11112.75,1
CUST_08892,163,15,123.09,0.86,51,7,Bronze,1,1846.35,0
CUST_08893,49,28,356.0,0.46,39,9,Silver,0,9968.0,0
CUST_08894,302,9,202.91,0.84,65,7,Bronze,0,1826.19,1
CUST_08895,38,2,68.2,0.26,71,0,Bronze,0,136.4,0
CUST_08896,136,17,384.1,0.13,99,7,Bronze,0,6529.7,0
CUST_08897,310,10,91.9,0.55,25,5,Silver,0,919.0,1
CUST_08898,219,9,133.92,0.51,23,3,Bronze,0,1205.28,0
CUST_08899,348,31,393.64,0.36,89,2,Bronze,0,12202.84,1
CUST_08900,296,2,373.65,0.66,58,4,Bronze,0,747.3,1
CUST_08901,34,24,134.55,0.1,11,4,Bronze,0,3229.2,0
CUST_08902,352,19,471.07,0.62,34,6,Silver,0,8950.33,1
CUST_08903,79,17,115.49,0.21,31,8,Bronze,0,1963.33,0
CUST_08904,236,43,496.87,0.13,38,0,Bronze,0,21365.41,0
CUST_08905,273,49,371.57,0.91,46,8,Bronze,1,18206.93,0
CUST_08906,161,10,202.33,0.46,12,2,Bronze,0,2023.3,0
CUST_08907,175,28,73.87,0.76,9,5,Bronze,0,2068.36,0
CUST_08908,308,38,167.05,0.09,13,5,Bronze,1,6347.9,0
CUST_08909,221,48,104.93,0.06,64,3,Bronze,0,5036.64,0
CUST_08910,9,28,314.7,0.49,20,1,Bronze,0,8811.6,0
CUST_08911,289,1,184.86,0.32,59,4,Bronze,0,184.86,1
CUST_08912,113,3,154.55,0.0,85,2,Bronze,0,463.65,1
CUST_08913,205,15,381.0,0.18,22,3,Gold,0,5715.0,1
CUST_08914,186,10,122.99,0.22,65,5,Bronze,1,1229.9,0
CUST_08915,341,21,297.58,0.29,60,6,Bronze,0,6249.18,1
CUST_08916,197,37,105.35,0.88,41,1,Gold,0,3897.95,0
CUST_08917,266,15,360.25,0.42,81,2,Bronze,0,5403.75,1
CUST_08918,262,23,316.31,0.68,45,6,Gold,0,7275.13,0
CUST_08919,248,14,401.1,0.02,4,4,Bronze,0,5615.4,1
CUST_08920,115,15,43.56,0.81,70,3,Silver,0,653.4,0
CUST_08921,121,10,112.95,0.24,45,3,Bronze,1,1129.5,0
CUST_08922,141,9,85.69,0.31,58,8,Bronze,0,771.21,1
CUST_08923,65,44,103.38,0.05,83,8,Silver,0,4548.72,0
CUST_08924,276,39,60.48,0.41,94,9,Bronze,0,2358.72,0
CUST_08925,313,5,285.42,0.85,23,6,Bronze,0,1427.1,1
CUST_08926,239,25,300.78,0.38,32,0,Gold,0,7519.5,0
CUST_08927,302,42,423.31,0.91,63,0,Bronze,0,17779.02,0
CUST_08928,10,26,214.69,0.87,93,2,Bronze,0,5581.94,0
CUST_08929,233,8,270.87,0.06,8,2,Bronze,0,2166.96,1
CUST_08930,195,22,495.74,0.31,85,6,Bronze,0,10906.28,0
CUST_08931,12,25,270.6,0.91,81,1,Bronze,0,6765.0,0
CUST_08932,177,48,291.05,0.03,81,7,Silver,0,13970.4,0
CUST_08933,177,12,498.0,0.77,85,0,Silver,0,5976.0,0
CUST_08934,217,9,497.12,0.91,79,7,Bronze,0,4474.08,0
CUST_08935,11,10,217.77,0.77,91,8,Bronze,0,2177.7,0
CUST_08936,118,48,321.12,0.74,25,4,Silver,0,15413.76,0
CUST_08937,164,10,245.59,0.84,33,3,Bronze,1,2455.9,0
CUST_08938,39,9,363.15,0.67,66,5,Bronze,0,3268.35,0
CUST_08939,53,26,469.81,0.42,16,5,Gold,0,12215.06,0
CUST_08940,218,35,161.73,0.06,55,7,Bronze,0,5660.55,1
CUST_08941,206,27,411.25,0.79,36,7,Bronze,0,11103.75,0
CUST_08942,312,31,330.88,0.91,72,0,Bronze,0,10257.28,0
CUST_08943,360,19,147.29,0.51,80,8,Silver,0,2798.51,1
CUST_08944,56,43,400.68,0.53,7,9,Bronze,0,17229.24,0
CUST_08945,118,38,219.3,0.4,69,0,Silver,1,8333.4,0
CUST_08946,253,6,68.99,0.86,87,2,Bronze,0,413.94,0
CUST_08947,286,15,496.77,0.01,8,6,Bronze,0,7451.55,1
CUST_08948,268,29,218.57,0.62,3,4,Gold,0,6338.53,0
CUST_08949,291,47,275.36,0.91,35,5,Gold,0,12941.92,0
CUST_08950,333,45,405.9,0.1,36,7,Bronze,0,18265.5,1
CUST_08951,180,5,480.83,0.96,79,3,Bronze,0,2404.15,0
CUST_08952,358,14,437.72,0.97,30,3,Bronze,0,6128.08,0
CUST_08953,235,2,267.28,0.93,15,7,Bronze,0,534.56,0
CUST_08954,343,23,277.39,0.46,93,2,Bronze,0,6379.97,1
CUST_08955,196,44,147.63,0.38,68,5,Silver,0,6495.72,0
CUST_08956,308,46,236.77,0.71,98,3,Silver,0,10891.42,0
CUST_08957,80,19,473.95,0.32,87,5,Bronze,0,9005.05,0
CUST_08958,135,24,366.2,0.07,58,3,Bronze,0,8788.8,0
CUST_08959,22,20,15.82,0.9,99,1,Bronze,0,316.4,0
CUST_08960,331,47,67.09,0.63,28,9,Silver,0,3153.23,0
CUST_08961,225,27,462.67,0.21,95,2,Silver,0,12492.09,0
CUST_08962,58,24,425.87,0.02,42,7,Silver,0,10220.88,0
CUST_08963,93,17,248.22,0.72,97,0,Bronze,1,4219.74,0
CUST_08964,192,25,312.32,0.85,18,9,Bronze,0,7808.0,0
CUST_08965,103,46,151.93,0.41,5,5,Bronze,0,6988.78,0
CUST_08966,7,31,398.49,0.08,9,8,Bronze,0,12353.19,0
CUST_08967,128,28,305.63,0.65,84,0,Bronze,0,8557.64,0
CUST_08968,55,28,350.46,0.3,9,3,Silver,0,9812.88,0
CUST_08969,231,22,193.71,0.14,18,6,Bronze,0,4261.62,1
CUST_08970,362,5,220.91,0.51,56,5,Gold,0,1104.55,1
CUST_08971,62,44,111.76,0.48,15,5,Bronze,0,4917.44,0
CUST_08972,240,42,474.55,0.52,79,8,Bronze,0,19931.1,0
CUST_08973,90,8,473.81,0.82,78,7,Bronze,0,3790.48,0
CUST_08974,232,38,410.7,0.48,62,4,Bronze,0,15606.6,0
CUST_08975,233,28,468.42,0.9,35,1,Silver,0,13115.76,0
CUST_08976,354,47,336.01,0.84,40,2,Bronze,0,15792.47,0
CUST_08977,333,12,124.98,0.65,51,9,Bronze,0,1499.76,1
CUST_08978,292,25,382.5,0.06,60,2,Silver,0,9562.5,1
CUST_08979,345,38,169.39,0.86,56,3,Bronze,0,6436.82,0
CUST_08980,152,44,225.84,0.91,84,1,Bronze,0,9936.96,0
CUST_08981,145,15,144.43,0.38,75,7,Bronze,0,2166.45,0
CUST_08982,130,44,217.57,0.53,41,7,Bronze,0,9573.08,0
CUST_08983,141,41,342.87,0.28,54,7,Bronze,0,14057.67,0
CUST_08984,93,34,64.2,0.01,17,9,Bronze,0,2182.8,0
CUST_08985,114,45,61.55,0.48,25,4,Gold,0,2769.75,0
CUST_08986,284,13,345.05,0.13,93,9,Bronze,0,4485.65,1
CUST_08987,143,8,391.99,0.18,87,5,Bronze,0,3135.92,1
CUST_08988,223,13,280.22,0.48,9,5,Bronze,0,3642.86,0
CUST_08989,232,36,99.0,0.87,56,6,Silver,0,3564.0,0
CUST_08990,33,6,221.07,0.84,89,0,Silver,1,1326.42,0
CUST_08991,276,38,381.51,0.97,23,9,Bronze,0,14497.38,0
CUST_08992,170,32,346.01,0.48,2,2,Silver,1,11072.32,0
CUST_08993,140,21,63.83,0.55,45,2,Bronze,0,1340.43,0
CUST_08994,357,44,484.88,0.82,65,6,Silver,0,21334.72,0
CUST_08995,201,44,119.45,0.7,38,5,Gold,0,5255.8,0
CUST_08996,23,49,117.99,0.18,6,8,Bronze,0,5781.51,0
CUST_08997,224,7,235.33,0.4,48,8,Bronze,0,1647.31,1
CUST_08998,270,26,170.35,0.93,44,8,Silver,0,4429.1,0
CUST_08999,347,15,492.15,0.15,79,3,Gold,0,7382.25,1
CUST_09000,153,49,47.48,0.21,7,2,Bronze,0,2326.52,0
CUST_09001,333,42,160.16,0.4,66,3,Silver,0,6726.72,0
CUST_09002,85,23,197.53,0.94,62,2,Silver,0,4543.19,0
CUST_09003,109,38,251.79,0.11,30,6,Silver,1,9568.02,0
CUST_09004,31,41,18.04,0.67,93,2,Gold,0,739.64,0
CUST_09005,229,15,50.36,0.13,76,0,Bronze,0,755.4,1
CUST_09006,240,48,136.33,0.52,52,7,Gold,0,6543.84,0
CUST_09007,363,40,281.46,0.54,98,5,Bronze,0,11258.4,1
CUST_09008,310,16,386.21,0.04,94,4,Bronze,0,6179.36,1
CUST_09009,141,32,346.38,0.95,36,7,Bronze,0,11084.16,0
CUST_09010,156,37,287.84,0.81,35,7,Silver,1,10650.08,0
CUST_09011,299,18,204.64,0.3,66,2,Bronze,0,3683.52,1
CUST_09012,345,20,436.64,0.13,50,2,Bronze,0,8732.8,1
CUST_09013,99,46,235.29,0.35,3,9,Silver,0,10823.34,0
CUST_09014,47,2,156.63,0.89,76,6,Bronze,0,313.26,0
CUST_09015,327,23,318.37,0.13,4,2,Silver,0,7322.51,1
CUST_09016,67,30,349.14,0.35,55,8,Silver,0,10474.2,0
CUST_09017,62,3,205.25,0.49,52,7,Silver,0,615.75,0
CUST_09018,109,46,23.79,0.03,59,7,Silver,0,1094.34,0
CUST_09019,167,39,56.12,0.27,71,8,Bronze,0,2188.68,0
CUST_09020,37,47,424.34,0.6,20,7,Bronze,0,19943.98,0
CUST_09021,119,49,37.71,0.32,19,3,Bronze,0,1847.79,0
CUST_09022,86,1,300.09,0.87,8,6,Bronze,0,300.09,0
CUST_09023,52,41,100.02,0.94,67,5,Silver,0,4100.82,0
CUST_09024,91,22,122.17,0.44,27,0,Bronze,0,2687.74,0
CUST_09025,289,29,143.93,0.53,79,4,Silver,0,4173.97,0
CUST_09026,337,14,28.76,0.63,8,1,Bronze,0,402.64,1
CUST_09027,298,48,96.85,0.66,18,8,Silver,0,4648.8,0
CUST_09028,204,28,328.74,0.06,29,2,Bronze,0,9204.72,0
CUST_09029,238,21,254.37,0.05,46,6,Silver,0,5341.77,1
CUST_09030,155,45,400.69,0.87,36,1,Bronze,1,18031.05,0
CUST_09031,240,32,40.01,0.22,3,6,Bronze,0,1280.32,1
CUST_09032,136,6,445.56,0.58,9,3,Bronze,0,2673.36,0
CUST_09033,362,1,498.24,0.62,10,5,Bronze,0,498.24,1
CUST_09034,64,21,17.71,0.16,84,8,Gold,1,371.91,0
CUST_09035,123,4,484.14,0.76,66,7,Silver,0,1936.56,0
CUST_09036,254,3,125.57,0.87,1,8,Bronze,0,376.71,0
CUST_09037,114,49,349.35,0.29,91,4,Gold,1,17118.15,0
CUST_09038,20,30,153.32,0.88,4,4,Silver,0,4599.6,0
CUST_09039,16,31,265.69,0.08,48,3,Bronze,0,8236.39,0
CUST_09040,145,34,260.11,0.8,96,8,Bronze,0,8843.74,0
CUST_09041,208,19,186.94,0.64,18,9,Bronze,0,3551.86,0
CUST_09042,19,20,361.6,0.58,78,7,Bronze,0,7232.0,0
CUST_09043,166,23,303.82,0.23,45,5,Silver,0,6987.86,0
CUST_09044,38,40,259.06,0.36,15,9,Bronze,0,10362.4,0
CUST_09045,181,25,491.59,0.91,51,5,Silver,0,12289.75,0
CUST_09046,349,15,470.6,0.47,61,5,Bronze,0,7059.0,1
CUST_09047,105,38,478.16,0.59,4,5,Silver,0,18170.08,0
CUST_09048,100,23,441.85,0.94,19,6,Bronze,0,10162.55,0
CUST_09049,90,2,135.03,0.47,88,5,Bronze,0,270.06,0
CUST_09050,300,15,181.49,0.39,94,7,Gold,0,2722.35,1
CUST_09051,332,44,123.22,0.89,77,6,Bronze,0,5421.68,0
CUST_09052,79,35,493.23,0.91,11,1,Bronze,0,17263.05,0
CUST_09053,73,10,84.8,0.35,28,9,Bronze,0,848.0,0
CUST_09054,176,14,189.59,0.59,57,3,Bronze,1,2654.26,0
CUST_09055,96,27,107.53,0.96,75,6,Silver,1,2903.31,0
CUST_09056,345,14,119.49,0.06,54,1,Bronze,0,1672.86,1
CUST_09057,103,35,131.07,0.04,65,3,Silver,0,4587.45,0
CUST_09058,224,33,323.44,0.52,47,1,Bronze,0,10673.52,0
CUST_09059,6,1,47.26,0.29,4,1,Bronze,0,47.26,0
CUST_09060,122,34,290.54,0.58,34,6,Bronze,0,9878.36,0
CUST_09061,236,19,411.45,0.72,76,1,Silver,0,7817.55,0
CUST_09062,116,24,385.6,0.07,54,3,Silver,0,9254.4,0
CUST_09063,163,42,84.07,0.88,88,6,Bronze,0,3530.94,0
CUST_09064,226,4,458.22,0.28,61,5,Bronze,0,1832.88,1
CUST_09065,230,36,387.34,0.38,96,3,Bronze,0,13944.24,0
CUST_09066,182,13,12.6,0.34,83,8,Bronze,0,163.8,1
CUST_09067,249,32,371.31,0.84,93,4,Bronze,0,11881.92,0
CUST_09068,318,9,371.34,0.17,93,1,Gold,0,3342.06,1
CUST_09069,210,39,253.44,0.03,83,6,Bronze,0,9884.16,0
CUST_09070,144,16,32.53,0.97,20,9,Bronze,1,520.48,0
CUST_09071,345,3,294.15,0.98,3,1,Bronze,0,882.45,0
CUST_09072,96,20,385.22,0.26,40,7,Bronze,0,7704.4,0
CUST_09073,346,10,142.73,0.01,69,6,Silver,0,1427.3,1
CUST_09074,244,22,336.86,0.65,23,8,Bronze,0,7410.92,0
CUST_09075,86,48,183.42,0.65,69,5,Bronze,0,8804.16,0
CUST_09076,184,3,291.19,0.94,94,6,Bronze,0,873.57,0
CUST_09077,121,11,198.44,0.3,32,9,Silver,0,2182.84,0
CUST_09078,332,25,158.84,0.19,24,8,Silver,0,3971.0,1
CUST_09079,92,42,429.4,0.62,51,6,Bronze,1,18034.8,0
CUST_09080,70,48,379.38,0.56,58,8,Silver,0,18210.24,0
CUST_09081,133,8,179.27,0.72,42,7,Bronze,0,1434.16,0
CUST_09082,279,9,222.97,0.89,35,4,Bronze,0,2006.73,0
CUST_09083,137,15,348.93,0.56,32,6,Bronze,0,5233.95,0
CUST_09084,314,32,407.43,0.15,54,6,Silver,0,13037.76,1
CUST_09085,187,3,345.33,0.6,45,0,Silver,0,1035.99,0
CUST_09086,221,4,275.06,0.37,48,3,Bronze,0,1100.24,1
CUST_09087,46,30,477.65,0.45,86,4,Bronze,0,14329.5,0
CUST_09088,278,13,389.33,0.96,85,5,Bronze,0,5061.29,0
CUST_09089,192,44,66.64,0.55,92,6,Silver,0,2932.16,0
CUST_09090,8,21,283.49,0.15,49,4,Silver,0,5953.29,0
CUST_09091,276,41,210.68,0.44,34,1,Silver,0,8637.88,0
CUST_09092,179,46,399.52,0.23,16,4,Bronze,0,18377.92,0
CUST_09093,334,19,31.88,0.14,11,4,Bronze,0,605.72,1
CUST_09094,39,39,211.25,0.71,97,6,Bronze,0,8238.75,0
CUST_09095,293,48,165.96,0.63,19,2,Bronze,0,7966.08,0
CUST_09096,178,22,79.18,0.5,92,0,Bronze,1,1741.96,0
CUST_09097,162,20,195.61,0.42,29,5,Bronze,0,3912.2,0
CUST_09098,331,37,339.67,0.32,54,6,Silver,0,12567.79,1
CUST_09099,104,31,187.22,0.09,53,9,Bronze,1,5803.82,0
CUST_09100,161,10,294.2,0.3,67,7,Silver,0,2942.0,1
CUST_09101,287,18,300.48,0.84,82,6,Silver,0,5408.64,0
CUST_09102,123,43,297.68,0.78,82,6,Silver,0,12800.24,0
CUST_09103,54,39,269.47,0.97,76,6,Bronze,1,10509.33,0
CUST_09104,34,46,67.32,0.66,82,0,Bronze,0,3096.72,0
CUST_09105,242,20,117.04,0.55,32,8,Bronze,0,2340.8,0
CUST_09106,113,18,402.03,0.3,83,8,Bronze,0,7236.54,0
CUST_09107,318,11,256.16,0.08,56,6,Bronze,0,2817.76,1
CUST_09108,23,22,355.98,0.62,63,8,Gold,1,7831.56,0
CUST_09109,46,44,289.26,0.49,4,3,Bronze,1,12727.44,0
CUST_09110,312,18,28.96,0.76,11,6,Bronze,0,521.28,0
CUST_09111,135,34,400.14,0.41,3,1,Gold,0,13604.76,0
CUST_09112,118,23,41.52,0.99,27,5,Bronze,0,954.96,0
CUST_09113,189,1,472.16,0.4,80,1,Gold,1,472.16,0
CUST_09114,131,10,115.53,0.33,44,9,Bronze,0,1155.3,0
CUST_09115,212,1,261.08,0.87,18,2,Bronze,0,261.08,0
CUST_09116,113,38,41.16,0.4,30,0,Silver,0,1564.08,0
CUST_09117,44,39,448.52,0.87,88,6,Bronze,0,17492.28,0
CUST_09118,128,49,490.17,0.03,70,1,Silver,0,24018.33,0
CUST_09119,364,9,81.68,0.69,47,2,Bronze,0,735.12,1
CUST_09120,158,31,154.94,0.07,34,0,Bronze,0,4803.14,0
CUST_09121,273,7,17.78,0.15,76,2,Gold,0,124.46,1
CUST_09122,315,17,395.61,0.7,42,3,Silver,0,6725.37,0
CUST_09123,355,35,162.62,0.29,23,6,Bronze,0,5691.7,1
CUST_09124,340,48,298.53,0.21,40,5,Bronze,0,14329.44,1
CUST_09125,45,37,29.22,0.8,15,0,Bronze,0,1081.14,0
CUST_09126,108,18,360.58,0.95,80,3,Bronze,0,6490.44,0
CUST_09127,219,33,269.41,0.23,57,8,Silver,0,8890.53,1
CUST_09128,318,4,365.24,0.32,14,2,Gold,0,1460.96,1
CUST_09129,315,23,396.89,0.71,79,5,Silver,0,9128.47,0
CUST_09130,177,11,53.73,0.82,12,1,Gold,0,591.03,0
CUST_09131,228,9,293.27,1.0,35,4,Bronze,0,2639.43,0
CUST_09132,191,30,328.47,0.27,25,8,Bronze,0,9854.1,0
CUST_09133,160,8,263.19,0.56,78,1,Bronze,0,2105.52,0
CUST_09134,267,40,99.38,0.13,2,2,Silver,0,3975.2,0
CUST_09135,358,5,399.84,0.33,18,1,Silver,0,1999.2,1
CUST_09136,326,12,498.75,0.04,35,1,Bronze,0,5985.0,1
CUST_09137,190,1,484.94,0.21,9,5,Silver,0,484.94,1
CUST_09138,175,15,390.99,0.51,11,5,Silver,1,5864.85,0
CUST_09139,290,25,214.87,0.16,90,4,Bronze,0,5371.75,1
CUST_09140,357,18,175.28,0.89,67,1,Bronze,0,3155.04,0
CUST_09141,145,38,43.59,0.71,69,0,Bronze,0,1656.42,0
CUST_09142,232,42,213.98,0.03,96,2,Bronze,0,8987.16,0
CUST_09143,360,46,86.46,0.88,74,2,Bronze,0,3977.16,0
CUST_09144,204,26,134.62,0.98,38,8,Bronze,0,3500.12,0
CUST_09145,213,40,447.02,0.5,70,3,Silver,0,17880.8,0
CUST_09146,40,3,484.58,0.31,75,8,Bronze,0,1453.74,0
CUST_09147,275,22,474.79,0.26,81,0,Gold,0,10445.38,1
CUST_09148,323,26,104.74,0.09,59,2,Bronze,0,2723.24,1
CUST_09149,82,19,451.44,0.49,66,0,Bronze,0,8577.36,0
CUST_09150,181,44,79.34,0.05,41,5,Bronze,1,3490.96,0
CUST_09151,320,44,258.75,0.5,24,0,Bronze,0,11385.0,0
CUST_09152,83,47,325.4,0.25,50,1,Bronze,0,15293.8,0
CUST_09153,303,39,236.61,0.48,5,8,Bronze,0,9227.79,0
CUST_09154,262,36,476.4,0.42,21,0,Silver,1,17150.4,0
CUST_09155,272,21,173.27,0.31,6,3,Gold,0,3638.67,1
CUST_09156,200,41,268.42,0.45,4,5,Bronze,0,11005.22,0
CUST_09157,240,48,46.97,0.47,9,1,Bronze,1,2254.56,0
CUST_09158,180,26,427.59,0.83,69,0,Silver,0,11117.34,0
CUST_09159,171,13,212.55,0.67,68,3,Silver,1,2763.15,0
CUST_09160,295,36,353.26,0.43,9,2,Bronze,0,12717.36,0
CUST_09161,177,24,344.3,0.91,18,6,Bronze,0,8263.2,0
CUST_09162,237,41,341.37,0.76,59,6,Bronze,0,13996.17,0
CUST_09163,138,26,258.4,0.08,43,9,Gold,0,6718.4,0
CUST_09164,327,21,145.98,0.15,80,6,Bronze,0,3065.58,1
CUST_09165,311,18,316.3,0.08,66,8,Bronze,0,5693.4,1
CUST_09166,129,15,481.28,0.32,29,8,Bronze,0,7219.2,0
CUST_09167,49,15,418.64,0.44,48,3,Bronze,1,6279.6,0
CUST_09168,164,6,63.3,0.5,51,8,Bronze,0,379.8,0
CUST_09169,277,43,21.36,0.85,42,6,Bronze,0,918.48,0
CUST_09170,293,31,254.5,0.02,36,5,Bronze,1,7889.5,0
CUST_09171,116,28,390.16,0.43,76,8,Bronze,0,10924.48,0
CUST_09172,24,8,163.81,0.41,45,3,Bronze,0,1310.48,0
CUST_09173,311,29,353.61,0.95,98,0,Bronze,0,10254.69,0
CUST_09174,25,21,466.64,0.24,35,5,Bronze,0,9799.44,0
CUST_09175,127,17,234.9,0.12,6,0,Silver,0,3993.3,0
CUST_09176,234,49,129.64,0.14,37,9,Bronze,0,6352.36,0
CUST_09177,209,24,459.7,0.52,36,8,Bronze,0,11032.8,0
CUST_09178,93,36,241.41,0.39,84,4,Bronze,0,8690.76,0
CUST_09179,94,31,209.84,0.75,16,1,Gold,0,6505.04,0
CUST_09180,327,47,183.15,0.32,72,7,Bronze,0,8608.05,1
CUST_09181,225,34,217.28,0.13,22,9,Bronze,0,7387.52,1
CUST_09182,280,2,340.09,0.39,69,5,Bronze,0,680.18,1
CUST_09183,11,42,222.52,0.88,69,2,Bronze,0,9345.84,0
CUST_09184,329,3,168.87,0.41,63,1,Bronze,0,506.61,1
CUST_09185,12,30,374.38,0.83,75,9,Gold,0,11231.4,0
CUST_09186,35,8,109.46,0.37,19,3,Silver,0,875.68,0
CUST_09187,228,7,108.95,0.28,81,0,Bronze,0,762.65,1
CUST_09188,220,12,351.25,0.77,18,0,Bronze,0,4215.0,0
CUST_09189,141,19,434.69,0.21,73,4,Bronze,1,8259.11,0
CUST_09190,23,26,128.19,0.23,17,9,Bronze,1,3332.94,0
CUST_09191,83,28,103.65,0.05,41,8,Bronze,0,2902.2,0
CUST_09192,229,15,338.45,0.19,33,4,Bronze,0,5076.75,1
CUST_09193,344,14,314.19,0.38,84,5,Bronze,0,4398.66,1
CUST_09194,80,48,229.15,0.4,55,9,Bronze,0,10999.2,0
CUST_09195,353,14,56.97,0.42,82,8,Bronze,0,797.58,1
CUST_09196,290,3,54.97,0.48,24,2,Silver,0,164.91,1
CUST_09197,331,29,390.9,0.57,77,3,Bronze,0,11336.1,0
CUST_09198,159,6,231.37,0.19,40,1,Bronze,0,1388.22,0
CUST_09199,128,49,430.4,0.61,28,3,Bronze,0,21089.6,0
CUST_09200,190,23,291.62,0.34,67,7,Bronze,0,6707.26,0
CUST_09201,31,28,313.18,0.73,75,1,Bronze,1,8769.04,0
CUST_09202,359,14,467.76,0.56,39,3,Bronze,0,6548.64,1
CUST_09203,15,14,90.66,0.55,21,7,Silver,0,1269.24,0
CUST_09204,313,20,276.08,0.69,37,6,Gold,0,5521.6,1
CUST_09205,75,13,38.49,0.33,2,8,Bronze,0,500.37,0
CUST_09206,34,27,185.87,0.43,6,1,Silver,0,5018.49,0
CUST_09207,359,35,82.57,0.58,52,3,Bronze,0,2889.95,0
CUST_09208,196,45,102.04,0.42,5,8,Bronze,0,4591.8,0
CUST_09209,331,2,468.05,0.44,47,5,Bronze,0,936.1,1
CUST_09210,29,41,309.23,0.27,43,8,Silver,1,12678.43,0
CUST_09211,194,45,447.16,0.29,96,8,Gold,0,20122.2,0
CUST_09212,16,40,227.32,0.7,40,6,Silver,0,9092.8,0
CUST_09213,77,48,302.85,0.0,11,6,Silver,0,14536.8,0
CUST_09214,293,24,25.73,0.1,81,7,Bronze,0,617.52,1
CUST_09215,81,29,240.06,0.95,14,1,Silver,0,6961.74,0
CUST_09216,124,3,286.39,0.19,2,9,Bronze,0,859.17,1
CUST_09217,19,45,18.22,0.42,39,6,Silver,0,819.9,0
CUST_09218,102,4,396.85,0.85,63,5,Silver,0,1587.4,0
CUST_09219,77,2,154.76,0.0,63,6,Silver,0,309.52,1
CUST_09220,229,20,231.72,0.93,18,5,Bronze,1,4634.4,0
CUST_09221,297,15,272.46,0.05,97,2,Bronze,0,4086.9,1
CUST_09222,203,49,496.18,0.17,94,4,Bronze,0,24312.82,0
CUST_09223,61,32,58.6,0.03,79,2,Bronze,1,1875.2,0
CUST_09224,26,42,282.09,0.52,93,5,Silver,0,11847.78,0
CUST_09225,71,1,269.99,0.94,90,2,Bronze,0,269.99,0
CUST_09226,103,38,43.77,0.84,1,1,Gold,0,1663.26,0
CUST_09227,326,35,320.63,0.64,17,3,Silver,0,11222.05,0
CUST_09228,363,7,150.56,0.19,54,8,Bronze,0,1053.92,1
CUST_09229,157,45,60.85,0.87,39,0,Bronze,0,2738.25,0
CUST_09230,363,13,97.53,0.75,48,7,Bronze,0,1267.89,1
CUST_09231,359,49,413.57,0.27,66,4,Bronze,0,20264.93,1
CUST_09232,194,1,61.02,0.81,15,1,Gold,0,61.02,0
CUST_09233,275,14,238.79,0.88,22,8,Silver,0,3343.06,0
CUST_09234,324,29,105.68,0.7,20,1,Bronze,0,3064.72,0
CUST_09235,186,3,89.54,0.1,93,2,Bronze,0,268.62,1
CUST_09236,326,46,110.8,0.98,89,0,Silver,0,5096.8,0
CUST_09237,113,24,251.46,0.08,43,0,Silver,0,6035.04,0
CUST_09238,313,1,126.52,0.65,56,1,Silver,0,126.52,1
CUST_09239,165,48,57.4,0.11,24,1,Bronze,0,2755.2,0
CUST_09240,61,10,402.69,0.91,98,5,Gold,0,4026.9,0
CUST_09241,92,13,274.51,0.35,43,7,Silver,0,3568.63,0
CUST_09242,286,36,86.86,0.51,21,3,Bronze,0,3126.96,0
CUST_09243,153,9,241.0,0.18,48,2,Bronze,0,2169.0,0
CUST_09244,225,14,43.5,0.55,66,1,Bronze,1,609.0,0
CUST_09245,127,36,294.41,0.94,16,0,Gold,0,10598.76,0
CUST_09246,193,10,176.75,0.9,40,7,Bronze,0,1767.5,0
CUST_09247,115,40,60.73,0.06,21,6,Bronze,0,2429.2,0
CUST_09248,262,23,99.99,0.38,52,1,Bronze,1,2299.77,0
CUST_09249,18,35,179.39,0.27,8,6,Bronze,0,6278.65,0
CUST_09250,10,7,405.14,0.48,78,5,Bronze,0,2835.98,0
CUST_09251,92,42,95.14,0.83,55,7,Bronze,0,3995.88,0
CUST_09252,139,35,63.74,0.74,86,5,Gold,1,2230.9,0
CUST_09253,333,2,262.81,0.34,82,3,Silver,0,525.62,1
CUST_09254,357,15,283.76,0.38,58,7,Bronze,0,4256.4,1
CUST_09255,340,9,54.22,0.65,5,0,Bronze,1,487.98,0
CUST_09256,52,47,149.4,0.19,42,9,Gold,0,7021.8,0
CUST_09257,195,17,138.75,0.1,30,0,Bronze,0,2358.75,0
CUST_09258,206,39,101.25,0.24,95,3,Bronze,0,3948.75,0
CUST_09259,287,18,164.66,0.12,9,0,Bronze,1,2963.88,0
CUST_09260,93,15,28.18,0.35,95,4,Gold,0,422.7,0
CUST_09261,309,18,329.26,0.94,95,8,Silver,0,5926.68,0
CUST_09262,145,24,494.36,0.12,41,8,Bronze,0,11864.64,0
CUST_09263,86,23,320.68,0.82,51,8,Bronze,0,7375.64,0
CUST_09264,153,12,186.93,0.53,57,5,Gold,0,2243.16,0
CUST_09265,2,23,337.28,0.63,73,0,Bronze,1,7757.44,0
CUST_09266,342,21,290.04,0.17,61,9,Bronze,0,6090.84,1
CUST_09267,260,26,424.91,0.15,6,4,Bronze,0,11047.66,1
CUST_09268,164,8,314.72,0.16,26,9,Bronze,0,2517.76,1
CUST_09269,6,30,320.7,0.67,74,1,Bronze,0,9621.0,0
CUST_09270,149,34,118.62,0.75,6,0,Gold,0,4033.08,0
CUST_09271,205,2,213.66,0.92,53,4,Silver,0,427.32,0
CUST_09272,118,5,178.76,0.4,61,4,Bronze,0,893.8,0
CUST_09273,89,31,15.6,0.46,33,0,Silver,0,483.6,0
CUST_09274,154,33,163.51,0.47,45,6,Silver,0,5395.83,0
CUST_09275,167,4,248.17,0.27,94,2,Bronze,0,992.68,0
CUST_09276,161,6,303.93,0.33,40,5,Bronze,0,1823.58,0
CUST_09277,270,23,467.94,0.85,24,1,Bronze,0,10762.62,0
CUST_09278,56,45,127.17,0.34,92,8,Bronze,0,5722.65,0
CUST_09279,228,19,84.69,0.87,45,1,Bronze,0,1609.11,0
CUST_09280,337,43,436.03,0.31,38,1,Bronze,0,18749.29,0
CUST_09281,149,45,471.51,0.34,29,0,Bronze,1,21217.95,0
CUST_09282,46,8,249.1,0.56,79,0,Bronze,0,1992.8,0
CUST_09283,144,39,66.46,0.1,8,3,Bronze,0,2591.94,0
CUST_09284,238,13,247.84,0.92,64,6,Bronze,0,3221.92,0
CUST_09285,272,1,63.63,0.82,87,3,Gold,0,63.63,0
CUST_09286,120,6,442.76,0.67,73,4,Silver,0,2656.56,0
CUST_09287,340,7,356.99,0.99,51,5,Bronze,0,2498.93,1
CUST_09288,220,48,128.16,0.02,75,4,Bronze,0,6151.68,0
CUST_09289,8,27,444.48,0.41,6,4,Bronze,0,12000.96,0
CUST_09290,344,15,322.57,0.86,47,3,Silver,0,4838.55,0
CUST_09291,275,34,477.1,0.43,49,8,Gold,0,16221.4,1
CUST_09292,353,23,490.44,0.01,76,4,Bronze,0,11280.12,1
CUST_09293,66,48,11.61,0.16,98,8,Bronze,0,557.28,0
CUST_09294,79,49,68.9,0.43,85,3,Gold,1,3376.1,0
CUST_09295,86,24,277.99,0.67,32,8,Silver,0,6671.76,0
CUST_09296,124,15,478.37,0.16,54,4,Silver,0,7175.55,0
CUST_09297,202,35,497.17,0.45,36,7,Bronze,1,17400.95,0
CUST_09298,150,4,288.03,0.01,89,0,Bronze,0,1152.12,1
CUST_09299,46,44,95.16,0.48,99,3,Bronze,0,4187.04,0
CUST_09300,113,37,89.89,0.9,98,3,Bronze,0,3325.93,0
CUST_09301,91,17,384.29,0.6,19,1,Bronze,0,6532.93,0
CUST_09302,141,31,300.05,0.44,37,2,Gold,0,9301.55,0
CUST_09303,289,38,278.9,0.16,17,7,Bronze,0,10598.2,1
CUST_09304,218,10,238.22,0.2,80,7,Bronze,1,2382.2,0
CUST_09305,77,27,365.32,0.08,16,0,Gold,0,9863.64,0
CUST_09306,334,42,430.45,0.74,58,1,Bronze,0,18078.9,0
CUST_09307,152,6,158.45,0.08,44,3,Silver,0,950.7,1
CUST_09308,323,6,118.25,0.38,68,5,Bronze,1,709.5,0
CUST_09309,239,15,338.4,0.75,49,2,Bronze,0,5076.0,0
CUST_09310,115,4,458.22,0.71,94,6,Bronze,1,1832.88,0
CUST_09311,319,48,180.6,0.58,51,2,Bronze,0,8668.8,0
CUST_09312,94,40,143.5,0.57,98,7,Bronze,0,5740.0,0
CUST_09313,48,7,120.8,0.09,5,5,Bronze,0,845.6,0
CUST_09314,191,49,134.7,0.17,97,7,Silver,0,6600.3,0
CUST_09315,12,45,76.12,0.53,58,6,Bronze,0,3425.4,0
CUST_09316,156,47,302.42,0.35,46,4,Bronze,0,14213.74,0
CUST_09317,172,26,147.6,0.02,55,4,Silver,0,3837.6,0
CUST_09318,296,31,311.32,0.8,73,2,Bronze,1,9650.92,0
CUST_09319,177,2,50.69,0.65,17,3,Bronze,1,101.38,0
CUST_09320,341,28,66.57,0.33,12,7,Bronze,1,1863.96,0
CUST_09321,57,42,272.71,0.1,24,4,Silver,0,11453.82,0
CUST_09322,343,13,260.65,0.59,56,8,Bronze,1,3388.45,0
CUST_09323,340,18,143.04,0.35,55,2,Bronze,1,2574.72,0
CUST_09324,203,30,415.29,0.26,76,9,Gold,0,12458.7,0
CUST_09325,185,11,101.65,0.72,79,2,Bronze,0,1118.15,0
CUST_09326,121,13,186.72,0.33,16,7,Bronze,0,2427.36,0
CUST_09327,226,24,282.2,0.14,87,7,Bronze,0,6772.8,1
CUST_09328,202,29,434.93,0.48,82,6,Bronze,0,12612.97,0
CUST_09329,330,5,215.09,0.83,22,5,Bronze,1,1075.45,0
CUST_09330,363,35,205.31,0.85,44,6,Silver,0,7185.85,0
CUST_09331,356,19,293.97,0.85,95,6,Bronze,0,5585.43,1
CUST_09332,216,13,165.18,0.42,43,5,Bronze,0,2147.34,1
CUST_09333,43,5,357.49,0.79,79,8,Bronze,0,1787.45,0
CUST_09334,23,44,131.86,0.85,21,4,Bronze,1,5801.84,0
CUST_09335,155,14,413.37,0.46,8,4,Bronze,0,5787.18,0
CUST_09336,186,38,143.45,0.32,49,5,Bronze,0,5451.1,0
CUST_09337,249,22,496.42,0.7,6,9,Bronze,0,10921.24,0
CUST_09338,237,9,165.07,0.9,81,3,Silver,0,1485.63,0
CUST_09339,293,49,440.62,0.97,47,9,Silver,0,21590.38,0
CUST_09340,134,40,204.7,0.29,36,9,Bronze,0,8188.0,0
CUST_09341,321,26,130.57,0.96,92,8,Silver,1,3394.82,0
CUST_09342,22,45,120.82,0.5,23,1,Gold,1,5436.9,0
CUST_09343,361,5,426.59,0.31,31,2,Bronze,0,2132.95,1
CUST_09344,88,29,161.29,0.99,75,8,Gold,0,4677.41,0
CUST_09345,153,22,175.9,0.88,62,0,Bronze,0,3869.8,0
CUST_09346,125,49,106.53,0.69,84,4,Gold,0,5219.97,0
CUST_09347,79,3,481.05,0.89,96,2,Silver,1,1443.15,0
CUST_09348,346,28,129.92,0.68,81,2,Bronze,0,3637.76,0
CUST_09349,51,38,131.25,0.44,57,0,Bronze,0,4987.5,0
CUST_09350,216,14,472.51,0.95,70,7,Silver,0,6615.14,0
CUST_09351,176,47,451.44,0.96,65,2,Bronze,0,21217.68,0
CUST_09352,358,14,131.97,0.31,37,3,Bronze,1,1847.58,0
CUST_09353,253,43,433.72,0.35,68,4,Bronze,0,18649.96,0
CUST_09354,246,11,132.41,0.38,95,4,Bronze,0,1456.51,1
CUST_09355,227,9,51.39,0.82,75,1,Bronze,0,462.51,0
CUST_09356,106,38,411.98,0.79,17,6,Bronze,0,15655.24,0
CUST_09357,193,47,388.06,0.98,7,5,Bronze,0,18238.82,0
CUST_09358,316,44,154.39,0.47,52,6,Bronze,0,6793.16,0
CUST_09359,302,6,54.17,0.74,35,9,Silver,0,325.02,1
CUST_09360,36,1,111.16,0.86,2,9,Bronze,1,111.16,0
CUST_09361,204,25,387.82,0.22,40,2,Bronze,0,9695.5,0
CUST_09362,267,16,482.73,0.62,37,7,Bronze,0,7723.68,1
CUST_09363,268,15,136.91,0.55,57,5,Bronze,0,2053.65,1
CUST_09364,170,34,410.95,0.74,10,6,Bronze,1,13972.3,0
CUST_09365,39,17,121.69,0.7,76,8,Bronze,0,2068.73,0
CUST_09366,139,3,343.0,0.81,81,7,Bronze,0,1029.0,0
CUST_09367,292,3,50.97,0.31,46,7,Silver,0,152.91,1
CUST_09368,52,37,296.79,0.22,90,2,Silver,0,10981.23,0
CUST_09369,287,17,141.9,0.81,5,0,Bronze,0,2412.3,0
CUST_09370,289,49,463.66,0.36,5,0,Bronze,0,22719.34,0
CUST_09371,141,38,151.98,0.29,27,9,Bronze,0,5775.24,0
CUST_09372,146,1,205.24,0.34,5,1,Bronze,1,205.24,0
CUST_09373,314,7,421.93,0.07,61,7,Silver,0,2953.51,1
CUST_09374,184,26,224.75,0.77,8,9,Silver,0,5843.5,0
CUST_09375,152,47,126.82,0.72,31,5,Bronze,1,5960.54,0
CUST_09376,201,39,278.3,0.55,97,5,Silver,0,10853.7,0
CUST_09377,128,19,421.6,0.72,21,0,Silver,0,8010.4,0
CUST_09378,287,30,222.26,0.37,99,1,Silver,0,6667.8,0
CUST_09379,311,43,75.12,0.3,21,4,Silver,0,3230.16,0
CUST_09380,253,14,197.71,0.86,51,2,Silver,0,2767.94,0
CUST_09381,266,13,477.69,0.42,79,1,Silver,0,6209.97,1
CUST_09382,188,20,45.29,0.2,59,8,Bronze,0,905.8,1
CUST_09383,230,26,210.14,0.75,2,9,Silver,0,5463.64,0
CUST_09384,271,27,327.53,0.34,30,6,Bronze,0,8843.31,1
CUST_09385,259,25,48.47,0.21,58,0,Silver,0,1211.75,0
CUST_09386,299,9,179.03,0.03,92,0,Silver,0,1611.27,1
CUST_09387,198,41,470.88,0.97,81,2,Bronze,0,19306.08,0
CUST_09388,323,48,25.01,0.47,20,9,Bronze,0,1200.48,0
CUST_09389,56,12,378.35,0.16,40,5,Bronze,1,4540.2,0
CUST_09390,319,10,422.27,0.76,29,1,Bronze,0,4222.7,0
CUST_09391,203,6,145.76,0.89,5,7,Bronze,0,874.56,0
CUST_09392,271,34,115.21,0.53,89,3,Bronze,0,3917.14,0
CUST_09393,109,41,458.26,0.03,10,7,Bronze,1,18788.66,0
CUST_09394,116,19,384.36,0.37,83,6,Bronze,0,7302.84,0
CUST_09395,92,6,65.56,0.24,61,1,Bronze,0,393.36,0
CUST_09396,138,2,113.98,0.64,1,8,Bronze,1,227.96,0
CUST_09397,303,15,314.46,0.52,47,4,Bronze,0,4716.9,1
CUST_09398,57,17,215.51,0.36,98,5,Bronze,0,3663.67,0
CUST_09399,50,16,257.05,0.65,57,1,Bronze,1,4112.8,0
CUST_09400,71,28,476.26,0.58,14,2,Bronze,0,13335.28,0
CUST_09401,82,21,215.92,0.91,25,9,Silver,1,4534.32,0
CUST_09402,105,8,442.02,0.6,90,7,Silver,0,3536.16,0
CUST_09403,88,10,333.76,0.51,21,4,Bronze,0,3337.6,0
CUST_09404,2,10,69.59,0.82,16,9,Bronze,0,695.9,0
CUST_09405,360,10,374.81,0.2,74,0,Bronze,0,3748.1,1
CUST_09406,84,9,264.9,0.24,32,8,Gold,0,2384.1,0
CUST_09407,43,28,120.3,0.78,45,0,Silver,0,3368.4,0
CUST_09408,154,24,151.88,0.44,64,8,Bronze,0,3645.12,0
CUST_09409,327,19,283.09,0.41,84,9,Bronze,0,5378.71,1
CUST_09410,94,33,304.83,0.89,73,5,Bronze,0,10059.39,0
CUST_09411,298,4,484.41,0.61,60,6,Bronze,0,1937.64,1
CUST_09412,133,3,428.81,0.8,98,0,Silver,0,1286.43,0
CUST_09413,65,42,110.86,0.81,95,9,Bronze,0,4656.12,0
CUST_09414,290,12,389.26,0.12,19,0,Gold,0,4671.12,1
CUST_09415,257,18,14.06,0.65,47,4,Bronze,1,253.08,0
CUST_09416,213,23,73.61,0.95,95,1,Silver,0,1693.03,0
CUST_09417,148,20,107.85,0.48,64,9,Bronze,0,2157.0,0
CUST_09418,61,6,302.63,0.73,30,4,Bronze,0,1815.78,0
CUST_09419,149,34,105.4,0.57,47,4,Bronze,0,3583.6,0
CUST_09420,88,42,188.98,0.2,88,5,Silver,1,7937.16,0
CUST_09421,324,2,128.96,0.2,33,8,Silver,1,257.92,1
CUST_09422,278,30,175.33,0.43,82,5,Bronze,0,5259.9,0
CUST_09423,82,9,471.8,0.48,21,9,Gold,0,4246.2,0
CUST_09424,129,27,498.71,0.5,95,0,Silver,0,13465.17,0
CUST_09425,286,42,346.0,0.96,63,4,Bronze,0,14532.0,0
CUST_09426,353,34,290.43,0.1,42,1,Silver,1,9874.62,0
CUST_09427,280,40,357.14,0.38,61,7,Gold,0,14285.6,0
CUST_09428,270,24,388.11,0.51,43,6,Silver,0,9314.64,0
CUST_09429,292,49,372.12,0.96,68,5,Bronze,0,18233.88,0
CUST_09430,203,17,50.13,0.5,26,1,Bronze,0,852.21,0
CUST_09431,24,29,162.04,0.78,33,2,Bronze,0,4699.16,0
CUST_09432,351,36,178.28,0.75,33,8,Bronze,0,6418.08,0
CUST_09433,311,12,190.93,0.57,49,8,Gold,0,2291.16,1
CUST_09434,208,31,178.71,0.13,84,6,Silver,0,5540.01,1
CUST_09435,280,49,395.68,0.22,41,1,Bronze,0,19388.32,0
CUST_09436,205,9,376.33,0.24,72,6,Bronze,0,3386.97,1
CUST_09437,152,19,12.25,0.04,36,0,Bronze,0,232.75,0
CUST_09438,26,46,155.23,0.38,72,8,Bronze,0,7140.58,0
CUST_09439,194,46,315.6,0.61,95,8,Bronze,0,14517.6,0
CUST_09440,336,17,68.93,0.14,22,5,Bronze,0,1171.81,1
CUST_09441,238,2,44.89,0.18,47,9,Bronze,0,89.78,1
CUST_09442,321,40,415.92,0.71,83,0,Gold,0,16636.8,0
CUST_09443,75,5,231.82,0.17,20,7,Bronze,0,1159.1,0
CUST_09444,163,39,429.29,0.14,87,5,Bronze,1,16742.31,0
CUST_09445,299,48,413.54,0.98,24,8,Bronze,0,19849.92,0
CUST_09446,29,16,447.75,0.01,43,8,Bronze,0,7164.0,0
CUST_09447,165,17,33.65,0.33,88,6,Bronze,0,572.05,0
CUST_09448,337,27,101.2,0.03,73,3,Bronze,0,2732.4,1
CUST_09449,186,7,155.11,0.84,16,0,Silver,1,1085.77,0
CUST_09450,54,8,76.75,0.58,27,2,Bronze,0,614.0,0
CUST_09451,295,8,247.88,0.05,45,5,Bronze,0,1983.04,1
CUST_09452,42,23,401.5,0.62,37,0,Bronze,0,9234.5,0
CUST_09453,285,32,476.08,0.12,13,3,Bronze,1,15234.56,0
CUST_09454,138,43,445.89,0.5,51,7,Bronze,0,19173.27,0
CUST_09455,187,47,234.09,0.67,2,7,Bronze,0,11002.23,0
CUST_09456,204,18,321.88,0.15,76,5,Bronze,1,5793.84,0
CUST_09457,42,38,123.04,0.5,97,5,Bronze,0,4675.52,0
CUST_09458,350,12,207.47,0.46,87,2,Bronze,0,2489.64,1
CUST_09459,288,15,436.88,0.92,59,6,Bronze,0,6553.2,0
CUST_09460,26,28,24.31,1.0,14,7,Silver,0,680.68,0
CUST_09461,56,38,271.05,0.65,49,1,Bronze,0,10299.9,0
CUST_09462,253,31,437.67,0.85,30,4,Silver,0,13567.77,0
CUST_09463,122,9,69.78,0.65,98,5,Bronze,0,628.02,0
CUST_09464,106,8,491.45,0.88,9,0,Bronze,0,3931.6,0
CUST_09465,130,46,16.07,0.43,79,4,Bronze,0,739.22,0
CUST_09466,337,19,444.2,0.61,24,2,Silver,1,8439.8,0
CUST_09467,158,8,183.3,0.85,41,2,Bronze,0,1466.4,0
CUST_09468,231,34,75.02,0.92,60,5,Bronze,0,2550.68,0
CUST_09469,308,4,87.11,0.02,89,0,Bronze,0,348.44,1
CUST_09470,91,31,353.58,0.1,32,4,Bronze,0,10960.98,0
CUST_09471,22,38,436.65,0.93,47,4,Bronze,0,16592.7,0
CUST_09472,290,3,324.12,0.57,21,4,Bronze,0,972.36,1
CUST_09473,110,35,465.08,0.99,42,2,Bronze,0,16277.8,0
CUST_09474,49,19,422.81,0.79,70,5,Bronze,0,8033.39,0
CUST_09475,129,43,14.43,0.82,89,0,Silver,1,620.49,0
CUST_09476,73,29,338.02,0.39,2,9,Gold,0,9802.58,0
CUST_09477,340,10,159.27,0.26,31,0,Silver,1,1592.7,0
CUST_09478,53,12,232.71,0.6,56,1,Gold,0,2792.52,0
CUST_09479,356,46,56.08,0.88,30,3,Silver,0,2579.68,0
CUST_09480,168,30,148.23,0.73,63,9,Silver,0,4446.9,0
CUST_09481,45,30,320.02,0.47,15,8,Bronze,0,9600.6,0
CUST_09482,105,18,117.01,0.75,18,9,Bronze,0,2106.18,0
CUST_09483,150,24,327.29,0.69,32,7,Silver,0,7854.96,0
CUST_09484,146,32,462.29,0.91,14,9,Bronze,0,14793.28,0
CUST_09485,204,9,12.42,0.26,62,1,Gold,0,111.78,1
CUST_09486,362,47,395.03,0.12,82,0,Silver,0,18566.41,1
CUST_09487,299,24,324.25,0.47,99,3,Silver,0,7782.0,1
CUST_09488,167,26,32.85,0.36,52,4,Bronze,0,854.1,0
CUST_09489,201,3,397.18,0.97,22,1,Bronze,0,1191.54,0
CUST_09490,134,23,120.02,0.01,14,9,Bronze,0,2760.46,1
CUST_09491,211,11,140.25,0.93,78,5,Bronze,0,1542.75,0
CUST_09492,48,10,55.82,0.96,34,7,Gold,0,558.2,0
CUST_09493,126,36,271.85,0.05,86,4,Silver,1,9786.6,0
CUST_09494,239,13,254.13,0.89,80,3,Gold,1,3303.69,0
CUST_09495,7,29,180.12,0.47,56,6,Bronze,0,5223.48,0
CUST_09496,272,38,92.69,0.77,53,4,Bronze,0,3522.22,0
CUST_09497,37,13,420.6,0.08,49,7,Silver,0,5467.8,0
CUST_09498,211,26,439.43,0.96,63,6,Bronze,1,11425.18,0
CUST_09499,165,20,274.88,0.61,16,4,Gold,0,5497.6,0
CUST_09500,125,5,129.67,0.9,80,7,Bronze,0,648.35,0
CUST_09501,337,20,57.09,0.67,40,0,Bronze,0,1141.8,0
CUST_09502,192,14,435.59,0.54,38,7,Silver,0,6098.26,0
CUST_09503,218,45,57.07,0.17,18,2,Bronze,0,2568.15,0
CUST_09504,214,14,16.46,0.18,23,0,Bronze,1,230.44,0
CUST_09505,62,8,240.0,0.47,48,8,Bronze,0,1920.0,0
CUST_09506,328,48,368.32,0.87,82,5,Bronze,0,17679.36,0
CUST_09507,161,13,234.19,0.12,46,7,Bronze,0,3044.47,1
CUST_09508,66,24,35.19,1.0,22,9,Silver,0,844.56,0
CUST_09509,286,15,348.11,0.88,54,3,Bronze,0,5221.65,0
CUST_09510,239,1,324.74,0.39,40,1,Bronze,0,324.74,1
CUST_09511,20,22,343.95,0.25,30,5,Silver,0,7566.9,0
CUST_09512,188,34,113.49,0.92,55,1,Bronze,0,3858.66,0
CUST_09513,82,40,399.89,0.12,56,0,Bronze,0,15995.6,0
CUST_09514,363,3,244.79,0.35,42,6,Bronze,1,734.37,1
CUST_09515,202,26,272.81,0.08,42,6,Silver,0,7093.06,1
CUST_09516,132,14,277.46,0.95,62,5,Silver,0,3884.44,0
CUST_09517,37,41,150.54,0.62,82,1,Silver,0,6172.14,0
CUST_09518,132,8,132.57,0.34,53,4,Bronze,0,1060.56,0
CUST_09519,77,49,12.34,0.28,82,0,Bronze,0,604.66,0
CUST_09520,89,16,204.34,0.44,53,1,Bronze,0,3269.44,0
CUST_09521,253,42,247.7,0.09,64,4,Bronze,0,10403.4,0
CUST_09522,344,21,373.97,0.89,1,4,Silver,0,7853.37,0
CUST_09523,194,10,42.65,0.51,79,6,Silver,0,426.5,0
CUST_09524,176,25,462.75,0.73,69,4,Bronze,0,11568.75,0
CUST_09525,33,38,139.34,0.23,27,5,Bronze,0,5294.92,0
CUST_09526,58,22,189.69,0.5,17,1,Gold,0,4173.18,0
CUST_09527,201,49,33.7,0.21,63,4,Bronze,1,1651.3,0
CUST_09528,28,48,330.04,0.82,41,7,Silver,0,15841.92,0
CUST_09529,35,47,357.37,0.78,58,0,Bronze,0,16796.39,0
CUST_09530,125,46,465.11,0.15,57,9,Bronze,0,21395.06,0
CUST_09531,321,4,175.05,0.07,96,6,Bronze,0,700.2,1
CUST_09532,42,4,136.11,0.82,38,7,Bronze,0,544.44,0
CUST_09533,85,30,365.78,0.11,90,4,Bronze,0,10973.4,0
CUST_09534,188,2,356.33,0.55,66,3,Bronze,0,712.66,0
CUST_09535,111,29,469.19,0.53,92,0,Bronze,0,13606.51,0
CUST_09536,271,43,110.61,0.2,45,8,Silver,0,4756.23,1
CUST_09537,325,36,355.59,0.59,23,1,Bronze,0,12801.24,0
CUST_09538,105,21,42.77,0.5,20,4,Bronze,0,898.17,0
CUST_09539,320,21,245.38,0.51,36,6,Bronze,0,5152.98,1
CUST_09540,41,48,68.5,0.36,42,7,Silver,1,3288.0,0
CUST_09541,215,21,330.04,0.84,22,9,Silver,0,6930.84,0
CUST_09542,71,4,304.72,0.08,60,3,Silver,0,1218.88,0
CUST_09543,56,1,33.93,0.44,11,9,Bronze,0,33.93,0
CUST_09544,236,26,166.61,0.26,28,0,Silver,0,4331.86,0
CUST_09545,281,2,203.57,0.85,45,6,Gold,0,407.14,1
CUST_09546,105,9,131.55,0.23,22,9,Bronze,0,1183.95,0
CUST_09547,162,45,28.95,0.77,81,8,Bronze,0,1302.75,0
CUST_09548,191,18,166.22,0.61,63,0,Silver,0,2991.96,0
CUST_09549,9,48,398.39,0.87,31,0,Bronze,0,19122.72,0
CUST_09550,60,48,186.45,0.59,11,6,Silver,0,8949.6,0
CUST_09551,305,42,168.45,0.56,36,8,Bronze,1,7074.9,0
CUST_09552,225,41,471.46,0.8,78,4,Bronze,0,19329.86,0
CUST_09553,307,11,30.4,0.56,35,3,Bronze,0,334.4,1
CUST_09554,188,25,385.97,0.84,23,5,Bronze,0,9649.25,0
CUST_09555,70,26,246.72,0.05,29,8,Silver,0,6414.72,0
CUST_09556,293,36,472.79,0.5,23,1,Bronze,0,17020.44,0
CUST_09557,287,42,202.8,0.81,16,4,Bronze,0,8517.6,0
CUST_09558,169,35,356.94,0.85,84,3,Bronze,0,12492.9,0
CUST_09559,62,38,44.27,0.83,89,2,Bronze,1,1682.26,0
CUST_09560,349,3,465.1,0.6,19,4,Bronze,0,1395.3,1
CUST_09561,14,41,178.83,0.99,90,6,Bronze,1,7332.03,0
CUST_09562,164,35,266.76,0.18,96,2,Bronze,0,9336.6,0
CUST_09563,245,40,77.86,0.17,63,2,Bronze,0,3114.4,0
CUST_09564,335,22,473.32,0.03,50,5,Bronze,0,10413.04,1
CUST_09565,8,8,339.76,0.99,85,4,Gold,0,2718.08,0
CUST_09566,154,15,36.43,0.35,73,2,Bronze,0,546.45,0
CUST_09567,36,45,86.05,0.76,43,0,Bronze,1,3872.25,0
CUST_09568,48,7,205.92,0.06,19,9,Bronze,0,1441.44,0
CUST_09569,85,19,116.22,0.3,85,1,Bronze,0,2208.18,0
CUST_09570,28,40,159.27,0.62,18,2,Bronze,0,6370.8,0
CUST_09571,196,42,498.77,0.52,6,3,Bronze,0,20948.34,0
CUST_09572,208,17,332.74,0.21,35,4,Bronze,0,5656.58,1
CUST_09573,204,1,461.89,0.46,14,9,Bronze,1,461.89,0
CUST_09574,307,45,223.54,0.11,64,8,Silver,0,10059.3,1
CUST_09575,104,29,358.04,0.54,9,3,Bronze,1,10383.16,0
CUST_09576,230,13,235.25,0.1,35,8,Bronze,0,3058.25,1
CUST_09577,101,48,170.83,0.64,2,4,Bronze,0,8199.84,0
CUST_09578,29,29,264.39,0.16,6,2,Silver,0,7667.31,0
CUST_09579,127,41,219.38,0.55,99,6,Bronze,0,8994.58,0
CUST_09580,338,42,490.46,0.13,25,7,Gold,0,20599.32,1
CUST_09581,10,6,253.12,0.4,73,8,Gold,0,1518.72,0
CUST_09582,106,5,407.45,0.35,50,8,Gold,0,2037.25,0
CUST_09583,167,34,336.74,0.76,95,5,Gold,0,11449.16,0
CUST_09584,257,11,245.02,0.64,7,8,Bronze,0,2695.22,1
CUST_09585,295,9,242.33,0.94,63,2,Bronze,0,2180.97,0
CUST_09586,277,38,177.53,0.92,28,1,Bronze,1,6746.14,0
CUST_09587,65,40,62.42,0.72,2,4,Silver,0,2496.8,0
CUST_09588,271,41,383.12,0.77,65,6,Bronze,0,15707.92,0
CUST_09589,188,9,459.87,0.62,59,6,Bronze,0,4138.83,0
CUST_09590,317,8,116.8,0.69,24,5,Gold,1,934.4,0
CUST_09591,138,44,463.58,0.62,62,2,Bronze,0,20397.52,0
CUST_09592,343,40,123.83,0.31,99,5,Silver,0,4953.2,1
CUST_09593,105,3,269.74,0.35,71,0,Bronze,0,809.22,0
CUST_09594,34,13,178.37,0.57,38,2,Bronze,0,2318.81,0
CUST_09595,110,19,66.11,0.72,93,1,Bronze,0,1256.09,0
CUST_09596,33,34,35.89,0.41,62,3,Bronze,0,1220.26,0
CUST_09597,354,32,189.02,0.14,65,7,Silver,0,6048.64,1
CUST_09598,231,49,33.2,0.46,51,2,Bronze,0,1626.8,0
CUST_09599,317,16,61.06,0.96,94,5,Bronze,0,976.96,0
CUST_09600,266,36,79.73,0.21,52,9,Bronze,0,2870.28,1
CUST_09601,182,18,10.94,0.65,96,0,Gold,1,196.92,0
CUST_09602,340,14,85.09,0.98,74,3,Bronze,1,1191.26,0
CUST_09603,65,30,292.87,0.38,98,4,Bronze,0,8786.1,0
CUST_09604,333,2,411.57,0.89,63,4,Bronze,0,823.14,1
CUST_09605,1,13,104.78,0.86,11,0,Bronze,0,1362.14,0
CUST_09606,133,27,49.63,0.34,48,8,Bronze,0,1340.01,0
CUST_09607,80,17,367.46,0.1,54,4,Gold,1,6246.82,0
CUST_09608,271,31,14.0,0.18,91,8,Bronze,1,434.0,0
CUST_09609,241,15,369.74,0.37,50,6,Bronze,0,5546.1,1
CUST_09610,28,20,74.25,0.96,74,4,Silver,0,1485.0,0
CUST_09611,223,5,121.86,0.27,38,8,Bronze,0,609.3,1
CUST_09612,23,7,68.83,0.93,86,4,Bronze,0,481.81,0
CUST_09613,109,18,131.2,0.18,88,9,Silver,0,2361.6,0
CUST_09614,107,11,401.11,0.97,8,8,Bronze,0,4412.21,0
CUST_09615,145,32,74.95,0.29,6,4,Bronze,1,2398.4,0
CUST_09616,354,27,497.14,0.63,68,0,Bronze,1,13422.78,0
CUST_09617,139,26,170.28,0.07,69,6,Bronze,0,4427.28,0
CUST_09618,284,37,461.76,0.3,6,4,Bronze,0,17085.12,0
CUST_09619,298,45,103.12,0.21,32,4,Bronze,0,4640.4,0
CUST_09620,99,28,102.07,0.0,38,5,Bronze,0,2857.96,0
CUST_09621,317,2,287.01,0.16,57,5,Gold,0,574.02,1
CUST_09622,123,20,34.79,0.59,84,6,Bronze,0,695.8,0
CUST_09623,320,4,402.49,0.39,64,7,Bronze,0,1609.96,1
CUST_09624,287,13,225.41,0.72,54,0,Bronze,0,2930.33,0
CUST_09625,81,24,352.61,0.67,14,9,Bronze,1,8462.64,0
CUST_09626,10,48,95.57,0.8,64,2,Silver,0,4587.36,0
CUST_09627,8,38,324.76,0.87,50,5,Bronze,0,12340.88,0
CUST_09628,205,40,301.09,0.82,47,0,Silver,0,12043.6,0
CUST_09629,315,48,380.27,0.45,54,4,Gold,0,18252.96,0
CUST_09630,197,45,155.73,0.31,19,4,Bronze,0,7007.85,0
CUST_09631,198,29,467.25,0.5,75,9,Bronze,0,13550.25,0
CUST_09632,30,36,481.04,0.54,39,8,Silver,0,17317.44,0
CUST_09633,20,2,435.38,0.31,65,1,Silver,0,870.76,0
CUST_09634,48,41,290.3,0.54,99,6,Bronze,0,11902.3,0
CUST_09635,130,18,215.94,0.11,83,8,Bronze,1,3886.92,0
CUST_09636,293,49,38.42,0.23,60,7,Bronze,0,1882.58,0
CUST_09637,132,8,474.14,0.75,33,0,Gold,0,3793.12,0
CUST_09638,356,15,476.37,0.18,32,0,Bronze,0,7145.55,1
CUST_09639,54,41,19.16,0.14,36,1,Gold,1,785.56,0
CUST_09640,281,17,184.87,0.29,24,0,Bronze,0,3142.79,1
CUST_09641,265,23,441.22,0.37,43,7,Bronze,0,10148.06,1
CUST_09642,215,2,49.62,0.33,71,6,Silver,0,99.24,1
CUST_09643,290,6,106.32,0.37,71,5,Bronze,0,637.92,1
CUST_09644,43,29,489.55,0.14,46,1,Bronze,0,14196.95,0
CUST_09645,74,27,425.17,0.17,47,8,Silver,0,11479.59,0
CUST_09646,350,37,456.91,0.24,69,0,Silver,0,16905.67,1
CUST_09647,278,49,79.66,0.4,14,0,Bronze,0,3903.34,0
CUST_09648,326,34,113.54,0.34,45,1,Gold,0,3860.36,1
CUST_09649,242,18,306.65,0.79,52,6,Bronze,0,5519.7,0
CUST_09650,130,42,255.85,0.53,90,9,Bronze,1,10745.7,0
CUST_09651,350,10,156.27,0.58,50,0,Bronze,1,1562.7,0
CUST_09652,194,38,443.08,0.56,65,2,Bronze,0,16837.04,0
CUST_09653,32,44,451.68,0.4,77,9,Gold,0,19873.92,0
CUST_09654,106,17,152.93,0.98,64,7,Gold,1,2599.81,0
CUST_09655,204,13,86.32,0.04,23,6,Bronze,0,1122.16,1
CUST_09656,1,48,83.06,0.22,84,7,Gold,0,3986.88,0
CUST_09657,245,42,247.37,0.28,71,5,Bronze,1,10389.54,0
CUST_09658,72,27,75.13,0.88,70,7,Silver,0,2028.51,0
CUST_09659,306,2,241.94,0.92,59,4,Bronze,0,483.88,0
CUST_09660,15,34,236.35,0.85,73,8,Bronze,1,8035.9,0
CUST_09661,53,31,443.21,0.42,92,9,Bronze,0,13739.51,0
CUST_09662,8,23,155.14,0.91,74,0,Silver,0,3568.22,0
CUST_09663,330,7,284.72,0.1,54,6,Bronze,0,1993.04,1
CUST_09664,46,38,374.31,0.65,99,5,Gold,0,14223.78,0
CUST_09665,325,33,302.0,0.94,71,7,Silver,1,9966.0,0
CUST_09666,114,12,477.49,0.75,89,1,Bronze,0,5729.88,0
CUST_09667,147,45,305.12,0.28,94,0,Bronze,0,13730.4,0
CUST_09668,166,12,451.91,0.72,26,0,Bronze,1,5422.92,0
CUST_09669,139,19,130.08,0.29,44,1,Bronze,0,2471.52,0
CUST_09670,117,9,284.77,0.11,76,4,Bronze,0,2562.93,0
CUST_09671,299,10,276.22,0.72,13,6,Bronze,1,2762.2,0
CUST_09672,276,17,494.83,0.18,54,8,Bronze,0,8412.11,1
CUST_09673,277,40,110.21,0.11,40,3,Silver,0,4408.4,1
CUST_09674,338,39,79.09,0.55,4,8,Bronze,0,3084.51,1
CUST_09675,313,41,309.72,0.62,53,2,Bronze,0,12698.52,0
CUST_09676,178,10,119.61,0.05,1,5,Bronze,0,1196.1,1
CUST_09677,330,12,323.19,0.0,6,8,Silver,0,3878.28,1
CUST_09678,354,15,486.52,0.88,55,0,Bronze,0,7297.8,0
CUST_09679,154,31,473.79,0.12,66,3,Silver,0,14687.49,0
CUST_09680,201,15,123.24,0.58,91,4,Gold,0,1848.6,0
CUST_09681,115,28,93.74,0.95,18,5,Bronze,0,2624.72,0
CUST_09682,159,4,284.76,0.51,29,7,Bronze,0,1139.04,0
CUST_09683,42,36,297.52,0.14,53,1,Silver,1,10710.72,0
CUST_09684,247,1,334.5,0.39,33,5,Silver,0,334.5,1
CUST_09685,68,44,373.33,0.62,3,6,Bronze,0,16426.52,0
CUST_09686,326,34,304.47,0.76,20,5,Bronze,0,10351.98,0
CUST_09687,334,47,64.76,0.61,4,3,Bronze,0,3043.72,0
CUST_09688,196,17,397.18,0.03,82,5,Silver,0,6752.06,1
CUST_09689,90,39,48.96,0.14,8,3,Bronze,0,1909.44,0
CUST_09690,111,38,19.8,0.37,86,8,Bronze,0,752.4,0
CUST_09691,359,44,387.13,0.71,86,0,Bronze,0,17033.72,0
CUST_09692,145,33,278.7,0.58,83,8,Bronze,0,9197.1,0
CUST_09693,275,21,352.31,0.04,28,3,Gold,0,7398.51,1
CUST_09694,179,26,197.55,0.8,66,2,Bronze,0,5136.3,0
CUST_09695,241,46,15.44,0.61,73,4,Bronze,0,710.24,0
CUST_09696,326,36,172.2,0.89,99,2,Bronze,0,6199.2,0
CUST_09697,319,5,307.99,0.42,86,0,Gold,1,1539.95,0
CUST_09698,331,33,120.59,0.49,26,7,Bronze,0,3979.47,1
CUST_09699,153,1,347.02,0.41,34,8,Bronze,0,347.02,1
CUST_09700,104,6,399.26,0.72,71,5,Bronze,0,2395.56,0
CUST_09701,75,37,232.59,0.75,94,1,Bronze,0,8605.83,0
CUST_09702,128,2,439.1,0.72,49,5,Gold,0,878.2,0
CUST_09703,199,5,428.86,0.29,89,5,Gold,0,2144.3,1
CUST_09704,154,26,440.25,0.64,49,5,Gold,0,11446.5,0
CUST_09705,56,41,333.91,0.34,73,9,Bronze,0,13690.31,0
CUST_09706,278,47,159.35,0.83,27,8,Gold,0,7489.45,0
CUST_09707,345,13,245.81,0.06,65,3,Bronze,1,3195.53,1
CUST_09708,19,12,358.15,0.04,33,1,Bronze,0,4297.8,0
CUST_09709,159,5,113.18,0.1,72,7,Bronze,1,565.9,0
CUST_09710,26,2,372.03,0.2,49,5,Bronze,0,744.06,0
CUST_09711,169,4,278.56,0.04,63,9,Bronze,1,1114.24,0
CUST_09712,23,27,57.05,0.07,32,0,Silver,0,1540.35,0
CUST_09713,47,10,283.07,0.31,19,5,Silver,0,2830.7,0
CUST_09714,13,13,42.72,0.1,50,1,Bronze,0,555.36,0
CUST_09715,217,44,17.01,0.8,22,3,Bronze,0,748.44,0
CUST_09716,322,2,445.92,0.05,90,1,Silver,1,891.84,1
CUST_09717,194,26,250.06,0.91,67,3,Bronze,0,6501.56,0
CUST_09718,144,15,276.21,0.87,9,6,Silver,0,4143.15,0
CUST_09719,73,46,147.17,0.21,35,7,Silver,0,6769.82,0
CUST_09720,156,10,275.94,0.07,71,2,Silver,0,2759.4,1
CUST_09721,77,22,92.75,0.11,79,0,Silver,0,2040.5,0
CUST_09722,169,40,375.37,0.56,4,9,Silver,0,15014.8,0
CUST_09723,287,25,413.44,0.6,37,0,Gold,0,10336.0,0
CUST_09724,85,15,429.38,0.32,28,9,Silver,0,6440.7,0
CUST_09725,182,13,62.26,0.3,9,6,Bronze,0,809.38,1
CUST_09726,315,8,283.3,0.53,35,0,Bronze,0,2266.4,1
CUST_09727,297,21,406.29,0.31,25,2,Bronze,0,8532.09,1
CUST_09728,112,21,72.83,0.93,9,4,Gold,0,1529.43,0
CUST_09729,230,22,58.77,0.38,61,4,Gold,0,1292.94,0
CUST_09730,96,46,410.3,0.22,52,3,Silver,1,18873.8,0
CUST_09731,168,33,400.4,0.15,97,7,Bronze,0,13213.2,0
CUST_09732,156,45,229.86,0.63,17,2,Gold,0,10343.7,0
CUST_09733,105,27,63.76,0.33,76,7,Bronze,0,1721.52,0
CUST_09734,193,40,262.9,0.19,9,5,Bronze,1,10516.0,0
CUST_09735,330,22,203.45,0.28,54,3,Bronze,0,4475.9,1
CUST_09736,132,30,264.09,0.31,5,9,Gold,0,7922.7,0
CUST_09737,355,9,225.55,0.63,63,2,Bronze,0,2029.95,1
CUST_09738,138,45,288.57,0.17,47,9,Bronze,0,12985.65,0
CUST_09739,331,35,366.29,0.73,90,9,Bronze,0,12820.15,0
CUST_09740,270,18,389.68,0.3,19,1,Bronze,0,7014.24,1
CUST_09741,38,42,328.0,0.49,99,5,Silver,0,13776.0,0
CUST_09742,45,5,107.48,0.65,66,0,Bronze,0,537.4,0
CUST_09743,163,27,204.59,0.54,45,9,Bronze,1,5523.93,0
CUST_09744,331,6,44.9,0.66,71,7,Silver,0,269.4,1
CUST_09745,253,32,231.32,0.32,73,4,Bronze,0,7402.24,0
CUST_09746,169,8,485.47,0.96,86,6,Bronze,0,3883.76,0
CUST_09747,285,39,324.45,0.46,33,6,Gold,0,12653.55,0
CUST_09748,274,21,85.76,0.32,80,9,Bronze,0,1800.96,1
CUST_09749,20,18,141.6,0.3,43,5,Silver,0,2548.8,0
CUST_09750,239,14,41.64,0.04,88,4,Bronze,0,582.96,1
CUST_09751,270,15,99.38,0.68,72,1,Bronze,0,1490.7,0
CUST_09752,310,42,249.04,0.26,94,2,Bronze,0,10459.68,0
CUST_09753,31,26,178.98,0.96,26,2,Bronze,0,4653.48,0
CUST_09754,314,44,109.94,0.21,45,4,Bronze,0,4837.36,1
CUST_09755,104,32,81.83,0.53,35,1,Bronze,1,2618.56,0
CUST_09756,170,39,331.47,0.74,81,0,Silver,0,12927.33,0
CUST_09757,186,28,283.47,0.87,53,3,Bronze,0,7937.16,0
CUST_09758,128,39,422.89,0.16,10,9,Silver,0,16492.71,0
CUST_09759,210,43,99.79,0.99,41,2,Bronze,0,4290.97,0
CUST_09760,281,32,425.51,0.91,17,2,Bronze,0,13616.32,0
CUST_09761,253,13,293.18,0.96,71,9,Bronze,0,3811.34,0
CUST_09762,19,15,140.45,0.85,66,5,Bronze,0,2106.75,0
CUST_09763,200,18,144.04,0.88,11,8,Silver,0,2592.72,0
CUST_09764,220,39,201.29,0.6,63,9,Gold,0,7850.31,0
CUST_09765,136,6,235.46,0.85,67,9,Bronze,1,1412.76,0
CUST_09766,223,11,50.43,0.53,46,1,Gold,0,554.73,0
CUST_09767,3,32,422.58,0.54,20,4,Bronze,0,13522.56,0
CUST_09768,236,40,69.56,0.56,13,1,Bronze,0,2782.4,0
CUST_09769,342,20,246.9,1.0,87,5,Bronze,0,4938.0,0
CUST_09770,228,33,197.65,0.1,17,0,Bronze,0,6522.45,0
CUST_09771,142,40,261.02,0.81,93,0,Silver,0,10440.8,0
CUST_09772,9,8,444.87,0.27,32,8,Bronze,0,3558.96,0
CUST_09773,190,35,494.65,0.36,99,9,Bronze,0,17312.75,0
CUST_09774,350,5,19.93,0.08,99,4,Bronze,0,99.65,1
CUST_09775,165,35,202.69,0.35,98,8,Bronze,0,7094.15,0
CUST_09776,139,47,410.63,0.99,85,7,Silver,0,19299.61,0
CUST_09777,276,14,170.04,0.4,16,8,Bronze,0,2380.56,1
CUST_09778,291,21,328.03,0.67,23,8,Bronze,0,6888.63,1
CUST_09779,53,47,496.21,0.12,11,7,Bronze,1,23321.87,0
CUST_09780,175,24,326.92,0.92,14,2,Bronze,0,7846.08,0
CUST_09781,110,17,64.48,0.83,67,6,Bronze,1,1096.16,0
CUST_09782,203,18,423.04,0.39,71,3,Bronze,0,7614.72,0
CUST_09783,136,34,483.66,0.35,45,7,Gold,1,16444.44,0
CUST_09784,4,12,359.13,0.43,75,6,Bronze,0,4309.56,0
CUST_09785,155,16,215.34,0.4,33,8,Bronze,0,3445.44,0
CUST_09786,172,4,474.72,0.26,83,7,Bronze,0,1898.88,1
CUST_09787,358,25,484.6,0.99,45,2,Bronze,1,12115.0,0
CUST_09788,47,34,468.21,0.81,54,4,Bronze,0,15919.14,0
CUST_09789,94,28,211.79,0.27,51,2,Silver,0,5930.12,0
CUST_09790,48,46,396.96,0.98,87,8,Bronze,0,18260.16,0
CUST_09791,240,11,330.55,0.02,23,0,Bronze,0,3636.05,1
CUST_09792,347,13,98.06,0.44,29,6,Silver,0,1274.78,1
CUST_09793,213,31,272.4,0.57,6,8,Bronze,0,8444.4,0
CUST_09794,340,25,376.37,0.04,39,2,Bronze,0,9409.25,1
CUST_09795,324,39,449.0,0.16,5,6,Gold,0,17511.0,1
CUST_09796,139,10,432.67,0.26,96,6,Bronze,0,4326.7,0
CUST_09797,205,24,85.78,0.72,40,1,Silver,1,2058.72,0
CUST_09798,73,1,249.14,0.94,90,4,Silver,0,249.14,0
CUST_09799,4,25,244.35,0.62,78,9,Bronze,0,6108.75,0
CUST_09800,76,28,450.38,0.56,82,6,Gold,0,12610.64,0
CUST_09801,329,36,10.95,0.54,21,1,Bronze,0,394.2,0
CUST_09802,77,18,371.97,0.35,59,9,Bronze,0,6695.46,0
CUST_09803,304,6,313.13,0.83,89,9,Bronze,0,1878.78,1
CUST_09804,256,2,461.57,0.54,20,1,Bronze,0,923.14,1
CUST_09805,102,3,233.89,0.23,24,5,Bronze,1,701.67,0
CUST_09806,106,46,332.26,0.14,3,1,Bronze,0,15283.96,0
CUST_09807,333,8,486.65,0.99,86,9,Bronze,0,3893.2,1
CUST_09808,39,31,374.51,0.02,72,0,Bronze,1,11609.81,0
CUST_09809,314,48,43.02,0.93,57,2,Bronze,0,2064.96,0
CUST_09810,275,19,92.09,0.22,93,0,Bronze,0,1749.71,1
CUST_09811,88,6,412.51,0.66,71,5,Silver,0,2475.06,0
CUST_09812,211,14,174.05,0.3,70,3,Silver,0,2436.7,1
CUST_09813,77,3,355.9,0.86,70,1,Silver,0,1067.7,0
CUST_09814,77,48,352.91,0.54,76,6,Bronze,1,16939.68,0
CUST_09815,28,1,496.91,0.14,63,6,Bronze,0,496.91,0
CUST_09816,245,44,240.24,0.27,86,7,Bronze,0,10570.56,0
CUST_09817,66,30,371.54,0.32,47,6,Bronze,1,11146.2,0
CUST_09818,266,46,33.89,0.89,90,0,Bronze,0,1558.94,0
CUST_09819,205,19,236.67,0.77,89,2,Bronze,0,4496.73,0
CUST_09820,58,19,101.47,0.83,19,0,Bronze,1,1927.93,0
CUST_09821,201,9,421.88,0.05,99,1,Bronze,1,3796.92,0
CUST_09822,225,7,421.56,0.58,13,0,Gold,1,2950.92,0
CUST_09823,142,46,125.82,1.0,89,8,Bronze,0,5787.72,0
CUST_09824,84,37,165.96,0.79,45,6,Bronze,0,6140.52,0
CUST_09825,143,41,354.21,0.12,32,8,Bronze,0,14522.61,0
CUST_09826,352,7,371.75,0.68,30,7,Bronze,0,2602.25,1
CUST_09827,33,9,332.24,0.75,85,9,Bronze,0,2990.16,0
CUST_09828,152,4,498.38,0.51,42,1,Gold,0,1993.52,0
CUST_09829,158,25,435.65,0.08,72,0,Bronze,0,10891.25,0
CUST_09830,141,49,214.36,0.03,42,4,Bronze,1,10503.64,0
CUST_09831,251,12,170.22,0.94,7,6,Gold,0,2042.64,0
CUST_09832,303,6,302.46,0.26,3,1,Bronze,0,1814.76,1
CUST_09833,112,18,410.64,0.38,37,3,Silver,1,7391.52,0
CUST_09834,144,40,242.92,0.8,3,6,Silver,0,9716.8,0
CUST_09835,209,21,371.47,0.69,18,8,Bronze,0,7800.87,0
CUST_09836,224,15,19.39,0.97,42,5,Bronze,0,290.85,0
CUST_09837,43,3,463.66,0.09,9,6,Bronze,0,1390.98,0
CUST_09838,264,2,389.18,0.71,57,7,Bronze,0,778.36,1
CUST_09839,244,41,203.15,0.08,24,7,Gold,0,8329.15,1
CUST_09840,3,40,198.17,0.0,7,8,Bronze,1,7926.8,0
CUST_09841,125,4,60.41,0.12,97,9,Bronze,1,241.64,0
CUST_09842,268,32,409.92,0.62,89,1,Gold,0,13117.44,0
CUST_09843,84,2,386.63,0.68,42,6,Bronze,0,773.26,0
CUST_09844,16,46,318.82,0.44,98,1,Bronze,0,14665.72,0
CUST_09845,334,29,59.71,0.05,58,6,Bronze,0,1731.59,1
CUST_09846,59,2,138.55,0.63,85,8,Silver,0,277.1,0
CUST_09847,177,34,234.87,0.09,56,3,Silver,1,7985.58,0
CUST_09848,63,27,140.33,0.14,58,4,Silver,0,3788.91,0
CUST_09849,49,39,222.65,0.51,18,4,Silver,0,8683.35,0
CUST_09850,307,44,120.72,0.34,39,1,Silver,0,5311.68,0
CUST_09851,246,38,181.3,0.46,50,2,Silver,0,6889.4,0
CUST_09852,289,18,329.63,0.64,33,9,Bronze,0,5933.34,1
CUST_09853,286,36,447.26,0.16,28,0,Silver,0,16101.36,0
CUST_09854,332,19,198.67,0.89,56,2,Bronze,1,3774.73,0
CUST_09855,15,27,349.04,0.56,25,4,Bronze,0,9424.08,0
CUST_09856,338,45,76.05,0.02,14,8,Silver,0,3422.25,1
CUST_09857,255,20,275.0,0.63,55,0,Silver,0,5500.0,0
CUST_09858,92,21,461.64,0.46,84,5,Bronze,0,9694.44,0
CUST_09859,279,23,23.69,0.7,84,1,Bronze,0,544.87,0
CUST_09860,206,30,141.1,0.78,7,5,Bronze,0,4233.0,0
CUST_09861,94,25,74.92,0.94,4,9,Bronze,0,1873.0,0
CUST_09862,225,31,271.23,1.0,95,5,Bronze,0,8408.13,0
CUST_09863,301,27,343.02,0.55,30,0,Silver,0,9261.54,0
CUST_09864,318,34,38.31,0.56,62,4,Bronze,0,1302.54,0
CUST_09865,199,8,44.44,0.02,57,9,Bronze,0,355.52,1
CUST_09866,271,19,436.12,0.87,37,1,Bronze,0,8286.28,0
CUST_09867,234,41,233.55,0.03,55,0,Bronze,0,9575.55,0
CUST_09868,46,26,236.85,0.63,85,8,Bronze,0,6158.1,0
CUST_09869,64,28,472.84,0.1,65,5,Silver,0,13239.52,0
CUST_09870,230,4,166.9,0.29,52,0,Bronze,0,667.6,1
CUST_09871,249,31,449.54,0.14,3,9,Silver,0,13935.74,1
CUST_09872,246,16,487.38,0.14,77,8,Bronze,0,7798.08,1
CUST_09873,75,10,128.43,0.07,7,8,Silver,0,1284.3,0
CUST_09874,157,38,261.88,0.32,70,6,Silver,0,9951.44,0
CUST_09875,223,48,271.83,0.42,70,8,Silver,0,13047.84,0
CUST_09876,190,10,434.42,0.46,34,0,Bronze,1,4344.2,0
CUST_09877,52,45,158.91,0.44,96,2,Silver,0,7150.95,0
CUST_09878,88,9,401.04,0.52,16,7,Bronze,0,3609.36,0
CUST_09879,313,39,485.79,0.86,8,2,Bronze,0,18945.81,0
CUST_09880,339,36,421.76,0.63,21,7,Bronze,0,15183.36,0
CUST_09881,66,36,455.48,0.02,11,2,Bronze,0,16397.28,0
CUST_09882,150,19,357.09,0.17,50,3,Bronze,0,6784.71,0
CUST_09883,20,19,452.94,0.35,87,3,Bronze,0,8605.86,0
CUST_09884,33,12,90.78,0.95,6,4,Gold,0,1089.36,0
CUST_09885,328,13,359.06,0.08,15,9,Bronze,0,4667.78,1
CUST_09886,281,25,368.62,0.71,11,9,Bronze,0,9215.5,0
CUST_09887,46,36,225.2,0.03,27,3,Silver,0,8107.2,0
CUST_09888,73,25,49.07,0.36,79,6,Bronze,0,1226.75,0
CUST_09889,354,28,315.0,0.77,45,3,Bronze,1,8820.0,0
CUST_09890,313,42,35.42,0.34,38,0,Silver,0,1487.64,0
CUST_09891,343,39,197.38,0.43,4,4,Bronze,0,7697.82,1
CUST_09892,133,30,202.9,0.91,78,7,Bronze,0,6087.0,0
CUST_09893,55,5,499.47,0.07,45,5,Bronze,0,2497.35,0
CUST_09894,61,17,156.9,0.53,10,3,Bronze,0,2667.3,0
CUST_09895,345,18,412.02,0.37,54,3,Bronze,0,7416.36,1
CUST_09896,8,43,36.05,0.96,29,0,Bronze,1,1550.15,0
CUST_09897,272,47,269.59,0.79,12,9,Bronze,0,12670.73,0
CUST_09898,246,21,272.98,0.12,56,0,Bronze,0,5732.58,1
CUST_09899,176,22,318.09,0.93,40,2,Silver,0,6997.98,0
CUST_09900,116,39,406.9,0.21,84,3,Bronze,0,15869.1,0
CUST_09901,317,6,383.34,0.08,37,3,Gold,0,2300.04,1
CUST_09902,271,16,382.89,0.54,66,1,Bronze,0,6126.24,0
CUST_09903,193,2,221.82,0.74,20,8,Gold,0,443.64,0
CUST_09904,150,1,366.46,0.72,12,7,Bronze,0,366.46,0
CUST_09905,131,30,250.74,0.53,38,2,Bronze,0,7522.2,0
CUST_09906,102,43,42.81,0.49,30,1,Bronze,0,1840.83,0
CUST_09907,310,37,446.19,0.97,47,0,Bronze,0,16509.03,0
CUST_09908,270,48,446.18,0.82,82,9,Gold,0,21416.64,0
CUST_09909,292,23,168.21,0.7,74,8,Gold,0,3868.83,0
CUST_09910,210,1,457.81,0.2,71,4,Bronze,1,457.81,0
CUST_09911,361,19,381.41,0.82,42,7,Bronze,0,7246.79,1
CUST_09912,338,46,206.39,0.75,5,3,Gold,0,9493.94,0
CUST_09913,67,3,172.44,0.99,48,1,Silver,0,517.32,0
CUST_09914,10,2,487.82,0.13,93,4,Bronze,0,975.64,0
CUST_09915,49,37,359.19,0.72,99,7,Bronze,0,13290.03,0
CUST_09916,111,17,195.62,0.98,51,5,Bronze,0,3325.54,0
CUST_09917,321,28,324.57,0.46,12,7,Bronze,0,9087.96,1
CUST_09918,219,18,290.05,0.73,10,2,Bronze,0,5220.9,0
CUST_09919,57,33,267.02,0.98,37,4,Bronze,0,8811.66,0
CUST_09920,283,15,325.9,0.55,66,1,Bronze,0,4888.5,0
CUST_09921,113,22,273.44,0.7,67,2,Gold,0,6015.68,0
CUST_09922,133,41,330.85,0.02,14,6,Bronze,0,13564.85,0
CUST_09923,71,27,454.71,0.52,47,0,Silver,0,12277.17,0
CUST_09924,83,37,496.7,0.26,20,7,Silver,0,18377.9,0
CUST_09925,57,32,357.55,0.13,52,4,Gold,0,11441.6,0
CUST_09926,349,45,464.63,0.71,68,1,Bronze,0,20908.35,0
CUST_09927,271,19,430.62,0.04,26,2,Bronze,0,8181.78,1
CUST_09928,111,28,154.57,0.9,47,3,Bronze,0,4327.96,0
CUST_09929,357,28,467.12,0.52,79,1,Bronze,0,13079.36,1
CUST_09930,76,10,44.7,0.65,73,9,Bronze,0,447.0,0
CUST_09931,158,20,171.66,0.25,3,4,Bronze,1,3433.2,0
CUST_09932,20,25,323.57,0.18,2,6,Bronze,0,8089.25,0
CUST_09933,131,21,268.19,0.24,41,8,Bronze,0,5631.99,0
CUST_09934,329,14,275.78,0.23,30,0,Bronze,0,3860.92,1
CUST_09935,122,22,399.5,0.86,37,9,Gold,0,8789.0,0
CUST_09936,41,26,105.4,0.79,81,5,Gold,1,2740.4,0
CUST_09937,167,44,491.22,0.85,3,5,Bronze,1,21613.68,0
CUST_09938,130,11,224.35,0.73,9,0,Silver,0,2467.85,0
CUST_09939,23,7,475.42,0.64,8,1,Bronze,1,3327.94,0
CUST_09940,279,17,197.73,0.53,9,7,Silver,0,3361.41,1
CUST_09941,251,18,304.88,0.27,17,5,Silver,0,5487.84,1
CUST_09942,9,7,230.65,0.71,24,0,Bronze,0,1614.55,0
CUST_09943,13,20,341.21,0.14,72,9,Bronze,0,6824.2,0
CUST_09944,307,38,99.98,0.51,14,9,Silver,0,3799.24,1
CUST_09945,320,11,206.31,0.2,54,5,Bronze,1,2269.41,1
CUST_09946,52,44,43.51,0.5,80,9,Bronze,0,1914.44,0
CUST_09947,209,16,303.07,0.29,18,6,Bronze,0,4849.12,1
CUST_09948,38,27,481.71,0.05,88,1,Bronze,0,13006.17,0
CUST_09949,100,11,32.49,0.5,39,3,Silver,1,357.39,0
CUST_09950,193,16,333.22,0.18,47,6,Bronze,0,5331.52,1
CUST_09951,191,23,389.8,0.16,27,5,Bronze,0,8965.4,1
CUST_09952,51,12,114.42,0.38,92,7,Silver,0,1373.04,0
CUST_09953,141,40,143.81,0.36,71,5,Bronze,0,5752.4,0
CUST_09954,168,3,108.77,0.87,98,1,Bronze,0,326.31,0
CUST_09955,311,2,155.73,0.56,91,0,Bronze,0,311.46,1
CUST_09956,109,38,63.94,0.85,34,4,Bronze,0,2429.72,0
CUST_09957,207,48,191.47,0.15,19,9,Gold,0,9190.56,0
CUST_09958,300,24,190.78,0.36,6,9,Bronze,0,4578.72,1
CUST_09959,110,29,405.56,0.56,30,8,Silver,0,11761.24,0
CUST_09960,196,47,402.47,0.15,92,1,Bronze,0,18916.09,0
CUST_09961,152,46,400.39,0.13,12,6,Bronze,1,18417.94,0
CUST_09962,243,34,287.85,0.66,15,8,Bronze,1,9786.9,0
CUST_09963,128,20,169.68,0.65,39,3,Bronze,1,3393.6,0
CUST_09964,105,18,211.37,0.23,64,3,Bronze,0,3804.66,0
CUST_09965,10,14,165.69,0.23,64,9,Bronze,0,2319.66,0
CUST_09966,356,18,295.14,0.75,15,4,Gold,0,5312.52,1
CUST_09967,148,2,469.61,0.12,58,5,Gold,1,939.22,0
CUST_09968,364,1,149.4,0.92,67,6,Bronze,1,149.4,0
CUST_09969,140,20,234.84,0.94,1,8,Silver,1,4696.8,0
CUST_09970,190,34,331.01,0.87,7,5,Bronze,0,11254.34,0
CUST_09971,94,41,423.9,0.21,9,2,Bronze,1,17379.9,0
CUST_09972,229,41,134.13,0.02,1,1,Bronze,1,5499.33,0
CUST_09973,63,48,147.34,0.94,5,5,Gold,0,7072.32,0
CUST_09974,340,11,443.73,0.34,47,8,Silver,0,4881.03,1
CUST_09975,25,27,49.33,0.31,10,2,Bronze,0,1331.91,0
CUST_09976,268,23,306.67,0.26,2,3,Bronze,0,7053.41,1
CUST_09977,281,38,431.62,0.24,23,2,Silver,0,16401.56,0
CUST_09978,11,44,461.65,0.73,93,6,Bronze,0,20312.6,0
CUST_09979,320,3,16.22,0.91,56,3,Bronze,0,48.66,0
CUST_09980,201,12,191.14,0.79,19,5,Silver,0,2293.68,0
CUST_09981,126,30,136.06,0.67,38,5,Bronze,0,4081.8,0
CUST_09982,306,31,288.34,0.29,47,8,Bronze,0,8938.54,1
CUST_09983,190,23,320.1,0.55,84,4,Bronze,0,7362.3,0
CUST_09984,89,1,499.89,0.24,76,6,Bronze,0,499.89,0
CUST_09985,355,41,261.25,0.11,75,0,Bronze,1,10711.25,0
CUST_09986,116,20,280.22,0.12,99,7,Silver,0,5604.4,0
CUST_09987,352,6,213.01,0.6,52,1,Bronze,0,1278.06,1
CUST_09988,177,11,82.36,0.04,49,3,Bronze,0,905.96,1
CUST_09989,14,35,158.63,0.97,71,9,Bronze,0,5552.05,0
CUST_09990,257,4,131.02,1.0,23,6,Silver,0,524.08,0
CUST_09991,209,29,402.6,0.15,50,5,Bronze,0,11675.4,0
CUST_09992,281,10,277.45,0.43,17,3,Bronze,0,2774.5,1
CUST_09993,328,29,155.13,0.77,48,7,Bronze,0,4498.77,0
CUST_09994,325,38,249.66,0.96,2,6,Gold,0,9487.08,0
CUST_09995,105,1,117.24,0.89,69,5,Bronze,0,117.24,0
CUST_09996,147,40,100.71,0.25,62,4,Bronze,0,4028.4,0
CUST_09997,279,8,431.37,0.09,85,4,Bronze,0,3450.96,1
CUST_09998,9,38,472.96,0.29,13,6,Silver,0,17972.48,0
CUST_09999,118,17,49.21,0.44,61,5,Bronze,0,836.57,0
